-- phpMyAdmin SQL Dump
-- version 3.3.2deb1
-- http://www.phpmyadmin.net
--
-- Hostiteľ: localhost
-- Vygenerované:: 11.Jún, 2010 - 14:26
-- Verzia serveru: 5.1.41
-- Verzia PHP: 5.3.2-1ubuntu4.2

SET SQL_MODE="NO_AUTO_VALUE_ON_ZERO";


/*!40101 SET @OLD_CHARACTER_SET_CLIENT=@@CHARACTER_SET_CLIENT */;
/*!40101 SET @OLD_CHARACTER_SET_RESULTS=@@CHARACTER_SET_RESULTS */;
/*!40101 SET @OLD_COLLATION_CONNECTION=@@COLLATION_CONNECTION */;
/*!40101 SET NAMES utf8 */;

--
-- Databáza: `wasteland`
--

-- --------------------------------------------------------

--
-- Štruktúra tabuľky pre tabuľku `buildings`
--

CREATE TABLE IF NOT EXISTS `buildings` (
  `building_id` int(11) NOT NULL AUTO_INCREMENT,
  `building_place` int(11) NOT NULL,
  `building_x` int(11) NOT NULL,
  `building_y` int(11) NOT NULL,
  `building_name` varchar(255) COLLATE utf8_bin NOT NULL,
  PRIMARY KEY (`building_id`)
) ENGINE=MyISAM DEFAULT CHARSET=utf8 COLLATE=utf8_bin AUTO_INCREMENT=1 ;

--
-- Sťahujem dáta pre tabuľku `buildings`
--


-- --------------------------------------------------------

--
-- Štruktúra tabuľky pre tabuľku `dialogues`
--

CREATE TABLE IF NOT EXISTS `dialogues` (
  `dialogue_id` int(11) NOT NULL AUTO_INCREMENT,
  `dialogue_entry` int(11) NOT NULL,
  PRIMARY KEY (`dialogue_id`)
) ENGINE=MyISAM  DEFAULT CHARSET=latin1 AUTO_INCREMENT=3 ;

--
-- Sťahujem dáta pre tabuľku `dialogues`
--

INSERT INTO `dialogues` (`dialogue_id`, `dialogue_entry`) VALUES
(1, 1),
(2, 1);

-- --------------------------------------------------------

--
-- Štruktúra tabuľky pre tabuľku `dialogues_players`
--

CREATE TABLE IF NOT EXISTS `dialogues_players` (
  `player_id` int(11) NOT NULL,
  `npc_name` varchar(32) NOT NULL,
  `dialogue_position` int(11) NOT NULL
) ENGINE=MyISAM DEFAULT CHARSET=utf8;

--
-- Sťahujem dáta pre tabuľku `dialogues_players`
--

INSERT INTO `dialogues_players` (`player_id`, `npc_name`, `dialogue_position`) VALUES
(1, 'npc_morman', 9),
(1, 'npc_nolin', 1),
(1, 'npc_oran', 6),
(2, 'npc_ghost', 7),
(2, 'npc_ghost', 7),
(1, 'npc_arkral', 1),
(1, 'npc_ghost', 7),
(2, 'npc_ghost', 7),
(2, 'npc_ghost', 7),
(2, 'npc_ghost', 7),
(2, 'npc_ghost', 7),
(2, 'npc_arkral', 1),
(2, 'npc_oran', 6),
(2, 'npc_morman', 9),
(2, 'npc_nolin', 1),
(3, 'npc_ghost', 6),
(3, 'npc_ghost', 6);

-- --------------------------------------------------------

--
-- Štruktúra tabuľky pre tabuľku `dialogues_responses`
--

CREATE TABLE IF NOT EXISTS `dialogues_responses` (
  `npc_name` varchar(64) NOT NULL,
  `response_position` int(11) NOT NULL,
  `response_id` int(11) NOT NULL,
  `response_text` mediumtext CHARACTER SET utf8 NOT NULL,
  `response_jump_to_position` int(11) NOT NULL,
  PRIMARY KEY (`npc_name`,`response_position`,`response_id`)
) ENGINE=MyISAM DEFAULT CHARSET=latin1;

--
-- Sťahujem dáta pre tabuľku `dialogues_responses`
--

INSERT INTO `dialogues_responses` (`npc_name`, `response_position`, `response_id`, `response_text`, `response_jump_to_position`) VALUES
('npc_morman', 1, 1, 'Moje meno je {name}. Neviem ale, ako som sa sem dostal.', 1),
('npc_morman', 1, 2, 'Prečo žiješ v divočine? Predpokladal som, že kováč žije blízko mesta.', 2),
('npc_morman', 2, 1, 'O akom zle hovoríš?', 3),
('npc_morman', 3, 2, 'Zistilo sa, kto je vinný?', 4),
('npc_alen', 1, 1, 'Ukončiť konverzáciu', 1),
('npc_alen', 1, 2, 'Mám. Oran ma poslal. Povedal mi, že niekedy dávno spolu...', 0),
('npc_morman', 7, 2, 'Áno, je ti vďačný.', 8),
('npc_morman', 4, 1, 'A tu? Je tu všetko v poriadku?', 5),
('npc_morman', 5, 1, 'Pomôžem ti.', 7),
('npc_morman', 5, 2, 'Nehnevaj sa, ale na toto teraz namám čas.', 1),
('npc_morman', 2, 2, 'Portály?', 6),
('npc_nolin', 1, 1, 'Doniesol som ti meč od Mormana.', 2),
('npc_nolin', 2, 1, 'Ukončiť konverzáciu', 1),
('npc_morman', 7, 1, 'Ešte nie, ale pracujem na tom.', 0),
('npc_morman', 9, 1, 'Ukončiť konverzáciu', 9),
('npc_nolin', 1, 2, 'Ukončiť konverzáciu', 0),
('npc_morman', 8, 1, 'V poriadku, hneď sa tam vyberiem.', 11),
('npc_oran', 1, 1, 'Uhádol si. Ako ti môžem pomôcť?', 2),
('npc_oran', 2, 1, 'To bude asi úloha pre mňa. No dobre, pokúsim sa ti pomôcť.', 3),
('npc_oran', 3, 1, 'Ukončiť konverzáciu', 4),
('npc_oran', 4, 1, 'Nebolo to ľahké, ale môžeš sa vrátiť na farmu.', 5),
('npc_morman', 9, 2, 'Ukáž mi svoju ponuku', 10),
('npc_arkral', 1, 1, 'Ukáž mi svoju ponuku', 0),
('npc_arkral', 1, 2, 'Ukončiť konverzáciu', 1),
('npc_ghost', 1, 1, '...', 2),
('npc_ghost', 2, 1, 'Kde som? Kto si ty?', 3),
('npc_ghost', 3, 1, 'Možno som stratil pamäť, ale rozum nie.', 4),
('npc_ghost', 4, 1, 'Takže {name} z budúcnosti, čo? Ak by aj bola pravda, čo mi vraví hovoriaci plameň v lese, čo by som mohol urobiť ja, jednoduchý človek?', 5),
('npc_ghost', 5, 1, 'Ukončiť konverzáciu', 6),
('npc_morman', 11, 1, 'Zoberiem si meč', 9),
('npc_morman', 11, 2, 'Zoberiem si luk', 9),
('npc_oran', 5, 1, 'Ukončiť konverzáciu', 6),
('npc_ghost', 6, 1, 'Darí? Ešte stále neviem, prečo som tu a čo by som mal robiť.', 7),
('npc_ghost', 7, 1, 'Ukončiť konverzáciu', 0),
('npc_oran', 6, 1, 'Ukončiť konverzáciu', 6),
('npc_morman', 9, 3, 'Daj mi skúsenosti', 9),
('npc_oran', 1, 2, 'Nevie, o čom hovoríš', 1);

-- --------------------------------------------------------

--
-- Štruktúra tabuľky pre tabuľku `dialogues_responses_conditions`
--

CREATE TABLE IF NOT EXISTS `dialogues_responses_conditions` (
  `npc_name` varchar(64) NOT NULL,
  `position_id` int(11) NOT NULL,
  `response_id` int(11) NOT NULL,
  `condition_id` int(11) NOT NULL,
  `condition_type` int(11) NOT NULL,
  `condition_param1` varchar(64) NOT NULL,
  `condition_param2` varchar(64) NOT NULL,
  `condition_param3` varchar(64) NOT NULL
) ENGINE=MyISAM DEFAULT CHARSET=utf8;

--
-- Sťahujem dáta pre tabuľku `dialogues_responses_conditions`
--

INSERT INTO `dialogues_responses_conditions` (`npc_name`, `position_id`, `response_id`, `condition_id`, `condition_type`, `condition_param1`, `condition_param2`, `condition_param3`) VALUES
('npc_morman', 7, 2, 1, 2, 'prines_mec_nolinovi', '2', ''),
('npc_nolin', 1, 1, 1, 2, 'prines_mec_nolinovi', '1', ''),
('npc_oran', 1, 1, 1, 2, 'zabi_trolov', '1', '');

-- --------------------------------------------------------

--
-- Štruktúra tabuľky pre tabuľku `dialogue_positions`
--

CREATE TABLE IF NOT EXISTS `dialogue_positions` (
  `npc_name` varchar(64) NOT NULL,
  `position_id` int(11) NOT NULL,
  `position_text` mediumtext CHARACTER SET utf8 NOT NULL,
  `position_jump_to` int(11) NOT NULL,
  PRIMARY KEY (`npc_name`,`position_id`)
) ENGINE=MyISAM DEFAULT CHARSET=latin1;

--
-- Sťahujem dáta pre tabuľku `dialogue_positions`
--

INSERT INTO `dialogue_positions` (`npc_name`, `position_id`, `position_text`, `position_jump_to`) VALUES
('npc_morman', 1, 'Vitaj, priateľ. Už som ťa očakával. Som Morman, kováč.', 1),
('npc_morman', 2, 'Už som mal dosť zla rozmáhajúceho sa v mestách. Navyše, všetko sa zhoršilo po tom, ako sa otvorili portály.', 2),
('npc_morman', 3, 'Začalo sa to vraždami. Niektorí ľudia sa zbláznili, zabíjali v noci, náhodne. ', 3),
('npc_alen', 1, 'Dúfam, že máš veľmi dobrý dôvod otravovať ma.', 0),
('npc_alen', 2, 'Kto ti o tom hovoril?', 0),
('npc_alen', 3, 'Hmm, tak to ma prekvapuje. Obaja sme prisahali, že to nikomu nepovieme. Čo už...', 0),
('npc_morman', 4, 'Nikdy. Mali sme podozrenie, že za tým stoja čierni mágovia v Východu, ale nikto to nevedel dokázať. Vtedy som sa rozhodol, že mesto opustím a budem sa mu vyhýbať.', 4),
('npc_morman', 5, 'Síce sa tu mám lepšie, ale stávajú sa nablízku nezvyčajné veci. Zver je nervózna, napätie cítiť vo vzduchu. Niečo sa chystá. Teraz mi napadá, nemohol by si mi s niečím pomôcť? Potreboval by som odniesť do mesta Nolinovi tento meč. Ak mi pomôžeš, odvďačím sa ti.', 5),
('npc_morman', 6, 'Áno. Z času na čas sa v nich objavujú ľudia, ale nie podobný nám. Sú zlí. Majú zbrane. Veľa zbraní. Nemyslím si, že majú dobré úmysly.', 1),
('npc_morman', 7, 'Dal si už meč Nolinovi? Je to súrne.', 7),
('npc_nolin', 1, 'Kto si a čo tu chceš?', 1),
('npc_nolin', 2, 'Aha. No dobre, povedz Mormanovi, že mu ďakujem, vykonal skvelú prácu.', 2),
('npc_morman', 8, 'Ďakujem ti. Prijmi za odmenu tieto peniaze. Mal by som pre teba ďaľšiu úlohu. V mestečku Rivill žije môj známy, Oran. Počul som, že má nejaké problémy, ale neviem presne, aké. Choď, prosím ťa, za ním a zisti, čo ho trápi.', 8),
('npc_morman', 9, 'Vitaj, čo je nového?', 9),
('npc_oran', 1, 'Ahoj. Ty musíš byť ten dobrodruh, koho mi posiela Morman.', 1),
('npc_oran', 2, 'Som farmár. Žijem z toho, čo vypestujem. Mám farmu na západ nedaľeko odtiaľto. Pred mesiacom sa ale na farme objavili trolovia a vyhnali ma z nej. Potreboval by som sa ich zbaviť, inak budem hladovať.', 0),
('npc_oran', 3, 'Budem ti veľmi vďačný.', 0),
('npc_morman', 11, 'Pre prípad, že by si musel bojovať, ponúkam ti zbraň a brnenie. Vyber si, chceš meč alebo luk?', 0),
('npc_oran', 4, 'Zabil si tých trolov?', 4),
('npc_morman', 10, 'S ľuďmi ako ty je vždy radosť obchodovať.', 9),
('npc_arkral', 1, 'Dobrý deň. Ponúkam vám tie najlepšie lektvary v širokom okolí. Určite si vyberiete pre seba.', 1),
('npc_arkral', 2, 'Mojou prioritou je vždy spokojný zákazník.', 1),
('npc_ghost', 1, 'No konečne si sa prebral. Už tu čakám od rána.', 0),
('npc_ghost', 2, 'Vidím, že si ešte v šoku. Nevadí, pár dní to ešte potrvá.', 0),
('npc_ghost', 3, 'Si z toho zmätený, je to pochopiteľné. Cesta v čase väčšinou spôsobuje stratu pamäte.', 0),
('npc_ghost', 4, 'Nemáme veľa času, tak ti to vysvetlím len stručne. Voláš sa {name}. Prišiel si sem z budúcnosti. Narodíš sa až o dvanásť rokov neďaleko odtiaľto. Poslali ťa sem, pretože nášmu svetu hrozí zánik.', 0),
('npc_ghost', 5, 'Zatiaľ ti stačí vedieť toľko, že nie si obyčajný človek. Dokážeš to zastaviť. Ale má svoj správny čas. V prvom rade sa porozprávaj s Mormanom. Nájdeš ho tu v tábore. Ešte sa uvidíme.', 0),
('npc_ghost', 6, 'Zdá sa mi, že sa ti tu darí.', 0),
('npc_oran', 5, 'Ďakujem, tu je tvoja odmena.', 0),
('npc_ghost', 7, 'V poriadku, myslím, že ti dĺžim vysvetlenie. ', 0),
('npc_oran', 6, 'Nehnevaj sa, ale práve obnovuje svoju farmu a nemám čas.', 0);

-- --------------------------------------------------------

--
-- Štruktúra tabuľky pre tabuľku `dialogue_responses_actions`
--

CREATE TABLE IF NOT EXISTS `dialogue_responses_actions` (
  `npc_name` varchar(64) NOT NULL,
  `position_id` int(11) NOT NULL,
  `response_id` int(11) NOT NULL,
  `action_id` int(11) NOT NULL,
  `action_type` int(11) NOT NULL,
  `action_param1` varchar(64) NOT NULL,
  `action_param2` varchar(64) NOT NULL,
  `action_param3` varchar(64) NOT NULL
) ENGINE=MyISAM DEFAULT CHARSET=utf8;

--
-- Sťahujem dáta pre tabuľku `dialogue_responses_actions`
--

INSERT INTO `dialogue_responses_actions` (`npc_name`, `position_id`, `response_id`, `action_id`, `action_type`, `action_param1`, `action_param2`, `action_param3`) VALUES
('npc_arkral', 1, 2, 1, 6, '', '', ''),
('npc_morman', 9, 2, 1, 9, '', '', ''),
('npc_alen', 1, 1, 1, 1, '0', '0', '0'),
('npc_morman', 5, 1, 1, 1, 'prines_mec_nolinovi', '0', '0'),
('npc_morman', 7, 2, 1, 3, 'prines_mec_nolinovi', '', ''),
('npc_nolin', 2, 1, 1, 6, '', '', ''),
('npc_nolin', 1, 1, 1, 3, 'prines_mec_nolinovi', '', ''),
('npc_morman', 5, 1, 2, 6, '', '', ''),
('npc_morman', 7, 1, 1, 6, '', '', ''),
('npc_ghost', 7, 1, 1, 6, '', '', ''),
('npc_morman', 9, 1, 1, 6, '', '', ''),
('npc_nolin', 1, 2, 1, 6, '', '', ''),
('npc_morman', 8, 1, 1, 1, 'zabi_trolov', '', ''),
('npc_morman', 11, 1, 1, 10, 'sedliacke_oblecenie', '', ''),
('npc_oran', 3, 1, 1, 6, '', '', ''),
('npc_oran', 2, 1, 1, 3, 'zabi_trolov', '', ''),
('npc_oran', 5, 1, 1, 11, 'npc_ghost', '', ''),
('npc_oran', 4, 1, 2, 3, 'zabi_trolov', '', ''),
('npc_oran', 4, 1, 4, 7, '200', '', ''),
('npc_oran', 4, 1, 5, 8, '50', '', ''),
('npc_arkral', 1, 1, 1, 9, '', '', ''),
('npc_ghost', 5, 1, 1, 6, '', '', ''),
('npc_morman', 11, 1, 2, 6, '', '', ''),
('npc_morman', 11, 2, 1, 6, '', '', ''),
('npc_morman', 11, 2, 2, 10, 'kratky_luk', '', ''),
('npc_morman', 11, 2, 5, 10, 'sedliacke_oblecenie', '', ''),
('npc_morman', 11, 2, 4, 10, 'sipy', '30', ''),
('npc_morman', 11, 1, 3, 10, 'hrdzavy_mec', '', ''),
('npc_oran', 6, 1, 1, 6, '', '', ''),
('npc_morman', 9, 3, 1, 7, '1000', '', ''),
('npc_oran', 1, 2, 1, 6, '', '', '');

-- --------------------------------------------------------

--
-- Štruktúra tabuľky pre tabuľku `fights`
--

CREATE TABLE IF NOT EXISTS `fights` (
  `fight_npc` varchar(64) COLLATE utf8_bin NOT NULL,
  `fight_creature_hp` int(11) NOT NULL DEFAULT '0',
  `fight_player` int(11) NOT NULL DEFAULT '0',
  `fight_id` int(11) NOT NULL AUTO_INCREMENT,
  `fight_history` longtext COLLATE utf8_bin NOT NULL,
  `fight_player_ap` int(11) NOT NULL,
  PRIMARY KEY (`fight_id`)
) ENGINE=MyISAM  DEFAULT CHARSET=utf8 COLLATE=utf8_bin AUTO_INCREMENT=111 ;

--
-- Sťahujem dáta pre tabuľku `fights`
--


-- --------------------------------------------------------

--
-- Štruktúra tabuľky pre tabuľku `fights_modifiers`
--

CREATE TABLE IF NOT EXISTS `fights_modifiers` (
  `id` int(11) NOT NULL AUTO_INCREMENT,
  `fight` int(11) NOT NULL,
  `fighter` int(11) NOT NULL,
  `name` varchar(128) COLLATE utf8_bin NOT NULL,
  `duration` int(11) NOT NULL,
  `damage_instant` int(11) NOT NULL,
  `damage_bonus` int(11) NOT NULL,
  `defense_bonus` int(11) NOT NULL,
  `heal` int(11) NOT NULL,
  PRIMARY KEY (`id`)
) ENGINE=MyISAM  DEFAULT CHARSET=utf8 COLLATE=utf8_bin AUTO_INCREMENT=115 ;

--
-- Sťahujem dáta pre tabuľku `fights_modifiers`
--

INSERT INTO `fights_modifiers` (`id`, `fight`, `fighter`, `name`, `duration`, `damage_instant`, `damage_bonus`, `defense_bonus`, `heal`) VALUES
(114, 95, 0, 'Tvrdá koža', 3, 0, 0, 10, 0);

-- --------------------------------------------------------

--
-- Štruktúra tabuľky pre tabuľku `items`
--

CREATE TABLE IF NOT EXISTS `items` (
  `id` int(11) NOT NULL AUTO_INCREMENT,
  `player_id` int(11) NOT NULL DEFAULT '0',
  `on_ground` int(11) NOT NULL DEFAULT '0',
  `equipped` enum('0','helmet','amulet','armor','weapon1','weapon2') COLLATE utf8_bin NOT NULL DEFAULT '0',
  `class` varchar(32) COLLATE utf8_bin NOT NULL,
  `sockets` tinyint(4) NOT NULL DEFAULT '0',
  `runes` varchar(18) COLLATE utf8_bin NOT NULL,
  `upgrades` tinyint(4) NOT NULL DEFAULT '0',
  `damage_min` int(11) NOT NULL DEFAULT '0',
  `damage_max` int(11) NOT NULL DEFAULT '0',
  `armor` int(11) NOT NULL DEFAULT '0',
  `ap_cost` tinyint(16) NOT NULL DEFAULT '0',
  `min_str` tinyint(16) NOT NULL DEFAULT '0',
  `min_lvl` tinyint(4) NOT NULL DEFAULT '0',
  `quantity` int(11) NOT NULL DEFAULT '0',
  `spotreba` smallint(6) NOT NULL DEFAULT '1',
  `map_x` smallint(11) NOT NULL DEFAULT '-1',
  `map_y` smallint(11) NOT NULL DEFAULT '-1',
  `weight` smallint(6) NOT NULL DEFAULT '0',
  `modifier_left` varchar(64) COLLATE utf8_bin NOT NULL,
  `modifier_right` varchar(64) COLLATE utf8_bin NOT NULL,
  UNIQUE KEY `id` (`id`),
  KEY `player_id` (`player_id`)
) ENGINE=MyISAM  DEFAULT CHARSET=utf8 COLLATE=utf8_bin AUTO_INCREMENT=25 ;

--
-- Sťahujem dáta pre tabuľku `items`
--

INSERT INTO `items` (`id`, `player_id`, `on_ground`, `equipped`, `class`, `sockets`, `runes`, `upgrades`, `damage_min`, `damage_max`, `armor`, `ap_cost`, `min_str`, `min_lvl`, `quantity`, `spotreba`, `map_x`, `map_y`, `weight`, `modifier_left`, `modifier_right`) VALUES
(11, 1, 0, 'weapon1', 'hrdzavy_mec', 96, 'CaCaCaCaCa', 0, 1, 3, 0, 2, 0, 1, 0, 1, 0, 0, 4, '', ''),
(13, 1, 1, '0', 'sedliacke_oblecenie', 0, '', 0, 0, 0, 3, 0, 1, 1, 0, 1, 22, 22, 1, '', ''),
(10, 1, 0, 'armor', 'sedliacke_oblecenie', 0, '', 0, 0, 0, 3, 0, 1, 1, 0, 1, 0, 0, 1, '', ''),
(14, 1, 1, '0', 'hrdzavy_mec', 0, '', 0, 1, 3, 0, 2, 3, 1, 0, 1, 22, 22, 10, '', ''),
(15, 1, 1, '0', 'sedliacke_oblecenie', 0, '', 0, 0, 0, 3, 0, 1, 1, 0, 1, 22, 22, 1, '', ''),
(16, 1, 1, '0', 'hrdzavy_mec', 0, '', 0, 1, 3, 0, 2, 3, 1, 0, 1, 22, 22, 10, '', ''),
(18, 1, 0, '0', 'kratky_luk', 0, '', 0, 4, 7, 0, 6, 3, 1, 0, 1, 0, 0, 2, '', ''),
(19, 1, 0, '0', 'sedliacke_oblecenie', 0, '', 0, 0, 0, 3, 0, 1, 1, 0, 1, 0, 0, 1, '', ''),
(20, 1, 0, '0', 'sipy', 0, '', 0, 0, 0, 0, 0, 0, 0, 30, 1, 0, 0, 0, '', ''),
(21, 1, 0, '0', 'sedliacke_oblecenie', 0, '', 0, 0, 0, 3, 0, 1, 1, 0, 1, 0, 0, 1, '', ''),
(22, 1, 0, '0', 'hrdzavy_mec', 0, '', 0, 1, 3, 0, 2, 3, 1, 0, 1, 0, 0, 10, '', ''),
(23, 2, 0, 'armor', 'sedliacke_oblecenie', 0, '', 0, 0, 0, 3, 0, 1, 1, 0, 1, 0, 0, 1, '', ''),
(24, 2, 0, 'weapon1', 'hrdzavy_mec', 0, '', 0, 1, 3, 0, 2, 3, 1, 0, 1, 0, 0, 10, '', '');

-- --------------------------------------------------------

--
-- Štruktúra tabuľky pre tabuľku `item_classes`
--

CREATE TABLE IF NOT EXISTS `item_classes` (
  `class` varchar(32) COLLATE utf8_bin NOT NULL,
  `type` enum('helm','body_armor','amulet','weapon_melee','weapon_ranged','weapon_alien','ammo','potion','rune','other') COLLATE utf8_bin NOT NULL,
  `attack_type` enum('single','splash2','splash3','splash4') COLLATE utf8_bin NOT NULL DEFAULT 'single',
  `print_name` varchar(32) COLLATE utf8_bin NOT NULL,
  `image` varchar(64) COLLATE utf8_bin NOT NULL,
  `description` text COLLATE utf8_bin NOT NULL,
  `rarity` smallint(6) NOT NULL DEFAULT '100',
  `ammo` enum('no','9mm','223cal','benzin','brokove_naboje','rakety','sipky','sipy') COLLATE utf8_bin NOT NULL DEFAULT 'no',
  `base_weight` smallint(6) NOT NULL DEFAULT '0',
  `base_ap_cost` tinyint(4) NOT NULL DEFAULT '0',
  `base_dmg_min` smallint(6) NOT NULL DEFAULT '0',
  `base_dmg_max` smallint(6) NOT NULL DEFAULT '0',
  `base_armor` smallint(6) NOT NULL DEFAULT '0',
  `base_min_str` tinyint(4) NOT NULL DEFAULT '0',
  `base_min_lvl` tinyint(4) NOT NULL DEFAULT '0',
  `base_spotreba` smallint(6) NOT NULL DEFAULT '1',
  UNIQUE KEY `class` (`class`)
) ENGINE=MyISAM DEFAULT CHARSET=utf8 COLLATE=utf8_bin;

--
-- Sťahujem dáta pre tabuľku `item_classes`
--

INSERT INTO `item_classes` (`class`, `type`, `attack_type`, `print_name`, `image`, `description`, `rarity`, `ammo`, `base_weight`, `base_ap_cost`, `base_dmg_min`, `base_dmg_max`, `base_armor`, `base_min_str`, `base_min_lvl`, `base_spotreba`) VALUES
('9mmmauser', 'weapon_alien', 'single', 'Mauser 9mm', 'alien_weapons/9mmmauser.gif', 'Pištoľ Mauser M/96 ráže 9x19 mm Parabellum. Neobyčajne presná, no cudzincami len zriedkavo používaná strelná zbraň.', 60, '9mm', 2, 5, 6, 7, 0, 5, 2, 1),
('9mm_pistol', 'weapon_alien', 'single', '9mm Pištoľ', 'alien_weapons/9mm_pistol.gif', 'Keď držíš v ruke túto pištoľ značky Colt ráže 9mm, ktorý dokáže v jedinej sekunde rozhádzať tvoj mozog po širokom okolí a zbaviť ťa všetkých problémov, núti ťa to zamyslieť sa. Som na tomto svete šťastný?', 60, '9mm', 2, 5, 7, 12, 0, 5, 2, 1),
('9mm_sportova_puska', 'weapon_alien', 'single', 'Športová puška 9mm', 'alien_weapons/9mm_sportova_puska.gif', 'Puška značky Red Ryder používaná pri športovej streľbe. Rýchlosť projektilov je nižšia ako pri iných puškách, no na krátke vzdialenosti je použiteľná aj v boji.', 60, '9mm', 2, 5, 3, 10, 0, 5, 2, 1),
('223pistol', 'weapon_alien', 'single', '.223 Pištoľ', 'alien_weapons/223pistol.gif', 'Zrezaná puška ráže .223 je výnimočnou jednoručnou zbraňou vyrobenou s láskou a starostlivosťou. Táto zbraň má dve strany a ty si si istý, že na tej nesprávnej by si stáť určite nechcel.', 67, '223cal', 2, 5, 28, 35, 0, 6, 6, 1),
('ak47', 'weapon_alien', 'splash3', 'AK-47 Kalašnikov', 'alien_weapons/ak47.gif', 'AK-47, familiárne nazývaná podľa svojho vynálezcu Kalašnikov je univerzálna, veľmi kvalitná automatická zbraň. Počas Veľkej vojny to bol primárny bojový nástroj. Pre naozaj intenzívnu zábavu je schopná vystreliť cez 30 rán za sekundu.', 67, '223cal', 7, 6, 36, 50, 0, 7, 7, 10),
('automaticka_brokovnica', 'weapon_alien', 'splash2', 'Automatická brokovnica', 'alien_weapons/automaticka_brokovnica.gif', 'Ideálna voľba, keď chceš absolútne naisto zavraždiť každého hajzla v miestnosti. Automatická bojová brokovnica je najlepším priateľom každého sociopata.', 70, 'brokove_naboje', 7, 6, 42, 60, 0, 7, 9, 5),
('bazooka', 'weapon_alien', 'splash4', 'Bazooka', 'alien_weapons/bazooka.gif', 'Raketomet Rockwell BigBazoka. S luxusnou 1.5kg spúšťou. Upozornenie: nepoužívať v uzavretých priestoroch!', 90, 'rakety', 16, 7, 65, 165, 0, 8, 16, 1),
('bozar_gulomet', 'weapon_alien', 'splash3', 'Bozar guľomet', 'alien_weapons/bozar_gulomet.gif', 'Táto zbraň je vrcholovým výrobkom vo svojej kategórii. Jej presnosť a extrémna účinnosť vyvažuje zvýšené nároky na údržbu. Nie je vhodná na poľovníctvo.', 85, '223cal', 14, 6, 62, 80, 0, 9, 15, 10),
('brokovnica', 'weapon_alien', 'single', 'Dvojhlavňová brokovnica', 'alien_weapons/brokovnica.gif', 'Dvojhlavňová brokovnica Winchester widow-maker. Mala by patriť k základnej výbave každého cestovateľa v povojnovom svete.', 63, 'brokove_naboje', 7, 5, 15, 28, 0, 7, 7, 1),
('desert_eagle', 'weapon_alien', 'single', 'Magnum Desert Eagle', 'alien_weapons/desert_eagle.gif', 'Kultová pištoľ Desert Eagle je snom každého dieťaťa hlavne kvôli svojmu štýlovému vzhľadu a zvuku. Predĺžená hlaveň dodáva pocit istoty a navyŠe zvyšuje presnosť.', 63, '223cal', 2, 5, 15, 19, 0, 5, 5, 1),
('fnfal_tazky_samopal', 'weapon_alien', 'splash3', 'FN-FAL ťažký samopal', 'alien_weapons/fnfal_tazky_samopal.gif', 'Univerzálna automatická puška vhodná do akéhokoľvek terénu, alebo taktickej situácie. Počas veľkej vojny bola veľmi často používaná cudzincami.', 70, '223cal', 9, 6, 40, 52, 0, 7, 10, 10),
('lahky_samopal', 'weapon_alien', 'splash2', 'Ľahký samopal', 'alien_weapons/lahky_samopal.gif', 'Samopal M3A1 - vymazávač. Výnimočne spoľahlivý a jednoduchý ľahký samopal a riešenie mnohých nedorozumení.', 65, '9mm', 3, 6, 13, 30, 0, 6, 6, 5),
('lovecka_puska', 'weapon_alien', 'single', 'Lovecká puška', 'alien_weapons/lovecka_puska.gif', 'Poloautomatická lovecká puška Colt RangeMaster kalibru .223. ', 65, '223cal', 6, 5, 24, 28, 0, 7, 6, 1),
('minigun', 'weapon_alien', 'splash4', 'Minigun', 'alien_weapons/minigun.gif', 'Osobný gatling Rockwell CZ53. Niekoľkohlavňový rotačný guľomet. Kadencia 60.000 striel za minútu umožňuje zavraždiť veľmi veľa ľudí za veľmi krátky čas.', 90, '9mm', 16, 7, 82, 128, 0, 9, 16, 45),
('plamenomet', 'weapon_alien', 'splash4', 'Plameňomet', 'alien_weapons/plamenomet.gif', 'Plameňomet HellFlame 450. Rozprašuje prúd vysoko horľavej kvapaliny. Držte mimo dosahu detí.', 90, 'benzin', 17, 6, 80, 130, 0, 9, 16, 1),
('revolver', 'weapon_alien', 'single', 'Revolver', 'alien_weapons/revolver.gif', 'Jednoduchá cudzinecká strelná zbraň. Používa muníciu ráže 9mm, no jej účinný dosah je obmedzený, kvôli krátkej hlavni.', 60, '9mm', 2, 5, 4, 6, 0, 5, 2, 1),
('sniperska_puska', 'weapon_alien', 'single', 'Sniperská puška', 'alien_weapons/sniperska_puska.gif', 'Odstreľovacia puška model DKS-501. Výborná projektilová zbraň s excelentným dostrelom. Pôvodná ráž bola .308, no táto je prerobená na bežné strelivo .223.', 80, '223cal', 9, 6, 55, 65, 0, 7, 14, 1),
('tazky_gulomet', 'weapon_alien', 'splash3', 'Ťažký guľomet', 'alien_weapons/tazky_gulomet.gif', 'Ťažký poľný podporný guľomet si svojou spoľahlivosťou získal pevné miesto v cudzineckej armáde. Využíva muníciu ráže .223.', 85, '223cal', 14, 6, 55, 70, 0, 8, 15, 10),
('tommygun', 'weapon_alien', 'splash2', 'Tommygun', 'alien_weapons/tommygun.gif', 'Samopal Thompson M1928, nazývaný Tommygun, alebo Tomík je zlovestne vyzerajúca zbraň. Jej výrobcovia si dali záležať aby ten, čo stojí na jej zlej strane vedel, aká vážna je jeho situácia.', 65, '9mm', 5, 6, 20, 34, 0, 7, 6, 5),
('trubicova_puska', 'weapon_alien', 'single', 'Trubicová puška', 'alien_weapons/trubicova_puska.gif', 'Ručne vyrobená jednoranová puška s primitívnym uzáverom. Ide o jeden z prvých pokusov obyvateľov sveta Wasteland napodobniť cudzinecké zbrane.', 50, '9mm', 3, 6, 1, 8, 0, 4, 1, 1),
('uzi', 'weapon_alien', 'splash2', 'UZI', 'alien_weapons/uzi.gif', 'Medziľudské vzťahy sa zdajú byť omnoho jednoduchšie, keď držíš v ruke tento samopal. Ľudia sa rozdeľujú na 2 skupiny - ciele a ty.', 63, '9mm', 3, 6, 9, 22, 0, 6, 6, 5),
('vindicator_minigun', 'weapon_alien', 'splash4', 'Vindicator Minigun', 'alien_weapons/vindicator_minigun.gif', 'Rotačný guľomet Vindicator je právom považovaný za vrchol zbrojárskeh umenia. 90.000 výstrelov za minútu stačí na zmasakrovanie akéhokoľvek množstva cieľov takmer okamžite. Konštrukčné vylepšenia, ako napríklad vylepšené chladenie, alebo zdokonalené vyhadzovanie nábojníc dodáva tejto zbrani väčšiu vraždomatickosť. Ak sa pozeráš do hlavne Vindicatora, je to pravdepodobne posledná vec čo uvidíš.', 95, '223cal', 18, 6, 100, 200, 0, 9, 18, 55),
('zrezana_brokovnica', 'weapon_alien', 'splash2', 'Zrezaná brokovnica', 'alien_weapons/zrezana_brokovnica.gif', 'Niekto si dal tú námahu a odrezal z hlavne tejto brokovnice pekných pár centimetrov. Tým sa z nej stalo elegantné príručné delo so zvýšeným rozptylom, zvlášt účinné pri boji proti skupinám nepriateľov. Hlavnou výhodou ale je, že vyzerá naozaj štýlovo.', 65, 'brokove_naboje', 3, 5, 18, 30, 0, 6, 7, 1),
('amulet', 'amulet', 'single', 'Amulet', 'amulets/amulet.gif', 'Okrasný módny doplnok určený pre nosenie na krku. Často má najrôznejšie magické vlastnosti, no hlavné je, že sa ti hodí k očiam.', 100, 'no', 0, 0, 0, 0, 0, 0, 0, 1),
('nahrdelnik', 'amulet', 'single', 'Náhrdelník', 'amulets/nahrdelnik.gif', 'Okrasný módny doplnok určený pre nosenie na krku. Často má najrôznejšie magické vlastnosti, no hlavné je, že sa ti hodí k očiam.', 100, 'no', 0, 0, 0, 0, 0, 0, 0, 1),
('medailon', 'amulet', 'single', 'Medailón', 'amulets/medailon.gif', 'Okrasný módny doplnok určený pre nosenie na krku. Často má najrôznejšie magické vlastnosti, no hlavné je, že sa ti hodí k očiam.', 100, 'no', 0, 0, 0, 0, 0, 0, 0, 1),
('talizman', 'amulet', 'single', 'Talizman', 'amulets/talizman.gif', 'Okrasný módny doplnok určený pre nosenie na krku. Často má najrôznejšie magické vlastnosti, no hlavné je, že sa ti hodí k očiam.', 100, 'no', 0, 0, 0, 0, 0, 0, 0, 1),
('obojok', 'amulet', 'single', 'Obojok', 'amulets/obojok.gif', 'Okrasný módny doplnok určený pre nosenie na krku. Často má najrôznejšie magické vlastnosti, no hlavné je, že sa ti hodí k očiam.', 100, 'no', 0, 0, 0, 0, 0, 0, 0, 1),
('privesok', 'amulet', 'single', 'Prívesok', 'amulets/privesok.gif', 'Okrasný módny doplnok určený pre nosenie na krku. Často má najrôznejšie magické vlastnosti, no hlavné je, že sa ti hodí k očiam.', 100, 'no', 0, 0, 0, 0, 0, 0, 0, 1),
('rune_ba', 'rune', 'single', 'BA Runa', 'runes/a.gif', 'BA - magická runa typu A.', 35, 'no', 0, 0, 0, 0, 0, 0, 0, 1),
('rune_ca', 'rune', 'single', 'CA Runa', 'runes/a.gif', 'CA - magická runa typu A.', 35, 'no', 0, 0, 0, 0, 0, 0, 0, 1),
('rune_da', 'rune', 'single', 'DA Runa', 'runes/a.gif', 'DA - magická runa typu A.', 35, 'no', 0, 0, 0, 0, 0, 0, 0, 1),
('rune_ab', 'rune', 'single', 'AB Runa', 'runes/a.gif', 'AB - magická runa typu A.', 35, 'no', 0, 0, 0, 0, 0, 0, 0, 1),
('rune_fa', 'rune', 'single', 'FA Runa', 'runes/a.gif', 'FA - magická runa typu A.', 35, 'no', 0, 0, 0, 0, 0, 0, 0, 1),
('rune_ga', 'rune', 'single', 'GA Runa', 'runes/a.gif', 'GA - magická runa typu A.', 35, 'no', 0, 0, 0, 0, 0, 0, 0, 1),
('rune_ja', 'rune', 'single', 'JA Runa', 'runes/a.gif', 'JA - magická runa typu A.', 35, 'no', 0, 0, 0, 0, 0, 0, 0, 1),
('rune_ha', 'rune', 'single', 'HA Runa', 'runes/a.gif', 'HA - magická runa typu A.', 35, 'no', 0, 0, 0, 0, 0, 0, 0, 1),
('rune_ar', 'rune', 'single', 'AR Runa', 'runes/a.gif', 'AR - magická runa typu A.', 35, 'no', 0, 0, 0, 0, 0, 0, 0, 1),
('rune_ta', 'rune', 'single', 'TA Runa', 'runes/a.gif', 'TA - magická runa typu A.', 35, 'no', 0, 0, 0, 0, 0, 0, 0, 1),
('rune_ra', 'rune', 'single', 'RA Runa', 'runes/a.gif', 'RA - magická runa typu A.', 35, 'no', 0, 0, 0, 0, 0, 0, 0, 1),
('rune_ka', 'rune', 'single', 'KA Runa', 'runes/a.gif', 'KA - magická runa typu A.', 35, 'no', 0, 0, 0, 0, 0, 0, 0, 1),
('rune_at', 'rune', 'single', 'AT Runa', 'runes/a.gif', 'AT - magická runa typu A.', 35, 'no', 0, 0, 0, 0, 0, 0, 0, 1),
('rune_ma', 'rune', 'single', 'MA Runa', 'runes/a.gif', 'MA - magická runa typu A.', 35, 'no', 0, 0, 0, 0, 0, 0, 0, 1),
('rune_na', 'rune', 'single', 'NA Runa', 'runes/a.gif', 'NA - magická runa typu A.', 35, 'no', 0, 0, 0, 0, 0, 0, 0, 1),
('rune_an', 'rune', 'single', 'AN Runa', 'runes/a.gif', 'AN - magická runa typu A.', 35, 'no', 0, 0, 0, 0, 0, 0, 0, 1),
('rune_pa', 'rune', 'single', 'PA Runa', 'runes/a.gif', 'PA - magická runa typu A.', 35, 'no', 0, 0, 0, 0, 0, 0, 0, 1),
('rune_aq', 'rune', 'single', 'AQ Runa', 'runes/a.gif', 'AQ - magická runa typu A.', 35, 'no', 0, 0, 0, 0, 0, 0, 0, 1),
('rune_as', 'rune', 'single', 'AS Runa', 'runes/a.gif', 'AS - magická runa typu A.', 35, 'no', 0, 0, 0, 0, 0, 0, 0, 1),
('rune_av', 'rune', 'single', 'AV Runa', 'runes/a.gif', 'AV - magická runa typu A.', 35, 'no', 0, 0, 0, 0, 0, 0, 0, 1),
('rune_be', 'rune', 'single', 'BE Runa', 'runes/e.gif', 'BE - magická runa typu E.', 45, 'no', 0, 0, 0, 0, 0, 0, 0, 1),
('rune_eb', 'rune', 'single', 'EB Runa', 'runes/e.gif', 'EB - magická runa typu E.', 45, 'no', 0, 0, 0, 0, 0, 0, 0, 1),
('rune_ce', 'rune', 'single', 'CE Runa', 'runes/e.gif', 'CE - magická runa typu E.', 45, 'no', 0, 0, 0, 0, 0, 0, 0, 1),
('rune_de', 'rune', 'single', 'DE Runa', 'runes/e.gif', 'DE - magická runa typu E.', 45, 'no', 0, 0, 0, 0, 0, 0, 0, 1),
('rune_ed', 'rune', 'single', 'ED Runa', 'runes/e.gif', 'ED - magická runa typu E.', 45, 'no', 0, 0, 0, 0, 0, 0, 0, 1),
('rune_ef', 'rune', 'single', 'EF Runa', 'runes/e.gif', 'EF - magická runa typu E.', 45, 'no', 0, 0, 0, 0, 0, 0, 0, 1),
('rune_fe', 'rune', 'single', 'FE Runa', 'runes/e.gif', 'FE - magická runa typu E.', 45, 'no', 0, 0, 0, 0, 0, 0, 0, 1),
('rune_ge', 'rune', 'single', 'GE Runa', 'runes/e.gif', 'GE - magická runa typu E.', 45, 'no', 0, 0, 0, 0, 0, 0, 0, 1),
('rune_eg', 'rune', 'single', 'EG Runa', 'runes/e.gif', 'EG - magická runa typu E.', 45, 'no', 0, 0, 0, 0, 0, 0, 0, 1),
('rune_he', 'rune', 'single', 'HE Runa', 'runes/e.gif', 'HE - magická runa typu E.', 45, 'no', 0, 0, 0, 0, 0, 0, 0, 1),
('rune_je', 'rune', 'single', 'JE Runa', 'runes/e.gif', 'JE - magická runa typu E.', 45, 'no', 0, 0, 0, 0, 0, 0, 0, 1),
('rune_ke', 'rune', 'single', 'KE Runa', 'runes/e.gif', 'KE - magická runa typu E.', 45, 'no', 0, 0, 0, 0, 0, 0, 0, 1),
('rune_le', 'rune', 'single', 'LE Runa', 'runes/e.gif', 'LE - magická runa typu E.', 45, 'no', 0, 0, 0, 0, 0, 0, 0, 1),
('rune_el', 'rune', 'single', 'EL Runa', 'runes/e.gif', 'EL - magická runa typu E.', 45, 'no', 0, 0, 0, 0, 0, 0, 0, 1),
('rune_me', 'rune', 'single', 'ME Runa', 'runes/e.gif', 'ME - magická runa typu E.', 45, 'no', 0, 0, 0, 0, 0, 0, 0, 1),
('rune_em', 'rune', 'single', 'EM Runa', 'runes/e.gif', 'EM - magická runa typu E.', 45, 'no', 0, 0, 0, 0, 0, 0, 0, 1),
('rune_ne', 'rune', 'single', 'NE Runa', 'runes/e.gif', 'NE - magická runa typu E.', 45, 'no', 0, 0, 0, 0, 0, 0, 0, 1),
('rune_en', 'rune', 'single', 'EN Runa', 'runes/e.gif', 'EN - magická runa typu E.', 45, 'no', 0, 0, 0, 0, 0, 0, 0, 1),
('rune_pe', 'rune', 'single', 'PE Runa', 'runes/e.gif', 'PE - magická runa typu E.', 45, 'no', 0, 0, 0, 0, 0, 0, 0, 1),
('rune_eq', 'rune', 'single', 'EQ Runa', 'runes/e.gif', 'EQ - magická runa typu E.', 45, 'no', 0, 0, 0, 0, 0, 0, 0, 1),
('rune_er', 'rune', 'single', 'ER Runa', 'runes/e.gif', 'ER - magická runa typu E.', 45, 'no', 0, 0, 0, 0, 0, 0, 0, 1),
('rune_re', 'rune', 'single', 'RE Runa', 'runes/e.gif', 'RE - magická runa typu E.', 45, 'no', 0, 0, 0, 0, 0, 0, 0, 1),
('rune_se', 'rune', 'single', 'SE Runa', 'runes/e.gif', 'SE - magická runa typu E.', 45, 'no', 0, 0, 0, 0, 0, 0, 0, 1),
('rune_es', 'rune', 'single', 'ES Runa', 'runes/e.gif', 'ES - magická runa typu E.', 45, 'no', 0, 0, 0, 0, 0, 0, 0, 1),
('rune_te', 'rune', 'single', 'TE Runa', 'runes/e.gif', 'TE - magická runa typu E.', 45, 'no', 0, 0, 0, 0, 0, 0, 0, 1),
('rune_ve', 'rune', 'single', 'VE Runa', 'runes/e.gif', 'VE - magická runa typu E.', 45, 'no', 0, 0, 0, 0, 0, 0, 0, 1),
('rune_bi', 'rune', 'single', 'BI Runa', 'runes/i.gif', 'BI - magická runa typu I.', 55, 'no', 0, 0, 0, 0, 0, 0, 0, 1),
('rune_ci', 'rune', 'single', 'CI Runa', 'runes/i.gif', 'CI - magická runa typu I.', 55, 'no', 0, 0, 0, 0, 0, 0, 0, 1),
('rune_di', 'rune', 'single', 'DI Runa', 'runes/i.gif', 'DI - magická runa typu I.', 55, 'no', 0, 0, 0, 0, 0, 0, 0, 1),
('rune_id', 'rune', 'single', 'ID Runa', 'runes/i.gif', 'ID - magická runa typu I.', 55, 'no', 0, 0, 0, 0, 0, 0, 0, 1),
('rune_if', 'rune', 'single', 'IF Runa', 'runes/i.gif', 'IF - magická runa typu I.', 55, 'no', 0, 0, 0, 0, 0, 0, 0, 1),
('rune_fi', 'rune', 'single', 'FI Runa', 'runes/i.gif', 'FI - magická runa typu I.', 55, 'no', 0, 0, 0, 0, 0, 0, 0, 1),
('rune_gi', 'rune', 'single', 'GI Runa', 'runes/i.gif', 'GI - magická runa typu I.', 55, 'no', 0, 0, 0, 0, 0, 0, 0, 1),
('rune_ig', 'rune', 'single', 'IG Runa', 'runes/i.gif', 'IG - magická runa typu I.', 55, 'no', 0, 0, 0, 0, 0, 0, 0, 1),
('rune_hi', 'rune', 'single', 'HI Runa', 'runes/i.gif', 'HI - magická runa typu I.', 55, 'no', 0, 0, 0, 0, 0, 0, 0, 1),
('rune_ki', 'rune', 'single', 'KI Runa', 'runes/i.gif', 'KI - magická runa typu I.', 55, 'no', 0, 0, 0, 0, 0, 0, 0, 1),
('rune_li', 'rune', 'single', 'LI Runa', 'runes/i.gif', 'LI - magická runa typu I.', 55, 'no', 0, 0, 0, 0, 0, 0, 0, 1),
('rune_mi', 'rune', 'single', 'MI Runa', 'runes/i.gif', 'MI - magická runa typu I.', 55, 'no', 0, 0, 0, 0, 0, 0, 0, 1),
('rune_im', 'rune', 'single', 'IM Runa', 'runes/i.gif', 'IM - magická runa typu I.', 55, 'no', 0, 0, 0, 0, 0, 0, 0, 1),
('rune_ni', 'rune', 'single', 'NI Runa', 'runes/i.gif', 'NI - magická runa typu I.', 55, 'no', 0, 0, 0, 0, 0, 0, 0, 1),
('rune_in', 'rune', 'single', 'IN Runa', 'runes/i.gif', 'IN - magická runa typu I.', 55, 'no', 0, 0, 0, 0, 0, 0, 0, 1),
('rune_ip', 'rune', 'single', 'IP Runa', 'runes/i.gif', 'IP - magická runa typu I.', 55, 'no', 0, 0, 0, 0, 0, 0, 0, 1),
('rune_iq', 'rune', 'single', 'IQ Runa', 'runes/i.gif', 'IQ - magická runa typu I.', 55, 'no', 0, 0, 0, 0, 0, 0, 0, 1),
('rune_ri', 'rune', 'single', 'RI Runa', 'runes/i.gif', 'RI - magická runa typu I.', 55, 'no', 0, 0, 0, 0, 0, 0, 0, 1),
('rune_ir', 'rune', 'single', 'IR Runa', 'runes/i.gif', 'IR - magická runa typu I.', 55, 'no', 0, 0, 0, 0, 0, 0, 0, 1),
('rune_is', 'rune', 'single', 'IS Runa', 'runes/i.gif', 'IS - magická runa typu I.', 55, 'no', 0, 0, 0, 0, 0, 0, 0, 1),
('rune_si', 'rune', 'single', 'SI Runa', 'runes/i.gif', 'SI - magická runa typu I.', 55, 'no', 0, 0, 0, 0, 0, 0, 0, 1),
('rune_ti', 'rune', 'single', 'TI Runa', 'runes/i.gif', 'TI - magická runa typu I.', 55, 'no', 0, 0, 0, 0, 0, 0, 0, 1),
('rune_it', 'rune', 'single', 'IT Runa', 'runes/i.gif', 'IT - magická runa typu I.', 55, 'no', 0, 0, 0, 0, 0, 0, 0, 1),
('rune_vi', 'rune', 'single', 'VI Runa', 'runes/i.gif', 'VI - magická runa typu I.', 55, 'no', 0, 0, 0, 0, 0, 0, 0, 1),
('rune_ob', 'rune', 'single', 'OB Runa', 'runes/o.gif', 'OB - magická runa typu O.', 65, 'no', 0, 0, 0, 0, 0, 0, 0, 1),
('rune_bo', 'rune', 'single', 'BO Runa', 'runes/o.gif', 'BO - magická runa typu O.', 65, 'no', 0, 0, 0, 0, 0, 0, 0, 1),
('rune_co', 'rune', 'single', 'CO Runa', 'runes/o.gif', 'CO - magická runa typu O.', 65, 'no', 0, 0, 0, 0, 0, 0, 0, 1),
('rune_do', 'rune', 'single', 'DO Runa', 'runes/o.gif', 'DO - magická runa typu O.', 65, 'no', 0, 0, 0, 0, 0, 0, 0, 1),
('rune_od', 'rune', 'single', 'OD Runa', 'runes/o.gif', 'OD - magická runa typu O.', 65, 'no', 0, 0, 0, 0, 0, 0, 0, 1),
('rune_of', 'rune', 'single', 'OF Runa', 'runes/o.gif', 'OF - magická runa typu O.', 65, 'no', 0, 0, 0, 0, 0, 0, 0, 1),
('rune_go', 'rune', 'single', 'GO Runa', 'runes/o.gif', 'GO - magická runa typu O.', 65, 'no', 0, 0, 0, 0, 0, 0, 0, 1),
('rune_ho', 'rune', 'single', 'HO Runa', 'runes/o.gif', 'HO - magická runa typu O.', 65, 'no', 0, 0, 0, 0, 0, 0, 0, 1),
('rune_jo', 'rune', 'single', 'JO Runa', 'runes/o.gif', 'JO - magická runa typu O.', 65, 'no', 0, 0, 0, 0, 0, 0, 0, 1),
('rune_ko', 'rune', 'single', 'KO Runa', 'runes/o.gif', 'KO - magická runa typu O.', 65, 'no', 0, 0, 0, 0, 0, 0, 0, 1),
('rune_ok', 'rune', 'single', 'OK Runa', 'runes/o.gif', 'OK - magická runa typu O.', 65, 'no', 0, 0, 0, 0, 0, 0, 0, 1),
('rune_ol', 'rune', 'single', 'OL Runa', 'runes/o.gif', 'OL - magická runa typu O.', 65, 'no', 0, 0, 0, 0, 0, 0, 0, 1),
('rune_om', 'rune', 'single', 'OM Runa', 'runes/o.gif', 'OM - magická runa typu O.', 65, 'no', 0, 0, 0, 0, 0, 0, 0, 1),
('rune_mo', 'rune', 'single', 'MO Runa', 'runes/o.gif', 'MO - magická runa typu O.', 65, 'no', 0, 0, 0, 0, 0, 0, 0, 1),
('rune_no', 'rune', 'single', 'NO Runa', 'runes/o.gif', 'NO - magická runa typu O.', 65, 'no', 0, 0, 0, 0, 0, 0, 0, 1),
('rune_po', 'rune', 'single', 'PO Runa', 'runes/o.gif', 'PO - magická runa typu O.', 65, 'no', 0, 0, 0, 0, 0, 0, 0, 1),
('rune_op', 'rune', 'single', 'OP Runa', 'runes/o.gif', 'OP - magická runa typu O.', 65, 'no', 0, 0, 0, 0, 0, 0, 0, 1),
('rune_qo', 'rune', 'single', 'QO Runa', 'runes/o.gif', 'QO - magická runa typu O.', 65, 'no', 0, 0, 0, 0, 0, 0, 0, 1),
('rune_or', 'rune', 'single', 'OR Runa', 'runes/o.gif', 'OR - magická runa typu O.', 65, 'no', 0, 0, 0, 0, 0, 0, 0, 1),
('rune_ro', 'rune', 'single', 'RO Runa', 'runes/o.gif', 'RO - magická runa typu O.', 65, 'no', 0, 0, 0, 0, 0, 0, 0, 1),
('rune_os', 'rune', 'single', 'OS Runa', 'runes/o.gif', 'OS - magická runa typu O.', 65, 'no', 0, 0, 0, 0, 0, 0, 0, 1),
('rune_ot', 'rune', 'single', 'OT Runa', 'runes/o.gif', 'OT - magická runa typu O.', 65, 'no', 0, 0, 0, 0, 0, 0, 0, 1),
('rune_to', 'rune', 'single', 'TO Runa', 'runes/o.gif', 'TO - magická runa typu O.', 65, 'no', 0, 0, 0, 0, 0, 0, 0, 1),
('rune_ov', 'rune', 'single', 'OV Runa', 'runes/o.gif', 'OV - magická runa typu O.', 65, 'no', 0, 0, 0, 0, 0, 0, 0, 1),
('rune_vo', 'rune', 'single', 'VO Runa', 'runes/o.gif', 'VO - magická runa typu O.', 65, 'no', 0, 0, 0, 0, 0, 0, 0, 1),
('rune_bu', 'rune', 'single', 'BU Runa', 'runes/u.gif', 'BU - magická runa typu U.', 75, 'no', 0, 0, 0, 0, 0, 0, 0, 1),
('rune_ub', 'rune', 'single', 'UB Runa', 'runes/u.gif', 'UB - magická runa typu U.', 75, 'no', 0, 0, 0, 0, 0, 0, 0, 1),
('rune_uc', 'rune', 'single', 'UC Runa', 'runes/u.gif', 'UC - magická runa typu U.', 75, 'no', 0, 0, 0, 0, 0, 0, 0, 1),
('rune_cu', 'rune', 'single', 'CU Runa', 'runes/u.gif', 'CU - magická runa typu U.', 75, 'no', 0, 0, 0, 0, 0, 0, 0, 1),
('rune_du', 'rune', 'single', 'DU Runa', 'runes/u.gif', 'DU - magická runa typu U.', 75, 'no', 0, 0, 0, 0, 0, 0, 0, 1),
('rune_uf', 'rune', 'single', 'UF Runa', 'runes/u.gif', 'UF - magická runa typu U.', 75, 'no', 0, 0, 0, 0, 0, 0, 0, 1),
('rune_ug', 'rune', 'single', 'UG Runa', 'runes/u.gif', 'UG - magická runa typu U.', 75, 'no', 0, 0, 0, 0, 0, 0, 0, 1),
('rune_gu', 'rune', 'single', 'GU Runa', 'runes/u.gif', 'GU - magická runa typu U.', 75, 'no', 0, 0, 0, 0, 0, 0, 0, 1),
('rune_hu', 'rune', 'single', 'HU Runa', 'runes/u.gif', 'HU - magická runa typu U.', 75, 'no', 0, 0, 0, 0, 0, 0, 0, 1),
('rune_uk', 'rune', 'single', 'UK Runa', 'runes/u.gif', 'UK - magická runa typu U.', 75, 'no', 0, 0, 0, 0, 0, 0, 0, 1),
('rune_ul', 'rune', 'single', 'UL Runa', 'runes/u.gif', 'UL - magická runa typu U.', 75, 'no', 0, 0, 0, 0, 0, 0, 0, 1),
('rune_mu', 'rune', 'single', 'MU Runa', 'runes/u.gif', 'MU - magická runa typu U.', 75, 'no', 0, 0, 0, 0, 0, 0, 0, 1),
('rune_um', 'rune', 'single', 'UM Runa', 'runes/u.gif', 'UM - magická runa typu U.', 75, 'no', 0, 0, 0, 0, 0, 0, 0, 1),
('rune_nu', 'rune', 'single', 'NU Runa', 'runes/u.gif', 'NU - magická runa typu U.', 75, 'no', 0, 0, 0, 0, 0, 0, 0, 1),
('rune_un', 'rune', 'single', 'UN Runa', 'runes/u.gif', 'UN - magická runa typu U.', 75, 'no', 0, 0, 0, 0, 0, 0, 0, 1),
('rune_up', 'rune', 'single', 'UP Runa', 'runes/u.gif', 'UP - magická runa typu U.', 75, 'no', 0, 0, 0, 0, 0, 0, 0, 1),
('rune_ur', 'rune', 'single', 'UR Runa', 'runes/u.gif', 'UR - magická runa typu U.', 75, 'no', 0, 0, 0, 0, 0, 0, 0, 1),
('rune_su', 'rune', 'single', 'SU Runa', 'runes/u.gif', 'SU - magická runa typu U.', 75, 'no', 0, 0, 0, 0, 0, 0, 0, 1),
('rune_ut', 'rune', 'single', 'UT Runa', 'runes/u.gif', 'UT - magická runa typu U.', 75, 'no', 0, 0, 0, 0, 0, 0, 0, 1),
('rune_tu', 'rune', 'single', 'TU Runa', 'runes/u.gif', 'TU - magická runa typu U.', 75, 'no', 0, 0, 0, 0, 0, 0, 0, 1),
('rune_uv', 'rune', 'single', 'UV Runa', 'runes/u.gif', 'UV - magická runa typu U.', 75, 'no', 0, 0, 0, 0, 0, 0, 0, 1),
('rune_bb', 'rune', 'single', 'BB Runa', 'runes/s.gif', 'BB - magická runa spoluhláskového typu.', 95, 'no', 0, 0, 0, 0, 0, 0, 0, 1),
('rune_cc', 'rune', 'single', 'CC Runa', 'runes/s.gif', 'CC - magická runa spoluhláskového typu.', 95, 'no', 0, 0, 0, 0, 0, 0, 0, 1),
('rune_dh', 'rune', 'single', 'DH Runa', 'runes/s.gif', 'DH - magická runa spoluhláskového typu.', 95, 'no', 0, 0, 0, 0, 0, 0, 0, 1),
('rune_fh', 'rune', 'single', 'FH Runa', 'runes/s.gif', 'FH - magická runa spoluhláskového typu.', 95, 'no', 0, 0, 0, 0, 0, 0, 0, 1),
('rune_gh', 'rune', 'single', 'GH Runa', 'runes/s.gif', 'GH - magická runa spoluhláskového typu.', 95, 'no', 0, 0, 0, 0, 0, 0, 0, 1),
('rune_hh', 'rune', 'single', 'HH Runa', 'runes/s.gif', 'HH - magická runa spoluhláskového typu.', 95, 'no', 0, 0, 0, 0, 0, 0, 0, 1),
('rune_jj', 'rune', 'single', 'JJ Runa', 'runes/s.gif', 'JJ - magická runa spoluhláskového typu.', 95, 'no', 0, 0, 0, 0, 0, 0, 0, 1),
('rune_kk', 'rune', 'single', 'KK Runa', 'runes/s.gif', 'KK - magická runa spoluhláskového typu.', 95, 'no', 0, 0, 0, 0, 0, 0, 0, 1),
('rune_ll', 'rune', 'single', 'LL Runa', 'runes/s.gif', 'LL - magická runa spoluhláskového typu.', 95, 'no', 0, 0, 0, 0, 0, 0, 0, 1),
('rune_mm', 'rune', 'single', 'MM Runa', 'runes/s.gif', 'MM - magická runa spoluhláskového typu.', 95, 'no', 0, 0, 0, 0, 0, 0, 0, 1),
('rune_nn', 'rune', 'single', 'NN Runa', 'runes/s.gif', 'NN - magická runa spoluhláskového typu.', 95, 'no', 0, 0, 0, 0, 0, 0, 0, 1),
('rune_pp', 'rune', 'single', 'PP Runa', 'runes/s.gif', 'PP - magická runa spoluhláskového typu.', 95, 'no', 0, 0, 0, 0, 0, 0, 0, 1),
('rune_qu', 'rune', 'single', 'QU Runa', 'runes/s.gif', 'QU - magická runa spoluhláskového typu.', 95, 'no', 0, 0, 0, 0, 0, 0, 0, 1),
('rune_rr', 'rune', 'single', 'RR Runa', 'runes/s.gif', 'RR - magická runa spoluhláskového typu.', 95, 'no', 0, 0, 0, 0, 0, 0, 0, 1),
('rune_ss', 'rune', 'single', 'SS Runa', 'runes/s.gif', 'SS - magická runa spoluhláskového typu.', 95, 'no', 0, 0, 0, 0, 0, 0, 0, 1),
('rune_vu', 'rune', 'single', 'VU Runa', 'runes/s.gif', 'VU - magická runa spoluhláskového typu.', 95, 'no', 0, 0, 0, 0, 0, 0, 0, 1),
('rune_th', 'rune', 'single', 'TH Runa', 'runes/s.gif', 'TH - magická runa spoluhláskového typu.', 95, 'no', 0, 0, 0, 0, 0, 0, 0, 1),
('9mm', 'ammo', 'single', '9mm náboje', 'ammo/9mm.gif', 'Munícia ráže 9 milimetrov do cudzineckých zbraní. Najčastejšie používaná v pištoliach a ľahších samopaloch.', 20, 'no', 0, 0, 0, 0, 0, 0, 0, 1),
('223cal', 'ammo', 'single', '.223 cal. náboje', 'ammo/223caliber.gif', 'Munícia kalibru .223 do cudzineckých zbraní. Používa sa väčšinou v puškách alebo guľometoch.', 30, 'no', 0, 0, 0, 0, 0, 0, 0, 1),
('benzin', 'ammo', 'single', 'Benzín', 'ammo/benzin.gif', 'Vysokooktánový benzín používaný ako munícia do plameňometov. Ide o silne explozívnu tekutinu natlakovanú v nádržiach. Na zdravie!', 65, 'no', 0, 0, 0, 0, 0, 0, 0, 1),
('brokove_naboje', 'ammo', 'single', 'Brokové náboje', 'ammo/brokove_naboje.gif', 'Munícia do brokovníc. Toto strelivo je označené ako "broky ráže 12 - nevhodné pre deti do troch rokov".', 35, 'no', 0, 0, 0, 0, 0, 0, 0, 1),
('rakety', 'ammo', 'single', 'Rakety', 'ammo/rakety.gif', 'Vysokorýchlostné raketové strely používané ako munícia do bazooky. Cudzinci ich pravdepodobne nevyrobili pre použitie proti peším cieľom, ale poslúžia viac než dobre.', 75, 'no', 0, 0, 0, 0, 0, 0, 0, 1),
('sipky', 'ammo', 'single', 'Šípky', 'ammo/sipky.gif', 'Krátke, dobre vyvážené šípky do kuše. Oceľový hrot je schopný preraziť zbroj a je tvarovaný tak, aby spôsobil čo najväčšie zranenie.', 20, 'no', 0, 0, 0, 0, 0, 0, 0, 1),
('sipy', 'ammo', 'single', 'Šípy', 'ammo/sipy.gif', 'Štandardné vyvážené šípy pre lukostreľbu. Hrot je vyrobený z ocele a tvarovaný tak, aby spôsobil cieľu čo najväčšie nepríjemnosti.', 15, 'no', 0, 0, 0, 0, 0, 0, 0, 1),
('handry', 'body_armor', 'single', 'Handry', 'body_armor/handry.gif', '', 35, 'no', 1, 0, 0, 0, 2, 1, 1, 1),
('sedliacke_oblecenie', 'body_armor', 'single', 'Sedliacke oblečenie', 'body_armor/sedliacke_oblecenie.gif', '', 40, 'no', 1, 0, 0, 0, 3, 1, 1, 1),
('jednoduche_damske_saty', 'body_armor', 'single', 'Jednoduché dámske šaty', 'body_armor/jednoduche_damske_saty.gif', '', 58, 'no', 1, 0, 0, 0, 2, 1, 1, 1),
('damske_saty', 'body_armor', 'single', 'Dámske šaty', 'body_armor/damske_saty.gif', '', 58, 'no', 1, 0, 0, 0, 2, 1, 1, 1),
('rustikalne_damske_saty', 'body_armor', 'single', 'Rustikálne dámske šaty', 'body_armor/rustikalne_damske_saty.gif', '', 60, 'no', 1, 0, 0, 0, 3, 1, 1, 1),
('saty_pre_sluzku', 'body_armor', 'single', 'Šaty pre slúžku', 'body_armor/saty_pre_sluzku.gif', '', 50, 'no', 1, 0, 0, 0, 2, 1, 1, 1),
('belasa_kosela', 'body_armor', 'single', 'Belasá košeľa', 'body_armor/belasa_kosela.gif', '', 40, 'no', 1, 0, 0, 0, 2, 1, 1, 1),
('plast', 'body_armor', 'single', 'Plášť', 'body_armor/plast.gif', '', 38, 'no', 1, 0, 0, 0, 4, 1, 3, 1),
('plast_magov', 'body_armor', 'single', 'Plášť mágov', 'body_armor/plast_magov.gif', '', 40, 'no', 1, 0, 0, 0, 6, 1, 3, 1),
('roba', 'body_armor', 'single', 'Róba', 'body_armor/roba.gif', '', 40, 'no', 2, 0, 0, 0, 10, 1, 2, 1),
('mysticka_roba', 'body_armor', '', 'Mystická róba', 'body_armor/mysticka_roba.gif', '', 45, 'no', 2, 0, 0, 0, 11, 1, 3, 1),
('slachticka_roba', 'body_armor', 'single', 'Šľachtická róba', 'body_armor/slachticka_roba.gif', '', 43, 'no', 2, 0, 0, 0, 12, 1, 2, 1),
('honosny_plast_magov', 'body_armor', 'single', 'Honosný plášť mágov', 'body_armor/honosny_plast_magov.gif', '', 45, 'no', 2, 0, 0, 0, 15, 1, 3, 1),
('kultova_roba', 'body_armor', 'single', 'Kultová róba', 'body_armor/kultova_roba.gif', '', 45, 'no', 1, 0, 0, 0, 14, 2, 3, 1),
('cestovatelska_roba', 'body_armor', 'single', 'Cestovateľská róba', 'body_armor/cestovatelska_roba.gif', '', 46, 'no', 2, 0, 0, 0, 14, 2, 2, 1),
('tmavy_cestovatelsky_plast', 'body_armor', 'single', 'Tmavý cestovateľský plášť', 'body_armor/tmavy_cestovatelsky_plast.gif', '', 48, 'no', 2, 0, 0, 0, 16, 2, 2, 1),
('vybijana_zbroj', 'body_armor', 'single', 'Vybíjaná zbroj', 'body_armor/vybijana_zbroj.gif', '', 50, 'no', 3, 0, 0, 0, 18, 5, 3, 1),
('kozena_bunda', 'body_armor', 'single', 'Kožená bunda', 'body_armor/kozena_bunda.gif', '', 50, 'no', 3, 0, 0, 0, 20, 4, 3, 1),
('kozene_brnenie', 'body_armor', 'single', 'Kožené brnenie', 'body_armor/kozene_brnenie.gif', '', 55, 'no', 3, 0, 0, 0, 20, 5, 3, 1),
('vybijana_koza', 'body_armor', 'single', 'Vybíjaná koža', 'body_armor/vybijana_koza.gif', '', 58, 'no', 3, 0, 0, 0, 23, 5, 4, 1),
('bunda_z_tvrdej_koze', 'body_armor', 'single', 'Bunda z tvrdej kože', 'body_armor/bunda_z_tvrdej_koze.gif', '', 60, 'no', 4, 0, 0, 0, 26, 5, 5, 1),
('zbroj_z_tazkej_koze', 'body_armor', 'single', 'Zbroj z ťažkej kože', 'body_armor/zbroj_z_tazkej_koze.gif', '', 60, 'no', 4, 0, 0, 0, 26, 6, 8, 1),
('kruzkova_zbroj', 'body_armor', 'single', 'Krúžková zbroj', 'body_armor/kruzkova_zbroj.gif', '', 68, 'no', 5, 0, 0, 0, 34, 7, 8, 1),
('retazova_zbroj', 'body_armor', 'single', 'Reťazová zbroj', 'body_armor/retazova_zbroj.gif', '', 70, 'no', 5, 0, 0, 0, 40, 7, 9, 1),
('zbroj_z_odlahcenych_platov', 'body_armor', 'single', 'Zbroj z odľahčených plátov', 'body_armor/zbroj_z_odlahcenych_platov.gif', '', 75, 'no', 5, 0, 0, 0, 48, 6, 10, 1),
('domacka_platova_zbroj', 'body_armor', 'single', 'Domácka plátová zbroj', 'body_armor/domacka_platova_zbroj.gif', '', 75, 'no', 10, 0, 0, 0, 50, 7, 9, 1),
('kostena_zbroj', 'body_armor', 'single', 'Kostená zbroj', 'body_armor/kostena_zbroj.gif', '', 80, 'no', 4, 0, 0, 0, 55, 5, 14, 1),
('lahke_starodavne_brnenie', 'body_armor', 'single', 'Ľahké starodávne brnenie', 'body_armor/lahke_starodavne_brnenie', '', 82, 'no', 6, 0, 0, 0, 65, 6, 14, 1),
('naprsny_plat', 'body_armor', 'single', 'Náprsný plát', 'body_armor/naprsny_plat.gif', '', 84, 'no', 7, 0, 0, 0, 75, 7, 10, 1),
('platova_zbroj', 'body_armor', 'single', 'Plátová zbroj', 'body_armor/platova_zbroj.gif', '', 85, 'no', 8, 0, 0, 0, 85, 9, 12, 1),
('goticke_brnenie', 'body_armor', 'single', 'Gotické brnenie', 'body_armor/goticke_brnenie.gif', '', 90, 'no', 12, 0, 0, 0, 100, 9, 13, 1),
('zlata_zbroj', 'body_armor', 'single', 'Zlatá zbroj', 'body_armor/zlata_zbroj', '', 93, 'no', 11, 0, 0, 0, 110, 8, 14, 1),
('starodavne_brnenie', 'body_armor', 'single', 'Starodávne brnenie', 'body_armor/starodavne_brnenie.gif', '', 93, 'no', 14, 0, 0, 0, 125, 9, 14, 1),
('adamant', 'body_armor', 'single', 'Adamant', 'body_armor/adamant.gif', '', 95, 'no', 7, 0, 0, 0, 135, 8, 16, 1),
('kevlarova_vesta', 'body_armor', 'single', 'Kevlarová vesta', 'body_armor/kevlarova_vesta.gif', '', 88, 'no', 8, 0, 0, 0, 140, 6, 16, 1),
('celoplatova_zbroj', 'body_armor', 'single', 'Celoplátová zbroj', 'body_armor/celoplatova_zbroj.gif', '', 90, 'no', 16, 0, 0, 0, 150, 9, 15, 1),
('zbroj_z_cerveneho_draka', 'body_armor', 'single', 'Zbroj z červeného draka', 'body_armor/zbroj_z_cerveneho_draka.gif', '', 95, 'no', 17, 0, 0, 0, 165, 8, 18, 1),
('zbroj_z_cierneho_mithrilu', 'body_armor', 'single', 'Zbroj z čierneho mithrilu', 'body_armor/zbroj_z_cierneho_mithrilu.gif', '', 94, 'no', 17, 0, 0, 0, 180, 6, 18, 1),
('mechanizovana_zbroj', 'body_armor', 'single', 'Mechanizovaná zbroj', 'body_armor/mechanizovana_zbroj.gif', '', 96, 'no', 12, 0, 0, 0, 200, 4, 20, 1),
('odev_vitazov', 'body_armor', 'single', 'Odev víťazov', 'body_armor/odev_vitazov.gif', '', 97, 'no', 18, 0, 0, 0, 225, 8, 20, 1),
('helma_temneho_rytiera', 'helm', 'single', 'Helma temného rytiera', 'helmets/helma_temneho_rytiera.gif', '', 93, 'no', 6, 0, 0, 0, 50, 9, 19, 1),
('tvar_nekromanta', 'helm', 'single', 'Tvár nekromanta', 'helmets/tvar_nekromanta.gif', '', 91, 'no', 4, 0, 0, 0, 45, 5, 18, 1),
('kevlarova_helma', 'helm', 'single', 'Kevlarová helma', 'helmets/kevlarova_helma.gif', '', 90, 'no', 4, 0, 0, 0, 40, 7, 16, 1),
('helma_kralov', 'helm', 'single', 'Helma kráľov', 'helmets/helma_kralov.gif', '', 90, 'no', 4, 0, 0, 0, 40, 8, 14, 1),
('helma_z_ciernej_ocele', 'helm', 'single', 'Helma z čiernej ocele', 'helmets/helma_z_ciernej_ocele.gif', '', 85, 'no', 5, 0, 0, 0, 30, 8, 12, 1),
('gladiatorska_helma', 'helm', 'single', 'Gladiátorská helma', 'helmets/gladiatorska_helma.gif', '', 80, 'no', 5, 0, 0, 0, 28, 9, 15, 1),
('helma_bojovnikov', 'helm', 'single', 'Helma bojovníkov', 'helmets/helma_bojovnikov.gif', '', 75, 'no', 5, 0, 0, 0, 25, 8, 8, 1),
('kostena_helma', 'helm', 'single', 'Kostená helma', 'helmets/kostena_helma.gif', '', 70, 'no', 3, 0, 0, 0, 22, 5, 8, 1),
('rohata_helma', 'helm', 'single', 'Rohatá helma', 'helmets/rohata_helma.gif', '', 65, 'no', 4, 0, 0, 0, 20, 7, 6, 1),
('helma', 'helm', 'single', 'Helma', 'helmets/helma.gif', '', 53, 'no', 3, 0, 0, 0, 16, 6, 4, 1),
('lahka_helma', 'helm', 'single', 'Ľahká helma', 'helmets/lahka_helma.gif', '', 50, 'no', 2, 0, 0, 0, 14, 5, 3, 1),
('koruna', 'helm', 'single', 'Koruna', 'helmets/koruna.gif', '', 80, 'no', 2, 0, 0, 0, 20, 2, 9, 1),
('korunka', 'helm', 'single', 'Korunka', 'helmets/korunka.gif', '', 75, 'no', 2, 0, 0, 0, 17, 2, 7, 1),
('tiara', 'helm', 'single', 'Tiara', 'helmets/tiara.gif', '', 65, 'no', 1, 0, 0, 0, 12, 2, 5, 1),
('diadem', 'helm', 'single', 'Diadém', 'helmets/diadem.gif', '', 55, 'no', 1, 0, 0, 0, 8, 1, 3, 1),
('celenka', 'helm', 'single', 'Čelenka', 'helmets/celenka.gif', '', 50, 'no', 1, 0, 0, 0, 8, 1, 3, 1),
('klobuk', 'helm', 'single', 'Klobúk', 'helmets/klobuk.gif', '', 35, 'no', 1, 0, 0, 0, 0, 1, 1, 1),
('okuliare', 'helm', 'single', 'Okuliare', 'helmets/okuliare.gif', '', 40, 'no', 0, 0, 0, 0, 2, 1, 3, 1),
('biely_drak', 'weapon_ranged', 'splash2', 'Biely drak', 'ranged_weapons/biely_drak.gif', '', 95, 'sipy', 3, 6, 100, 145, 0, 4, 20, 1),
('magistring', 'weapon_ranged', 'splash3', 'Magistring', 'ranged_weapons/magistring.gif', '', 93, 'no', 3, 6, 100, 130, 0, 5, 19, 1),
('venom_spitter', 'weapon_ranged', 'splash2', 'Venom spitter', 'ranged_weapons/venom_spitter.gif', '', 92, 'sipky', 5, 6, 89, 119, 0, 5, 18, 2),
('de_ghorova_vola', 'weapon_ranged', 'single', 'De-Ghorova vôľa', 'ranged_weapons/de_ghorova_vola.gif', '', 90, 'sipy', 4, 5, 100, 110, 0, 7, 18, 1),
('wizendraw', 'weapon_ranged', 'splash2', 'Wizendraw', 'ranged_weapons/wizendraw.gif', '', 91, 'sipy', 3, 6, 80, 100, 0, 5, 18, 2),
('kostena_kusa', 'weapon_ranged', 'single', 'Kostená kuša', 'ranged_weapons/kostena_kusa.gif', '', 88, 'sipky', 5, 6, 45, 105, 0, 6, 17, 1),
('duhovy_luk', 'weapon_ranged', 'single', 'Dúhový luk', 'ranged_weapons/duhovy_luk.gif', '', 86, 'sipy', 2, 5, 67, 97, 0, 6, 15, 1),
('luk_carodejnic', 'weapon_ranged', 'single', 'Luk čarodejníc', 'ranged_weapons/luk_carodejnic.gif', '', 83, 'sipy', 3, 6, 57, 77, 0, 5, 15, 1),
('cedrovy_luk', 'weapon_ranged', 'single', 'Cédrový luk', 'ranged_weapons/cedrovy_luk.gif', '', 81, 'sipy', 2, 6, 48, 68, 0, 8, 14, 1),
('obliehacia_kusa', 'weapon_ranged', 'single', 'Obliehacia kuša', 'ranged_weapons/obliehacia_kusa.gif', '', 79, 'sipky', 5, 6, 30, 70, 0, 8, 14, 1),
('dubovy_luk', 'weapon_ranged', 'single', 'Dubový luk', 'ranged_weapons/dubovy_luk.gif', '', 75, 'sipy', 4, 6, 40, 55, 0, 7, 12, 1),
('luk_ochrancu_lesa', 'weapon_ranged', 'single', 'Luk ochrancu lesa', 'ranged_weapons/luk_ochrancu_lesa.gif', '', 73, 'sipy', 3, 6, 32, 45, 0, 7, 12, 1),
('havrani_luk', 'weapon_ranged', 'single', 'Havraní luk', 'ranged_weapons/havrani_luk.gif', '', 71, 'sipy', 4, 6, 24, 40, 0, 6, 11, 1),
('lovecky_luk', 'weapon_ranged', 'single', 'Lovecký luk', 'ranged_weapons/lovecky_luk.gif', '', 66, 'sipy', 3, 6, 18, 35, 0, 7, 7, 1),
('opakovacia_kusa', 'weapon_ranged', 'single', 'Opakovacia kuša', 'ranged_weapons/opakovacia_kusa.gif', '', 67, 'sipky', 5, 5, 12, 30, 0, 7, 9, 1),
('reflexny_luk', 'weapon_ranged', 'single', 'Reflexný luk', 'ranged_weapons/reflexny_luk.gif', '', 64, 'sipy', 4, 5, 15, 25, 0, 7, 9, 1),
('dlhy_vojensky_luk', 'weapon_ranged', 'single', 'Dlhý vojenský luk', 'ranged_weapons/dlhy_vojensky_luk.gif', '', 60, 'sipy', 4, 6, 15, 28, 0, 7, 7, 1),
('goticky_luk', 'weapon_ranged', 'single', 'Gotický luk', 'ranged_weapons/goticky_luk.gif', '', 58, 'sipy', 4, 6, 12, 28, 0, 6, 5, 1),
('tazka_kusa', 'weapon_ranged', 'single', 'Ťažká kuša', 'ranged_weapons/tazka_kusa.gif', '', 54, 'sipky', 5, 7, 8, 24, 0, 6, 5, 1),
('dlhy_luk', 'weapon_ranged', 'single', 'Dlhý luk', 'ranged_weapons/dlhy_luk.gif', '', 50, 'sipy', 3, 6, 11, 20, 0, 5, 3, 1),
('kusa', 'weapon_ranged', 'single', 'Kuša', 'ranged_weapons/kusa.gif', '', 48, 'sipky', 3, 7, 5, 17, 0, 3, 3, 1),
('kratky_vojensky_luk', 'weapon_ranged', 'single', 'Krátky vojenský luk', 'ranged_weapons/kratky_vojensky_luk.gif', '', 42, 'sipy', 3, 6, 8, 14, 0, 5, 3, 1),
('lahka_kusa', 'weapon_ranged', 'single', 'Ľahká kuša', 'ranged_weapons/lahka_kusa.gif', '', 38, 'sipky', 2, 7, 2, 9, 0, 2, 1, 1),
('kratky_luk', 'weapon_ranged', 'single', 'Krátky luk', 'ranged_weapons/kratky_luk.gif', '', 35, 'sipy', 2, 6, 4, 7, 0, 3, 1, 1),
('hrdzavy_mec', 'weapon_melee', 'single', 'Hrdzavý meč', 'melee_weapons/siroky_mec.gif', '', 100, 'no', 10, 2, 1, 3, 0, 3, 1, 1);

-- --------------------------------------------------------

--
-- Štruktúra tabuľky pre tabuľku `item_modifiers`
--

CREATE TABLE IF NOT EXISTS `item_modifiers` (
  `item_id` int(11) NOT NULL DEFAULT '0',
  `class` varchar(16) COLLATE utf8_bin NOT NULL,
  KEY `item_id` (`item_id`)
) ENGINE=MyISAM DEFAULT CHARSET=utf8 COLLATE=utf8_bin;

--
-- Sťahujem dáta pre tabuľku `item_modifiers`
--

INSERT INTO `item_modifiers` (`item_id`, `class`) VALUES
(11, 'rune_a');

-- --------------------------------------------------------

--
-- Štruktúra tabuľky pre tabuľku `level_values`
--

CREATE TABLE IF NOT EXISTS `level_values` (
  `lvl` mediumint(9) NOT NULL,
  `exp` int(11) NOT NULL,
  UNIQUE KEY `lvl` (`lvl`)
) ENGINE=MyISAM DEFAULT CHARSET=utf8 COLLATE=utf8_bin;

--
-- Sťahujem dáta pre tabuľku `level_values`
--

INSERT INTO `level_values` (`lvl`, `exp`) VALUES
(1, 0),
(2, 1000),
(3, 3000),
(4, 6000),
(5, 10000),
(6, 15000),
(7, 21000),
(8, 28000),
(9, 36000),
(10, 45000),
(11, 55000),
(12, 66000),
(13, 78000),
(14, 91000),
(15, 105000),
(16, 120000),
(17, 136000),
(18, 153000),
(19, 171000),
(20, 190000),
(21, 210000),
(22, 231000),
(23, 253000),
(24, 276000),
(25, 300000);

-- --------------------------------------------------------

--
-- Štruktúra tabuľky pre tabuľku `locations`
--

CREATE TABLE IF NOT EXISTS `locations` (
  `location_id` int(11) NOT NULL AUTO_INCREMENT,
  `location_name` varchar(64) COLLATE utf8_bin NOT NULL,
  `location_filename` varchar(32) COLLATE utf8_bin NOT NULL,
  `location_description` mediumtext COLLATE utf8_bin NOT NULL,
  `location_image_number` int(11) NOT NULL,
  PRIMARY KEY (`location_id`)
) ENGINE=MyISAM  DEFAULT CHARSET=utf8 COLLATE=utf8_bin AUTO_INCREMENT=9 ;

--
-- Sťahujem dáta pre tabuľku `locations`
--

INSERT INTO `locations` (`location_id`, `location_name`, `location_filename`, `location_description`, `location_image_number`) VALUES
(1, 'Lúka', 'field', 'Stojíš na veľkej lúke plnej rôznych rastlín a drobných zvierat, ktoré sa dokázali prispôsobiť podmienkam po Veľkej vojne. Prerastené kobylky, či dvojhlavé hraboše a myši sa venujú svojmu životu a vôbec si ťa nevšímajú.', 4),
(2, 'Pobrežie', 'coast', 'Stojíš na morskom pobreží. Šum prílivových vĺn, ktoré obmývajú piesočnatú pláž na teba pôsobí upokojujúco. Keby si nevedel, že voda je kontaminovaná, určite by si si našiel čas a zaplával si.', 4),
(3, 'Močiar', 'swamp', 'Okolo teba sa rozprestiera strašidelne pôsobiaci močiar. Nechutne to tu zapácha rozkladajúcimi sa mŕtvolami, ktoré ti každú chvíľu pripomínajú hroziace nebezpečenstvo. Stačí jediný chybný krok a môžeš skončiť pod hladinou močarísk, alebo v žalúdku nejakého krvilačného močiarneho tvora.', 3),
(4, 'Zasnežené hory', 'snow', 'Ako sa tak dívaš na pomaly padajúce snehové vločky a necháš jemné slnečné lúče dopadať na tvoju tvár, máš pocit, že príroda už proste nemôže byť krajšia. Táto scenéria ťa napĺňa pokojom a hneď všetko vidíš optimistickejšie.', 4),
(5, 'Rieka', 'river', 'Stojíš pri rieke. Voda v nej nie je hlboká, ani prúd nie je príliš silný, takže nebudeš mať problém dostať sa na druhú stranu. Príliš dlho sa tu však zdržovať nechceš, pretože je tu nejako viac otravného hmyzu a z tých zmutovaných rýb tiež nemáš dobrý pocit.', 4),
(7, 'Les', 'forest', 'Stojíš uprostred lesa. Okolo seba nevidíš nič dôležité. Je tu len kopa stromov a otravného hmyzu. Asi ti nezostáva nič iné, ako putovať ďalej.', 5),
(6, 'Hory', 'mountain', 'Nachádzaš sa na skalnatom pohorí a ľahko si vieš predstaviť kopu iných miest, kde by si práve teraz bol radšej. Silný vietor, ktorému nestoja v ceste žiadne prekážky, ti znepríjemňuje cestu a premenlivé počasie ti už tiež pekne lezie na nervy.', 4),
(8, 'Púšť', 'desert', 'Ocitol si sa v piesočnatej púšti aké vo svete pred Veľkou vojnou neboli. Na tomto mieste bola príroda zdevastovaná chemickými zbraňami obzvlášť dôkladne a dodnes sa z toho nespamätala. Široko-ďaleko nevidíš nič živé. Cítiš však, že radiácia a jedy vo vzduchu a v pôde sú stále prítomné a nebezpečné.', 4);

-- --------------------------------------------------------

--
-- Štruktúra tabuľky pre tabuľku `map`
--

CREATE TABLE IF NOT EXISTS `map` (
  `x` smallint(6) NOT NULL DEFAULT '0',
  `y` smallint(6) NOT NULL DEFAULT '0',
  `location` varchar(16) COLLATE utf8_bin NOT NULL,
  `title` varchar(16) COLLATE utf8_bin NOT NULL,
  `encounter` int(11) NOT NULL,
  UNIQUE KEY `x` (`x`,`y`)
) ENGINE=MyISAM DEFAULT CHARSET=utf8 COLLATE=utf8_bin;

--
-- Sťahujem dáta pre tabuľku `map`
--

INSERT INTO `map` (`x`, `y`, `location`, `title`, `encounter`) VALUES
(0, 7, '2', '', 591),
(0, 8, '1', '', 589),
(0, 9, '7', '', 586),
(0, 10, '7', '', 584),
(0, 11, '7', '', 581),
(0, 12, '1', '', 578),
(0, 13, '7', '', 575),
(0, 14, '7', '', 572),
(0, 15, '7', '', 569),
(0, 16, '8', '', 565),
(0, 17, '6', '', 560),
(0, 18, '6', '', 554),
(0, 19, '6', '', 548),
(0, 20, '7', '', 540),
(0, 21, '7', '', 530),
(0, 22, '1', '', 517),
(0, 23, '7', '', 502),
(0, 24, '1', '', 483),
(0, 25, '6', '', 461),
(0, 26, '5', '', 442),
(0, 27, '5', '', 426),
(0, 28, '7', '', 420),
(0, 29, '1', '', 426),
(0, 30, '7', '', 442),
(0, 31, '7', '', 461),
(0, 32, '7', '', 483),
(0, 33, '5', '', 501),
(0, 34, '1', '', 517),
(0, 35, '5', '', 530),
(0, 36, '1', '', 540),
(0, 37, '7', '', 547),
(0, 38, '7', '', 553),
(0, 40, '1', '', 561),
(0, 41, '1', '', 564),
(0, 42, '5', '', 566),
(0, 43, '5', '', 568),
(0, 44, '5', '', 568),
(0, 45, '1', '', 571),
(0, 46, '5', '', 572),
(0, 47, '5', '', 573),
(0, 48, '5', '', 570),
(0, 49, '5', '', 570),
(0, 50, '1', '', 570),
(0, 51, '1', '', 569),
(0, 52, '7', '', 567),
(0, 53, '7', '', 566),
(0, 54, '1', '', 566),
(0, 55, '1', '', 564),
(0, 56, '1', '', 566),
(0, 57, '1', '', 568),
(0, 58, '1', '', 571),
(0, 59, '7', '', 573),
(0, 60, '7', '', 577),
(0, 61, '1', '', 578),
(0, 62, '1', '', 581),
(0, 63, '1', '', 583),
(0, 64, '1', '', 584),
(0, 65, '1', '', 585),
(0, 66, '1', '', 588),
(0, 67, '1', '', 588),
(0, 68, '1', '', 590),
(0, 69, '7', '', 592),
(0, 70, '7', '', 593),
(0, 71, '1', '', 594),
(0, 72, '1', '', 594),
(0, 73, '5', '', 596),
(0, 74, '1', '', 596),
(0, 75, '1', '', 597),
(0, 76, '1', '', 597),
(0, 77, '1', '', 598),
(0, 78, '5', '', 598),
(0, 79, '1', '', 598),
(0, 80, '7', '', 599),
(0, 81, '1', '', 600),
(0, 82, '1', '', 600),
(0, 83, '1', '', 600),
(0, 84, '1', '', 600),
(0, 85, '1', '', 600),
(0, 86, '7', '', 600),
(0, 87, '7', '', 600),
(0, 88, '7', '', 600),
(0, 89, '1', '', 600),
(0, 90, '1', '', 600),
(0, 91, '7', '', 600),
(0, 92, '7', '', 600),
(0, 93, '8', '', 600),
(0, 94, '8', '', 600),
(0, 95, '7', '', 600),
(0, 96, '7', '', 600),
(0, 97, '7', '', 600),
(0, 98, '7', '', 600),
(0, 99, '5', '', 600),
(0, 100, '7', '', 600),
(0, 101, '5', '', 600),
(0, 102, '7', '', 600),
(0, 103, '7', '', 600),
(0, 104, '1', '', 600),
(0, 105, '5', '', 600),
(0, 106, '7', '', 600),
(0, 107, '7', '', 600),
(0, 108, '1', '', 600),
(0, 109, '1', '', 600),
(0, 110, '1', '', 600),
(0, 111, '7', '', 600),
(0, 112, '7', '', 600),
(0, 113, '7', '', 600),
(0, 114, '7', '', 600),
(0, 115, '7', '', 600),
(0, 116, '1', '', 600),
(0, 117, '7', '', 600),
(0, 118, '7', '', 600),
(0, 119, '5', '', 600),
(0, 120, '5', '', 600),
(0, 121, '7', '', 600),
(0, 122, '6', '', 600),
(0, 123, '6', '', 600),
(0, 124, '6', '', 600),
(0, 125, '6', '', 600),
(0, 126, '6', '', 600),
(0, 127, '6', '', 600),
(0, 128, '4', '', 600),
(0, 129, '4', '', 600),
(0, 130, '4', '', 600),
(0, 131, '4', '', 600),
(0, 132, '4', '', 600),
(0, 133, '4', '', 600),
(0, 134, '4', '', 600),
(0, 135, '4', '', 600),
(0, 136, '4', '', 600),
(0, 137, '4', '', 600),
(0, 138, '4', '', 600),
(0, 139, '7', '', 600),
(0, 140, '6', '', 600),
(0, 141, '6', '', 600),
(0, 142, '6', '', 600),
(0, 143, '6', '', 600),
(1, 8, '2', '', 585),
(1, 9, '1', '', 583),
(1, 10, '1', '', 581),
(1, 11, '1', '', 578),
(1, 12, '1', '', 573),
(1, 13, '1', '', 570),
(1, 14, '1', '', 567),
(1, 15, '7', '', 562),
(1, 16, '7', '', 558),
(1, 17, '7', '', 551),
(1, 18, '6', '', 546),
(1, 19, '6', '', 538),
(1, 20, '7', '', 528),
(1, 21, '7', '', 516),
(1, 22, '5', '', 502),
(1, 23, '7', '', 481),
(1, 24, '1', '', 456),
(1, 25, '6', '', 426),
(1, 26, '7', '', 393),
(1, 27, '1', '', 368),
(1, 28, '5', '', 357),
(1, 29, '1', '', 368),
(1, 30, '7', '', 394),
(1, 31, '7', '', 426),
(1, 32, '7', '', 457),
(1, 33, '5', '', 480),
(1, 34, '1', '', 501),
(1, 35, '5', '', 517),
(1, 36, '1', '', 529),
(1, 37, '7', '', 536),
(1, 38, '7', '', 544),
(1, 40, '1', '', 553),
(1, 41, '1', '', 557),
(1, 42, '1', '', 559),
(1, 43, '5', '', 559),
(1, 44, '5', '', 562),
(1, 45, '5', '', 564),
(1, 46, '5', '', 563),
(1, 47, '5', '', 564),
(1, 48, '5', '', 563),
(1, 49, '1', '', 563),
(1, 50, '1', '', 560),
(1, 51, '7', '', 557),
(1, 52, '7', '', 554),
(1, 53, '1', '', 552),
(1, 54, '1', '', 549),
(1, 55, '1', '', 548),
(1, 56, '1', '', 551),
(1, 57, '1', '', 555),
(1, 58, '1', '', 560),
(1, 59, '1', '', 564),
(1, 60, '1', '', 568),
(1, 61, '1', '', 572),
(1, 62, '1', '', 574),
(1, 63, '1', '', 577),
(1, 64, '1', '', 579),
(1, 65, '1', '', 580),
(1, 66, '1', '', 583),
(1, 67, '1', '', 584),
(1, 68, '1', '', 587),
(1, 69, '1', '', 588),
(1, 70, '1', '', 590),
(1, 71, '1', '', 592),
(1, 72, '7', '', 593),
(1, 73, '7', '', 594),
(1, 74, '5', '', 596),
(1, 75, '7', '', 596),
(1, 76, '1', '', 597),
(1, 77, '5', '', 597),
(1, 78, '7', '', 598),
(1, 79, '5', '', 598),
(1, 80, '7', '', 599),
(1, 81, '7', '', 599),
(1, 82, '1', '', 600),
(1, 83, '1', '', 600),
(1, 84, '1', '', 600),
(1, 85, '1', '', 600),
(1, 86, '7', '', 600),
(1, 87, '7', '', 600),
(1, 88, '7', '', 600),
(1, 89, '1', '', 600),
(1, 90, '1', '', 600),
(1, 91, '7', '', 600),
(1, 92, '7', '', 600),
(1, 93, '7', '', 600),
(1, 94, '7', '', 600),
(1, 95, '8', '', 600),
(1, 96, '7', '', 600),
(1, 97, '7', '', 600),
(1, 98, '5', '', 600),
(1, 99, '7', '', 600),
(1, 100, '1', '', 600),
(1, 101, '7', '', 600),
(1, 102, '7', '', 600),
(1, 103, '7', '', 600),
(1, 104, '1', '', 600),
(1, 105, '5', '', 600),
(1, 106, '7', '', 600),
(1, 107, '7', '', 600),
(1, 108, '1', '', 600),
(1, 109, '7', '', 600),
(1, 110, '7', '', 600),
(1, 111, '1', '', 600),
(1, 112, '1', '', 600),
(1, 113, '7', '', 600),
(1, 114, '7', '', 600),
(1, 115, '7', '', 600),
(1, 116, '7', '', 600),
(1, 117, '5', '', 600),
(1, 118, '5', '', 600),
(1, 119, '7', '', 600),
(1, 120, '5', '', 600),
(1, 121, '7', '', 600),
(1, 122, '6', '', 600),
(1, 123, '6', '', 600),
(1, 124, '6', '', 600),
(1, 125, '7', '', 600),
(1, 126, '4', '', 600),
(1, 127, '4', '', 600),
(1, 128, '4', '', 600),
(1, 129, '4', '', 600),
(1, 130, '4', '', 600),
(1, 131, '4', '', 600),
(1, 132, '4', '', 600),
(1, 133, '7', '', 600),
(1, 134, '4', '', 600),
(1, 135, '4', '', 600),
(1, 136, '7', '', 600),
(1, 137, '7', '', 600),
(1, 138, '7', '', 600),
(1, 139, '6', '', 600),
(1, 140, '6', '', 600),
(1, 141, '6', '', 600),
(1, 142, '6', '', 600),
(1, 143, '5', '', 600),
(2, 8, '2', '', 583),
(2, 9, '2', '', 580),
(2, 10, '1', '', 578),
(2, 11, '1', '', 573),
(2, 12, '7', '', 568),
(2, 13, '1', '', 564),
(2, 14, '1', '', 559),
(2, 15, '7', '', 554),
(2, 16, '7', '', 546),
(2, 17, '8', '', 540),
(2, 18, '7', '', 532),
(2, 19, '7', '', 524),
(2, 20, '7', '', 514),
(2, 21, '7', '', 501),
(2, 22, '7', '', 482),
(2, 23, '5', '', 459),
(2, 24, '5', '', 427),
(2, 25, '7', '', 388),
(2, 26, '7', '', 339),
(2, 27, '1', '', 292),
(2, 28, '5', '', 271),
(2, 29, '5', '', 293),
(2, 30, '5', '', 340),
(2, 31, '5', '', 389),
(2, 32, '5', '', 430),
(2, 33, '5', '', 461),
(2, 34, '7', '', 486),
(2, 35, '7', '', 502),
(2, 36, '5', '', 515),
(2, 37, '5', '', 526),
(2, 38, '7', '', 534),
(2, 39, '7', '', 540),
(2, 40, '1', '', 544),
(2, 41, '7', '', 548),
(2, 42, '7', '', 549),
(2, 43, '7', '', 551),
(2, 44, '1', '', 554),
(2, 45, '1', '', 554),
(2, 46, '1', '', 556),
(2, 47, '1', '', 555),
(2, 48, '5', '', 553),
(2, 49, '1', '', 551),
(2, 50, '1', '', 549),
(2, 51, '1', '', 542),
(2, 52, '1', '', 537),
(2, 53, '1', '', 530),
(2, 54, '7', '', 525),
(2, 55, '7', '', 524),
(2, 56, '1', '', 527),
(2, 57, '7', '', 535),
(2, 58, '1', '', 542),
(2, 59, '1', '', 551),
(2, 60, '1', '', 557),
(2, 61, '1', '', 562),
(2, 62, '1', '', 567),
(2, 63, '1', '', 569),
(2, 64, '1', '', 573),
(2, 65, '1', '', 575),
(2, 66, '1', '', 578),
(2, 67, '1', '', 579),
(2, 68, '1', '', 582),
(2, 69, '1', '', 584),
(2, 70, '1', '', 588),
(2, 71, '1', '', 589),
(2, 72, '1', '', 592),
(2, 73, '7', '', 593),
(2, 74, '1', '', 594),
(2, 75, '5', '', 596),
(2, 76, '5', '', 596),
(2, 77, '7', '', 597),
(2, 78, '1', '', 597),
(2, 79, '5', '', 598),
(2, 80, '7', '', 598),
(2, 81, '7', '', 599),
(2, 82, '7', '', 599),
(2, 83, '7', '', 600),
(2, 84, '1', '', 600),
(2, 85, '1', '', 600),
(2, 86, '1', '', 600),
(2, 87, '1', '', 600),
(2, 88, '1', '', 600),
(2, 89, '7', '', 600),
(2, 90, '7', '', 600),
(2, 91, '7', '', 600),
(2, 92, '7', '', 600),
(2, 93, '7', '', 600),
(2, 94, '7', '', 600),
(2, 95, '8', '', 600),
(2, 96, '6', '', 600),
(2, 97, '7', '', 600),
(2, 98, '5', '', 600),
(2, 99, '5', '', 600),
(2, 100, '7', '', 600),
(2, 101, '7', '', 600),
(2, 102, '7', '', 600),
(2, 103, '7', '', 600),
(2, 104, '5', '', 600),
(2, 105, '7', '', 600),
(2, 106, '7', '', 600),
(2, 107, '1', '', 600),
(2, 108, '7', '', 600),
(2, 109, '7', '', 600),
(2, 110, '1', '', 600),
(2, 111, '7', '', 600),
(2, 112, '7', '', 600),
(2, 113, '6', '', 600),
(2, 114, '6', '', 600),
(2, 115, '7', '', 600),
(2, 116, '5', '', 600),
(2, 117, '7', '', 600),
(2, 118, '7', '', 600),
(2, 119, '7', '', 600),
(2, 120, '5', '', 600),
(2, 121, '4', '', 600),
(2, 122, '4', '', 600),
(2, 123, '4', '', 600),
(2, 124, '4', '', 600),
(2, 125, '4', '', 600),
(2, 126, '4', '', 600),
(2, 127, '4', '', 600),
(2, 128, '4', '', 600),
(2, 129, '4', '', 600),
(2, 130, '4', '', 600),
(2, 131, '5', '', 600),
(2, 132, '5', '', 600),
(2, 133, '7', '', 600),
(2, 134, '7', '', 600),
(2, 135, '7', '', 600),
(2, 136, '5', '', 600),
(2, 137, '5', '', 600),
(2, 138, '5', '', 600),
(2, 139, '6', '', 600),
(2, 140, '6', '', 600),
(2, 141, '5', '', 600),
(2, 142, '5', '', 600),
(2, 143, '7', '', 600),
(3, 9, '2', '', 577),
(3, 10, '2', '', 573),
(3, 11, '1', '', 568),
(3, 12, '7', '', 563),
(3, 13, '1', '', 556),
(3, 14, '7', '', 548),
(3, 15, '7', '', 542),
(3, 16, '7', '', 535),
(3, 17, '1', '', 527),
(3, 18, '8', '', 520),
(3, 19, '7', '', 511),
(3, 20, '7', '', 501),
(3, 21, '7', '', 486),
(3, 22, '6', '', 467),
(3, 23, '7', '', 441),
(3, 24, '7', '', 405),
(3, 25, '5', '', 353),
(3, 26, '5', '', 287),
(3, 27, '5', '', 206),
(3, 28, '1', '', 155),
(3, 29, '5', '', 207),
(3, 30, '7', '', 288),
(3, 31, '5', '', 355),
(3, 32, '5', '', 407),
(3, 33, '7', '', 445),
(3, 34, '6', '', 471),
(3, 35, '7', '', 489),
(3, 36, '5', '', 503),
(3, 37, '1', '', 514),
(3, 38, '1', '', 522),
(3, 39, '1', '', 528),
(3, 40, '1', '', 532),
(3, 41, '7', '', 537),
(3, 42, '7', '', 540),
(3, 43, '1', '', 542),
(3, 44, '7', '', 543),
(3, 45, '7', '', 543),
(3, 46, '7', '', 545),
(3, 47, '7', '', 544),
(3, 48, '7', '', 541),
(3, 49, '7', '', 537),
(3, 50, '7', '', 532),
(3, 51, '7', '', 524),
(3, 52, '7', '', 513),
(3, 53, '7', '', 500),
(3, 54, '7', '', 491),
(3, 55, '7', '', 487),
(3, 56, '1', '', 494),
(3, 57, '7', '', 506),
(3, 58, '7', '', 519),
(3, 59, '1', '', 534),
(3, 60, '1', '', 543),
(3, 61, '1', '', 551),
(3, 62, '1', '', 556),
(3, 63, '1', '', 560),
(3, 64, '1', '', 565),
(3, 65, '1', '', 566),
(3, 66, '1', '', 569),
(3, 67, '1', '', 573),
(3, 68, '1', '', 577),
(3, 69, '1', '', 580),
(3, 70, '1', '', 584),
(3, 71, '1', '', 587),
(3, 72, '1', '', 589),
(3, 73, '1', '', 591),
(3, 74, '1', '', 593),
(3, 75, '1', '', 594),
(3, 76, '1', '', 596),
(3, 77, '1', '', 596),
(3, 78, '7', '', 597),
(3, 79, '5', '', 598),
(3, 80, '7', '', 598),
(3, 81, '1', '', 598),
(3, 82, '1', '', 599),
(3, 83, '1', '', 600),
(3, 84, '1', '', 600),
(3, 85, '1', '', 600),
(3, 86, '1', '', 600),
(3, 87, '1', '', 600),
(3, 88, '1', '', 600),
(3, 89, '7', '', 600),
(3, 90, '7', '', 600),
(3, 91, '8', '', 600),
(3, 92, '8', '', 600),
(3, 93, '7', '', 600),
(3, 94, '6', '', 600),
(3, 95, '6', '', 600),
(3, 96, '6', '', 600),
(3, 97, '6', '', 600),
(3, 98, '5', '', 600),
(3, 99, '7', '', 600),
(3, 100, '5', '', 600),
(3, 101, '7', '', 600),
(3, 102, '7', '', 600),
(3, 103, '7', '', 600),
(3, 104, '5', '', 600),
(3, 105, '5', '', 600),
(3, 106, '5', '', 600),
(3, 107, '7', '', 600),
(3, 108, '7', '', 600),
(3, 109, '7', '', 600),
(3, 110, '1', '', 600),
(3, 111, '7', '', 600),
(3, 112, '6', '', 600),
(3, 113, '6', '', 600),
(3, 114, '7', '', 600),
(3, 115, '5', '', 600),
(3, 116, '7', '', 600),
(3, 117, '7', '', 600),
(3, 118, '7', '', 600),
(3, 119, '6', '', 600),
(3, 120, '5', '', 600),
(3, 121, '4', '', 600),
(3, 122, '4', '', 600),
(3, 123, '4', '', 600),
(3, 124, '4', '', 600),
(3, 125, '4', '', 600),
(3, 126, '4', '', 600),
(3, 127, '4', '', 600),
(3, 128, '4', '', 600),
(3, 129, '4', '', 600),
(3, 130, '4', '', 600),
(3, 131, '7', '', 600),
(3, 132, '5', '', 600),
(3, 133, '5', '', 600),
(3, 134, '5', '', 600),
(3, 135, '5', '', 600),
(3, 136, '7', '', 600),
(3, 137, '7', '', 600),
(3, 138, '7', '', 600),
(3, 139, '5', '', 600),
(3, 140, '5', '', 600),
(3, 141, '5', '', 600),
(3, 142, '6', '', 600),
(3, 143, '6', '', 600),
(4, 10, '2', '', 567),
(4, 11, '1', '', 560),
(4, 12, '1', '', 553),
(4, 13, '7', '', 546),
(4, 14, '7', '', 538),
(4, 15, '7', '', 530),
(4, 16, '7', '', 522),
(4, 17, '1', '', 513),
(4, 18, '1', '', 504),
(4, 19, '7', '', 495),
(4, 20, '7', '', 485),
(4, 21, '7', '', 470),
(4, 22, '6', '', 452),
(4, 23, '6', '', 427),
(4, 24, '7', '', 390),
(4, 25, '1', '', 336),
(4, 26, '7', '', 260),
(4, 27, '5', '', 152),
(4, 28, '5', '', 0),
(4, 29, '5', '', 153),
(4, 30, '7', '', 261),
(4, 31, '7', '', 338),
(4, 32, '7', '', 393),
(4, 33, '7', '', 432),
(4, 34, '6', '', 458),
(4, 35, '5', '', 477),
(4, 36, '7', '', 490),
(4, 37, '1', '', 500),
(4, 38, '1', '', 508),
(4, 39, '1', '', 515),
(4, 40, '1', '', 518),
(4, 41, '1', '', 523),
(4, 42, '1', '', 528),
(4, 43, '1', '', 529),
(4, 44, '7', '', 531),
(4, 45, '7', '', 531),
(4, 46, '7', '', 531),
(4, 47, '7', '', 530),
(4, 48, '1', '', 527),
(4, 49, '7', '', 521),
(4, 50, '1', '', 514),
(4, 51, '7', '', 500),
(4, 52, '7', '', 482),
(4, 53, '7', '', 459),
(4, 54, '1', '', 439),
(4, 55, '7', '', 432),
(4, 56, '7', '', 442),
(4, 57, '7', '', 466),
(4, 58, '7', '', 490),
(4, 59, '1', '', 511),
(4, 60, '7', '', 526),
(4, 61, '7', '', 535),
(4, 62, '7', '', 544),
(4, 63, '1', '', 549),
(4, 64, '1', '', 552),
(4, 65, '1', '', 556),
(4, 66, '1', '', 560),
(4, 67, '1', '', 564),
(4, 68, '1', '', 568),
(4, 69, '1', '', 574),
(4, 70, '1', '', 578),
(4, 71, '1', '', 583),
(4, 72, '1', '', 585),
(4, 73, '1', '', 588),
(4, 74, '1', '', 591),
(4, 75, '1', '', 593),
(4, 76, '1', '', 594),
(4, 77, '7', '', 596),
(4, 78, '5', '', 597),
(4, 79, '5', '', 597),
(4, 80, '1', '', 598),
(4, 81, '1', '', 598),
(4, 82, '1', '', 598),
(4, 83, '1', '', 599),
(4, 84, '1', '', 600),
(4, 85, '1', '', 600),
(4, 86, '1', '', 600),
(4, 87, '1', '', 600),
(4, 88, '1', '', 600),
(4, 89, '7', '', 600),
(4, 90, '7', '', 600),
(4, 91, '8', '', 600),
(4, 92, '7', '', 600),
(4, 93, '7', '', 600),
(4, 94, '6', '', 600),
(4, 95, '6', '', 600),
(4, 96, '6', '', 600),
(4, 97, '6', '', 600),
(4, 98, '6', '', 600),
(4, 99, '6', '', 600),
(4, 100, '5', '', 600),
(4, 101, '6', '', 600),
(4, 102, '7', '', 600),
(4, 103, '7', '', 600),
(4, 104, '8', '', 600),
(4, 105, '5', '', 600),
(4, 106, '7', '', 600),
(4, 107, '5', '', 600),
(4, 108, '5', '', 600),
(4, 109, '7', '', 600),
(4, 110, '7', '', 600),
(4, 111, '6', '', 600),
(4, 112, '6', '', 600),
(4, 113, '6', '', 600),
(4, 114, '6', '', 600),
(4, 115, '5', '', 600),
(4, 116, '7', '', 600),
(4, 117, '6', '', 600),
(4, 118, '6', '', 600),
(4, 119, '6', '', 600),
(4, 120, '5', '', 600),
(4, 121, '4', '', 600),
(4, 122, '4', '', 600),
(4, 123, '4', '', 600),
(4, 124, '4', '', 600),
(4, 125, '4', '', 600),
(4, 126, '4', '', 600),
(4, 127, '4', '', 600),
(4, 128, '4', '', 600),
(4, 129, '4', '', 600),
(4, 130, '4', '', 600),
(4, 131, '4', '', 600),
(4, 132, '4', '', 600),
(4, 133, '4', '', 600),
(4, 134, '4', '', 600),
(4, 135, '4', '', 600),
(4, 136, '6', '', 600),
(4, 137, '6', '', 600),
(4, 138, '6', '', 600),
(4, 139, '7', '', 600),
(4, 140, '7', '', 600),
(4, 141, '6', '', 600),
(4, 142, '6', '', 600),
(4, 143, '7', '', 600),
(5, 10, '2', '', 558),
(5, 11, '1', '', 552),
(5, 12, '1', '', 544),
(5, 13, '7', '', 535),
(5, 14, '7', '', 525),
(5, 15, '7', '', 514),
(5, 16, '7', '', 505),
(5, 17, '1', '', 495),
(5, 18, '1', '', 485),
(5, 19, '7', '', 475),
(5, 20, '7', '', 466),
(5, 21, '7', '', 453),
(5, 22, '6', '', 438),
(5, 23, '6', '', 417),
(5, 24, '7', '', 385),
(5, 25, '7', '', 337),
(5, 26, '7', '', 274),
(5, 27, '7', '', 197),
(5, 28, '5', '', 150),
(5, 29, '7', '', 198),
(5, 30, '7', '', 275),
(5, 31, '1', '', 340),
(5, 32, '7', '', 388),
(5, 33, '7', '', 421),
(5, 34, '6', '', 446),
(5, 35, '7', '', 463),
(5, 36, '7', '', 475),
(5, 37, '1', '', 485),
(5, 38, '1', '', 492),
(5, 39, '7', '', 497),
(5, 40, '1', '', 503),
(5, 41, '7', '', 507),
(5, 42, '7', '', 512),
(5, 43, '7', '', 515),
(5, 44, '7', '', 516),
(5, 45, '7', '', 516),
(5, 46, '1', '', 513),
(5, 47, '1', '', 513),
(5, 48, '7', '', 508),
(5, 49, '7', '', 502),
(5, 50, '7', '', 491),
(5, 51, '7', '', 474),
(5, 52, '7', '', 446),
(5, 53, '7', '', 406),
(5, 54, '7', '', 365),
(5, 55, '7', '', 345),
(5, 56, '7', '', 367),
(5, 57, '7', '', 415),
(5, 58, '7', '', 456),
(5, 59, '7', '', 487),
(5, 60, '7', '', 508),
(5, 61, '1', '', 519),
(5, 62, '1', '', 527),
(5, 63, '1', '', 532),
(5, 64, '1', '', 537),
(5, 65, '1', '', 541),
(5, 66, '1', '', 547),
(5, 67, '1', '', 554),
(5, 68, '1', '', 559),
(5, 69, '1', '', 565),
(5, 70, '1', '', 572),
(5, 71, '1', '', 578),
(5, 72, '1', '', 582),
(5, 73, '1', '', 585),
(5, 74, '1', '', 589),
(5, 75, '1', '', 592),
(5, 76, '7', '', 593),
(5, 77, '5', '', 594),
(5, 78, '1', '', 596),
(5, 79, '1', '', 597),
(5, 80, '1', '', 597),
(5, 81, '7', '', 598),
(5, 82, '7', '', 598),
(5, 83, '7', '', 599),
(5, 84, '7', '', 600),
(5, 85, '1', '', 600),
(5, 86, '1', '', 600),
(5, 87, '8', '', 600),
(5, 88, '7', '', 600),
(5, 89, '7', '', 600),
(5, 90, '7', '', 600),
(5, 91, '6', '', 600),
(5, 92, '6', '', 600),
(5, 93, '6', '', 600),
(5, 94, '6', '', 600),
(5, 95, '6', '', 600),
(5, 96, '6', '', 600),
(5, 97, '6', '', 600),
(5, 98, '6', '', 600),
(5, 99, '6', '', 600),
(5, 100, '5', '', 600),
(5, 101, '6', '', 600),
(5, 102, '6', '', 600),
(5, 103, '7', '', 600),
(5, 104, '5', '', 600),
(5, 105, '7', '', 600),
(5, 106, '8', '', 600),
(5, 107, '7', '', 600),
(5, 108, '1', '', 600),
(5, 109, '5', '', 600),
(5, 110, '7', '', 600),
(5, 111, '6', '', 600),
(5, 112, '6', '', 600),
(5, 113, '7', '', 600),
(5, 114, '7', '', 600),
(5, 115, '5', '', 600),
(5, 116, '6', '', 600),
(5, 117, '6', '', 600),
(5, 118, '6', '', 600),
(5, 119, '6', '', 600),
(5, 120, '6', '', 600),
(5, 121, '4', '', 600),
(5, 122, '4', '', 600),
(5, 123, '4', '', 600),
(5, 124, '4', '', 600),
(5, 125, '4', '', 600),
(5, 126, '7', '', 600),
(5, 127, '7', '', 600),
(5, 128, '4', '', 600),
(5, 129, '4', '', 600),
(5, 130, '4', '', 600),
(5, 131, '4', '', 600),
(5, 132, '4', '', 600),
(5, 133, '4', '', 600),
(5, 134, '4', '', 600),
(5, 135, '4', '', 600),
(5, 136, '4', '', 600),
(5, 137, '6', '', 600),
(5, 138, '6', '', 600),
(5, 139, '6', '', 600),
(5, 140, '6', '', 600),
(5, 141, '6', '', 600),
(5, 142, '6', '', 600),
(5, 143, '6', '', 600),
(6, 10, '2', '', 552),
(6, 11, '1', '', 544),
(6, 12, '1', '', 533),
(6, 13, '1', '', 522),
(6, 14, '1', '', 510),
(6, 15, '7', '', 498),
(6, 16, '7', '', 483),
(6, 17, '1', '', 472),
(6, 18, '1', '', 462),
(6, 19, '1', '', 453),
(6, 20, '7', '', 443),
(6, 21, '7', '', 435),
(6, 22, '7', '', 424),
(6, 23, '6', '', 408),
(6, 24, '7', '', 385),
(6, 25, '7', '', 351),
(6, 26, '7', '', 310),
(6, 27, '7', '', 268),
(6, 28, '5', '', 249),
(6, 29, '7', '', 269),
(6, 30, '7', '', 311),
(6, 31, '1', '', 355),
(6, 32, '1', '', 390),
(6, 33, '7', '', 415),
(6, 34, '6', '', 435),
(6, 35, '1', '', 447),
(6, 36, '1', '', 458),
(6, 37, '1', '', 466),
(6, 38, '1', '', 471),
(6, 39, '1', '', 478),
(6, 40, '1', '', 485),
(6, 41, '7', '', 489),
(6, 42, '7', '', 494),
(6, 43, '7', '', 496),
(6, 44, '7', '', 498),
(6, 45, '7', '', 496),
(6, 46, '7', '', 495),
(6, 47, '7', '', 491),
(6, 48, '1', '', 485),
(6, 49, '1', '', 479),
(6, 50, '1', '', 467),
(6, 51, '7', '', 446),
(6, 52, '1', '', 411),
(6, 53, '7', '', 350),
(6, 54, '7', '', 267),
(6, 55, '7', '', 209),
(6, 56, '7', '', 270),
(6, 57, '7', '', 359),
(6, 58, '1', '', 423),
(6, 59, '7', '', 463),
(6, 60, '7', '', 487),
(6, 61, '7', '', 500),
(6, 62, '7', '', 509),
(6, 63, '7', '', 512),
(6, 64, '1', '', 517),
(6, 65, '1', '', 523),
(6, 66, '1', '', 531),
(6, 67, '1', '', 540),
(6, 68, '1', '', 547),
(6, 69, '8', '', 555),
(6, 70, '8', '', 565),
(6, 71, '1', '', 572),
(6, 72, '1', '', 578),
(6, 73, '1', '', 583),
(6, 74, '1', '', 587),
(6, 75, '1', '', 589),
(6, 76, '5', '', 592),
(6, 77, '7', '', 594),
(6, 78, '7', '', 595),
(6, 79, '1', '', 597),
(6, 80, '7', '', 597),
(6, 81, '7', '', 598),
(6, 82, '7', '', 598),
(6, 83, '7', '', 598),
(6, 84, '7', '', 599),
(6, 85, '8', '', 600),
(6, 86, '8', '', 600),
(6, 87, '7', '', 600),
(6, 88, '8', '', 600),
(6, 89, '8', '', 600),
(6, 90, '6', '', 600),
(6, 91, '6', '', 600),
(6, 92, '6', '', 600),
(6, 93, '6', '', 600),
(6, 94, '6', '', 600),
(6, 95, '6', '', 600),
(6, 96, '6', '', 600),
(6, 97, '6', '', 600),
(6, 98, '6', '', 600),
(6, 99, '6', '', 600),
(6, 100, '5', '', 600),
(6, 101, '6', '', 600),
(6, 102, '6', '', 600),
(6, 103, '6', '', 600),
(6, 104, '6', '', 600),
(6, 105, '6', '', 600),
(6, 106, '5', '', 600),
(6, 107, '5', '', 600),
(6, 108, '5', '', 600),
(6, 109, '7', '', 600),
(6, 110, '7', '', 600),
(6, 111, '6', '', 600),
(6, 112, '6', '', 600),
(6, 113, '7', '', 600),
(6, 114, '5', '', 600),
(6, 115, '6', '', 600),
(6, 116, '6', '', 600),
(6, 117, '6', '', 600),
(6, 118, '6', '', 600),
(6, 119, '6', '', 600),
(6, 120, '6', '', 600),
(6, 121, '4', '', 600),
(6, 122, '4', '', 600),
(6, 123, '4', '', 600),
(6, 124, '4', '', 600),
(6, 125, '4', '', 600),
(6, 126, '6', '', 600),
(6, 127, '6', '', 600),
(6, 128, '7', '', 600),
(6, 129, '4', '', 600),
(6, 130, '4', '', 600),
(6, 131, '4', '', 600),
(6, 132, '4', '', 600),
(6, 133, '4', '', 600),
(6, 134, '4', '', 600),
(6, 135, '4', '', 600),
(6, 136, '4', '', 600),
(6, 137, '7', '', 600),
(6, 138, '7', '', 600),
(6, 139, '6', '', 600),
(6, 140, '6', '', 600),
(6, 141, '6', '', 600),
(6, 142, '6', '', 600),
(6, 143, '6', '', 600),
(7, 10, '2', '', 545),
(7, 11, '1', '', 534),
(7, 12, '1', '', 522),
(7, 13, '7', '', 507),
(7, 14, '7', '', 491),
(7, 15, '7', '', 475),
(7, 16, '1', '', 459),
(7, 17, '1', '', 445),
(7, 18, '1', '', 431),
(7, 19, '7', '', 421),
(7, 20, '7', '', 416),
(7, 21, '7', '', 411),
(7, 22, '7', '', 407),
(7, 23, '7', '', 397),
(7, 24, '7', '', 386),
(7, 25, '7', '', 367),
(7, 26, '7', '', 345),
(7, 27, '6', '', 323),
(7, 28, '5', '', 314),
(7, 29, '7', '', 323),
(7, 30, '7', '', 347),
(7, 31, '1', '', 371),
(7, 32, '1', '', 394),
(7, 33, '1', '', 410),
(7, 34, '1', '', 421),
(7, 35, '7', '', 431),
(7, 36, '7', '', 437),
(7, 37, '7', '', 443),
(7, 38, '7', '', 449),
(7, 39, '7', '', 456),
(7, 40, '7', '', 462),
(7, 41, '7', '', 468),
(7, 42, '7', '', 472),
(7, 43, '7', '', 477),
(7, 44, '7', '', 478),
(7, 45, '7', '', 475),
(7, 46, '7', '', 472),
(7, 47, '1', '', 466),
(7, 48, '7', '', 460),
(7, 49, '7', '', 452),
(7, 50, '7', '', 441),
(7, 51, '7', '', 420),
(7, 52, '7', '', 383),
(7, 53, '7', '', 318),
(7, 54, '7', '', 202),
(7, 55, '7', '', 0),
(7, 56, '7', '', 203),
(7, 57, '7', '', 328),
(7, 58, '7', '', 402),
(7, 59, '7', '', 443),
(7, 60, '7', '', 466),
(7, 61, '7', '', 477),
(7, 62, '7', '', 484),
(7, 63, '1', '', 486),
(7, 64, '1', '', 490),
(7, 65, '1', '', 499),
(7, 66, '7', '', 509),
(7, 67, '7', '', 521),
(7, 68, '8', '', 532),
(7, 69, '8', '', 543),
(7, 70, '8', '', 555),
(7, 71, '8', '', 566),
(7, 72, '1', '', 573),
(7, 73, '1', '', 579),
(7, 74, '1', '', 584),
(7, 75, '7', '', 588),
(7, 76, '5', '', 590),
(7, 77, '7', '', 593),
(7, 78, '7', '', 594),
(7, 79, '5', '', 596),
(7, 80, '7', '', 597),
(7, 81, '5', '', 598),
(7, 82, '5', '', 598),
(7, 83, '8', '', 598),
(7, 84, '7', '', 599),
(7, 85, '7', '', 600),
(7, 86, '7', '', 600),
(7, 87, '7', '', 600),
(7, 88, '7', '', 600),
(7, 89, '8', '', 600),
(7, 90, '6', '', 600),
(7, 91, '6', '', 600),
(7, 92, '6', '', 600),
(7, 93, '6', '', 600),
(7, 94, '6', '', 600),
(7, 95, '6', '', 600),
(7, 96, '7', '', 600),
(7, 97, '6', '', 600),
(7, 98, '6', '', 600),
(7, 99, '7', '', 600),
(7, 100, '5', '', 600),
(7, 101, '6', '', 600),
(7, 102, '6', '', 600),
(7, 103, '6', '', 600),
(7, 104, '6', '', 600),
(7, 105, '6', '', 600),
(7, 106, '5', '', 600),
(7, 107, '7', '', 600),
(7, 108, '7', '', 600),
(7, 109, '6', '', 600),
(7, 110, '6', '', 600),
(7, 111, '7', '', 600),
(7, 112, '7', '', 600),
(7, 113, '5', '', 600),
(7, 114, '6', '', 600),
(7, 115, '6', '', 600),
(7, 116, '6', '', 600),
(7, 117, '6', '', 600),
(7, 118, '6', '', 600),
(7, 119, '6', '', 600),
(7, 120, '4', '', 600),
(7, 121, '4', '', 600),
(7, 122, '4', '', 600),
(7, 123, '7', '', 600),
(7, 124, '7', '', 600),
(7, 125, '6', '', 600),
(7, 126, '6', '', 600),
(7, 127, '6', '', 600),
(7, 128, '7', '', 600),
(7, 129, '4', '', 600),
(7, 130, '4', '', 600),
(7, 131, '4', '', 600),
(7, 132, '4', '', 600),
(7, 133, '4', '', 600),
(7, 134, '4', '', 600),
(7, 135, '4', '', 600),
(7, 136, '4', '', 600),
(7, 137, '4', '', 600),
(7, 138, '7', '', 600),
(7, 139, '7', '', 600),
(7, 140, '7', '', 600),
(7, 141, '6', '', 600),
(7, 142, '7', '', 600),
(7, 143, '7', '', 600),
(8, 10, '2', '', 535),
(8, 11, '1', '', 522),
(8, 12, '1', '', 505),
(8, 13, '7', '', 490),
(8, 14, '7', '', 470),
(8, 15, '1', '', 450),
(8, 16, '1', '', 428),
(8, 17, '1', '', 410),
(8, 18, '1', '', 395),
(8, 19, '7', '', 384),
(8, 20, '7', '', 381),
(8, 21, '7', '', 383),
(8, 22, '7', '', 385),
(8, 23, '1', '', 386),
(8, 24, '7', '', 383),
(8, 25, '7', '', 377),
(8, 26, '6', '', 366),
(8, 27, '6', '', 357),
(8, 28, '7', '', 355),
(8, 29, '1', '', 358),
(8, 30, '1', '', 370),
(8, 31, '1', '', 382),
(8, 32, '1', '', 392),
(8, 33, '1', '', 400),
(8, 34, '1', '', 406),
(8, 35, '1', '', 408),
(8, 36, '7', '', 412),
(8, 37, '7', '', 414),
(8, 38, '7', '', 421),
(8, 39, '7', '', 429),
(8, 40, '7', '', 436),
(8, 41, '7', '', 442),
(8, 42, '7', '', 450),
(8, 43, '7', '', 455),
(8, 44, '7', '', 454),
(8, 45, '7', '', 451),
(8, 46, '1', '', 443),
(8, 47, '1', '', 436),
(8, 48, '7', '', 426),
(8, 49, '7', '', 420),
(8, 50, '7', '', 411),
(8, 51, '7', '', 397),
(8, 52, '7', '', 371),
(8, 53, '7', '', 323),
(8, 54, '7', '', 248),
(8, 55, '7', '', 195),
(8, 56, '7', '', 253),
(8, 57, '7', '', 336),
(8, 58, '7', '', 396),
(8, 59, '7', '', 430),
(8, 60, '7', '', 447),
(8, 61, '7', '', 452),
(8, 62, '6', '', 453),
(8, 63, '6', '', 452),
(8, 64, '6', '', 456),
(8, 65, '7', '', 466),
(8, 66, '6', '', 479),
(8, 67, '6', '', 497),
(8, 68, '7', '', 513),
(8, 69, '8', '', 530),
(8, 70, '7', '', 545),
(8, 71, '7', '', 557),
(8, 72, '7', '', 567),
(8, 73, '8', '', 575),
(8, 74, '7', '', 581),
(8, 75, '1', '', 585),
(8, 76, '1', '', 589),
(8, 77, '5', '', 592),
(8, 78, '5', '', 594),
(8, 79, '7', '', 595),
(8, 80, '5', '', 597),
(8, 81, '7', '', 597),
(8, 82, '5', '', 598),
(8, 83, '8', '', 598),
(8, 84, '7', '', 598),
(8, 85, '7', '', 600),
(8, 86, '7', '', 600),
(8, 87, '6', '', 600),
(8, 88, '6', '', 600),
(8, 89, '7', '', 600),
(8, 90, '6', '', 600),
(8, 91, '6', '', 600),
(8, 92, '6', '', 600),
(8, 93, '7', '', 600),
(8, 94, '7', '', 600),
(8, 95, '7', '', 600),
(8, 96, '6', '', 600),
(8, 97, '6', '', 600),
(8, 98, '7', '', 600),
(8, 99, '7', '', 600),
(8, 100, '5', '', 600),
(8, 101, '7', '', 600),
(8, 102, '7', '', 600),
(8, 103, '6', '', 600),
(8, 104, '6', '', 600),
(8, 105, '7', '', 600),
(8, 106, '7', '', 600),
(8, 107, '5', '', 600),
(8, 108, '6', '', 600),
(8, 109, '6', '', 600),
(8, 110, '6', '', 600),
(8, 111, '6', '', 600),
(8, 112, '4', '', 600),
(8, 113, '5', '', 600),
(8, 114, '6', '', 600),
(8, 115, '6', '', 600),
(8, 116, '6', '', 600),
(8, 117, '4', '', 600),
(8, 118, '4', '', 600),
(8, 119, '4', '', 600),
(8, 120, '4', '', 600),
(8, 121, '4', '', 600),
(8, 122, '4', '', 600),
(8, 123, '4', '', 600),
(8, 124, '6', '', 600),
(8, 125, '6', '', 600),
(8, 126, '6', '', 600),
(8, 127, '6', '', 600),
(8, 128, '4', '', 600),
(8, 129, '4', '', 600),
(8, 130, '7', '', 600),
(8, 131, '7', '', 600),
(8, 132, '7', '', 600),
(8, 133, '4', '', 600),
(8, 134, '4', '', 600),
(8, 135, '4', '', 600),
(8, 136, '4', '', 600),
(8, 137, '7', '', 600),
(8, 138, '7', '', 600),
(8, 139, '7', '', 600),
(8, 140, '7', '', 600),
(8, 141, '6', '', 600),
(8, 142, '7', '', 600),
(8, 143, '7', '', 600),
(9, 9, '2', '', 539),
(9, 10, '1', '', 526),
(9, 11, '1', '', 511),
(9, 12, '1', '', 492),
(9, 13, '1', '', 472),
(9, 14, '1', '', 447),
(9, 15, '1', '', 422),
(9, 16, '1', '', 394),
(9, 17, '1', '', 368),
(9, 18, '7', '', 348),
(9, 19, '7', '', 337),
(9, 20, '7', '', 337),
(9, 21, '1', '', 347),
(9, 22, '7', '', 358),
(9, 23, '7', '', 369),
(9, 24, '7', '', 376),
(9, 25, '7', '', 378),
(9, 26, '6', '', 379),
(9, 27, '6', '', 377),
(9, 28, '7', '', 376),
(9, 29, '1', '', 378),
(9, 30, '7', '', 382),
(9, 31, '7', '', 386),
(9, 32, '7', '', 387),
(9, 33, '1', '', 385),
(9, 34, '7', '', 384),
(9, 35, '7', '', 380),
(9, 36, '1', '', 380),
(9, 37, '1', '', 381),
(9, 38, '7', '', 386),
(9, 39, '7', '', 394),
(9, 40, '7', '', 406),
(9, 41, '7', '', 416),
(9, 42, '7', '', 423),
(9, 43, '7', '', 428),
(9, 44, '1', '', 428),
(9, 45, '1', '', 423),
(9, 46, '7', '', 412),
(9, 47, '7', '', 397),
(9, 48, '7', '', 385),
(9, 49, '7', '', 377),
(9, 50, '7', '', 374),
(9, 51, '1', '', 372),
(9, 52, '7', '', 363),
(9, 53, '7', '', 342),
(9, 54, '7', '', 314),
(9, 55, '7', '', 302),
(9, 56, '7', '', 323),
(9, 57, '7', '', 364),
(9, 58, '1', '', 397),
(9, 59, '7', '', 418),
(9, 60, '7', '', 425),
(9, 61, '7', '', 422),
(9, 62, '6', '', 416),
(9, 63, '6', '', 408),
(9, 64, '6', '', 410),
(9, 65, '6', '', 422),
(9, 66, '6', '', 442),
(9, 67, '6', '', 467),
(9, 68, '7', '', 492),
(9, 69, '8', '', 513),
(9, 70, '7', '', 534),
(9, 71, '7', '', 549),
(9, 72, '7', '', 562),
(9, 73, '7', '', 571),
(9, 74, '8', '', 579),
(9, 75, '8', '', 584),
(9, 76, '7', '', 588),
(9, 77, '5', '', 591),
(9, 78, '7', '', 593),
(9, 79, '7', '', 595),
(9, 80, '5', '', 597),
(9, 81, '6', '', 597),
(9, 82, '5', '', 598),
(9, 83, '6', '', 598),
(9, 84, '6', '', 598),
(9, 85, '7', '', 600),
(9, 86, '7', '', 600),
(9, 87, '6', '', 600),
(9, 88, '6', '', 600),
(9, 89, '7', '', 600),
(9, 90, '6', '', 600),
(9, 91, '7', '', 600),
(9, 92, '7', '', 600),
(9, 93, '7', '', 600),
(9, 94, '6', '', 600),
(9, 95, '6', '', 600),
(9, 96, '6', '', 600),
(9, 97, '6', '', 600),
(9, 98, '6', '', 600),
(9, 99, '7', '', 600),
(9, 100, '5', '', 600),
(9, 101, '5', '', 600),
(9, 102, '7', '', 600),
(9, 103, '7', '', 600),
(9, 104, '7', '', 600),
(9, 105, '7', '', 600),
(9, 106, '7', '', 600),
(9, 107, '8', '', 600),
(9, 108, '5', '', 600),
(9, 109, '6', '', 600),
(9, 110, '6', '', 600),
(9, 111, '4', '', 600),
(9, 112, '4', '', 600),
(9, 113, '4', '', 600),
(9, 114, '4', '', 600),
(9, 115, '4', '', 600),
(9, 116, '4', '', 600),
(9, 117, '4', '', 600),
(9, 118, '4', '', 600),
(9, 119, '4', '', 600),
(9, 120, '4', '', 600),
(9, 121, '4', '', 600),
(9, 122, '4', '', 600),
(9, 123, '4', '', 600),
(9, 124, '6', '', 600),
(9, 125, '7', '', 600),
(9, 126, '7', '', 600),
(9, 127, '4', '', 600),
(9, 128, '4', '', 600),
(9, 129, '4', '', 600),
(9, 130, '4', '', 600),
(9, 131, '4', '', 600),
(9, 132, '7', '', 600),
(9, 133, '7', '', 600),
(9, 134, '7', '', 600),
(9, 135, '4', '', 600),
(9, 136, '4', '', 600),
(9, 137, '7', '', 600),
(9, 138, '7', '', 600),
(9, 139, '7', '', 600),
(9, 140, '6', '', 600),
(9, 141, '6', '', 600),
(9, 142, '7', '', 600),
(9, 143, '7', '', 600),
(10, 9, '2', '', 532),
(10, 10, '1', '', 517),
(10, 11, '1', '', 499),
(10, 12, '7', '', 477),
(10, 13, '7', '', 453),
(10, 14, '7', '', 422),
(10, 15, '1', '', 390),
(10, 16, '1', '', 354),
(10, 17, '1', '', 319),
(10, 18, '7', '', 291),
(10, 19, '7', '', 276),
(10, 20, '7', '', 283),
(10, 21, '7', '', 302),
(10, 22, '7', '', 326),
(10, 23, '7', '', 348),
(10, 24, '7', '', 365),
(10, 25, '6', '', 374),
(10, 26, '6', '', 382),
(10, 27, '7', '', 384),
(10, 28, '7', '', 385),
(10, 29, '1', '', 385),
(10, 30, '1', '', 383),
(10, 31, '1', '', 381),
(10, 32, '1', '', 373),
(10, 33, '1', '', 365),
(10, 34, '1', '', 355),
(10, 35, '7', '', 345),
(10, 36, '1', '', 339),
(10, 37, '1', '', 338),
(10, 38, '7', '', 345),
(10, 39, '7', '', 355),
(10, 40, '1', '', 369),
(10, 41, '7', '', 383),
(10, 42, '1', '', 394),
(10, 43, '1', '', 403),
(10, 44, '7', '', 401),
(10, 45, '7', '', 393),
(10, 46, '7', '', 375),
(10, 47, '7', '', 353),
(10, 48, '7', '', 332),
(10, 49, '7', '', 321),
(10, 50, '7', '', 326),
(10, 51, '7', '', 341),
(10, 52, '7', '', 351),
(10, 53, '1', '', 355),
(10, 54, '7', '', 351),
(10, 55, '7', '', 352),
(10, 56, '1', '', 365),
(10, 57, '1', '', 384),
(10, 58, '7', '', 400),
(10, 59, '1', '', 406),
(10, 60, '1', '', 403),
(10, 61, '7', '', 388),
(10, 62, '1', '', 369),
(10, 63, '6', '', 351),
(10, 64, '6', '', 347),
(10, 65, '6', '', 364),
(10, 66, '6', '', 396),
(10, 67, '6', '', 433),
(10, 68, '6', '', 467),
(10, 69, '6', '', 498),
(10, 70, '7', '', 521),
(10, 71, '7', '', 541),
(10, 72, '7', '', 557),
(10, 73, '6', '', 567),
(10, 74, '7', '', 576),
(10, 75, '7', '', 582),
(10, 76, '7', '', 586),
(10, 77, '5', '', 590),
(10, 78, '7', '', 593),
(10, 79, '7', '', 594),
(10, 80, '7', '', 595),
(10, 81, '5', '', 597),
(10, 82, '5', '', 598),
(10, 83, '6', '', 598),
(10, 84, '6', '', 598),
(10, 85, '7', '', 599),
(10, 86, '7', '', 600),
(10, 87, '6', '', 600),
(10, 88, '6', '', 600),
(10, 89, '7', '', 600),
(10, 90, '7', '', 600),
(10, 91, '7', '', 600),
(10, 92, '6', '', 600),
(10, 93, '6', '', 600),
(10, 94, '6', '', 600),
(10, 95, '6', '', 600),
(10, 96, '7', '', 600),
(10, 97, '7', '', 600),
(10, 98, '6', '', 600),
(10, 99, '5', '', 600),
(10, 100, '7', '', 600),
(10, 101, '7', '', 600),
(10, 102, '5', '', 600),
(10, 103, '5', '', 600),
(10, 104, '5', '', 600),
(10, 105, '6', '', 600),
(10, 106, '6', '', 600),
(10, 107, '8', '', 600),
(10, 108, '4', '', 600),
(10, 109, '6', '', 600),
(10, 110, '6', '', 600),
(10, 111, '4', '', 600),
(10, 112, '4', '', 600),
(10, 113, '4', '', 600),
(10, 114, '4', '', 600),
(10, 115, '4', '', 600),
(10, 116, '4', '', 600),
(10, 117, '4', '', 600),
(10, 118, '4', '', 600),
(10, 119, '4', '', 600),
(10, 120, '4', '', 600),
(10, 121, '4', '', 600),
(10, 122, '4', '', 600),
(10, 123, '4', '', 600),
(10, 124, '7', '', 600),
(10, 125, '7', '', 600),
(10, 126, '4', '', 600),
(10, 127, '4', '', 600),
(10, 128, '4', '', 600),
(10, 129, '4', '', 600),
(10, 130, '4', '', 600),
(10, 131, '4', '', 600),
(10, 132, '4', '', 600),
(10, 133, '7', '', 600),
(10, 134, '7', '', 600),
(10, 135, '4', '', 600),
(10, 136, '4', '', 600),
(10, 137, '7', '', 600),
(10, 138, '7', '', 600),
(10, 139, '7', '', 600),
(10, 140, '6', '', 600),
(10, 141, '6', '', 600),
(10, 142, '7', '', 600),
(10, 143, '7', '', 600),
(11, 9, '2', '', 521),
(11, 10, '1', '', 506),
(11, 11, '1', '', 488),
(11, 12, '7', '', 464),
(11, 13, '7', '', 435),
(11, 14, '7', '', 400),
(11, 15, '1', '', 361),
(11, 16, '1', '', 315),
(11, 17, '1', '', 266),
(11, 18, '1', '', 223),
(11, 19, '1', '', 201),
(11, 20, '1', '', 217),
(11, 21, '1', '', 253),
(11, 22, '1', '', 291),
(11, 23, '1', '', 325),
(11, 24, '7', '', 351),
(11, 25, '6', '', 369),
(11, 26, '7', '', 378),
(11, 27, '7', '', 385),
(11, 28, '7', '', 386),
(11, 29, '1', '', 383),
(11, 30, '7', '', 378),
(11, 31, '1', '', 369),
(11, 32, '7', '', 354),
(11, 33, '7', '', 338),
(11, 34, '1', '', 319),
(11, 35, '7', '', 303),
(11, 36, '1', '', 292),
(11, 37, '1', '', 288),
(11, 38, '1', '', 294),
(11, 39, '7', '', 309),
(11, 40, '7', '', 329),
(11, 41, '7', '', 349),
(11, 42, '1', '', 366),
(11, 43, '7', '', 377),
(11, 44, '7', '', 377),
(11, 45, '7', '', 365),
(11, 46, '7', '', 339),
(11, 47, '7', '', 305),
(11, 48, '7', '', 264),
(11, 49, '7', '', 244),
(11, 50, '7', '', 261),
(11, 51, '7', '', 298),
(11, 52, '7', '', 331),
(11, 53, '7', '', 353),
(11, 54, '7', '', 364),
(11, 55, '1', '', 373),
(11, 56, '7', '', 380),
(11, 57, '7', '', 391),
(11, 58, '7', '', 394),
(11, 59, '7', '', 390),
(11, 60, '7', '', 377),
(11, 61, '7', '', 351),
(11, 62, '7', '', 315),
(11, 63, '7', '', 279),
(11, 64, '6', '', 263),
(11, 65, '7', '', 289),
(11, 66, '7', '', 341),
(11, 67, '6', '', 397),
(11, 68, '6', '', 444),
(11, 69, '6', '', 482),
(11, 70, '6', '', 511),
(11, 71, '6', '', 534),
(11, 72, '6', '', 551),
(11, 73, '6', '', 564),
(11, 74, '6', '', 573),
(11, 75, '7', '', 581),
(11, 76, '5', '', 586),
(11, 77, '7', '', 590),
(11, 78, '7', '', 592),
(11, 79, '6', '', 594),
(11, 80, '5', '', 595),
(11, 81, '6', '', 597),
(11, 82, '6', '', 598),
(11, 83, '7', '', 598),
(11, 84, '7', '', 598),
(11, 85, '7', '', 598),
(11, 86, '6', '', 600),
(11, 87, '6', '', 600),
(11, 88, '6', '', 600),
(11, 89, '7', '', 600),
(11, 90, '4', '', 600),
(11, 91, '4', '', 600),
(11, 92, '6', '', 600),
(11, 93, '6', '', 600),
(11, 94, '6', '', 600),
(11, 95, '4', '', 600),
(11, 96, '4', '', 600),
(11, 97, '4', '', 600),
(11, 98, '4', '', 600),
(11, 99, '4', '', 600),
(11, 100, '5', '', 600),
(11, 101, '5', '', 600),
(11, 102, '7', '', 600),
(11, 103, '7', '', 600),
(11, 104, '6', '', 600),
(11, 105, '6', '', 600),
(11, 106, '6', '', 600),
(11, 107, '4', '', 600),
(11, 108, '4', '', 600),
(11, 109, '4', '', 600),
(11, 110, '4', '', 600),
(11, 111, '4', '', 600),
(11, 112, '4', '', 600),
(11, 113, '4', '', 600),
(11, 114, '4', '', 600),
(11, 115, '4', '', 600),
(11, 116, '4', '', 600),
(11, 117, '4', '', 600),
(11, 118, '4', '', 600),
(11, 119, '4', '', 600),
(11, 120, '4', '', 600),
(11, 121, '4', '', 600),
(11, 122, '4', '', 600),
(11, 123, '7', '', 600),
(11, 124, '7', '', 600),
(11, 125, '4', '', 600),
(11, 126, '4', '', 600),
(11, 127, '4', '', 600),
(11, 128, '4', '', 600),
(11, 129, '4', '', 600),
(11, 130, '4', '', 600),
(11, 131, '4', '', 600),
(11, 132, '4', '', 600),
(11, 133, '7', '', 600),
(11, 134, '4', '', 600),
(11, 135, '4', '', 600),
(11, 136, '7', '', 600),
(11, 137, '7', '', 600),
(11, 138, '7', '', 600),
(11, 139, '7', '', 600),
(11, 140, '6', '', 600),
(11, 141, '6', '', 600),
(11, 142, '6', '', 600),
(11, 143, '7', '', 600),
(12, 9, '2', '', 515),
(12, 10, '1', '', 497),
(12, 11, '1', '', 477),
(12, 12, '1', '', 449),
(12, 13, '1', '', 419),
(12, 14, '1', '', 381),
(12, 15, '1', '', 335),
(12, 16, '1', '', 282),
(12, 17, '1', '', 217),
(12, 18, '1', '', 150),
(12, 19, '1', '', 109),
(12, 20, '1', '', 147),
(12, 21, '1', '', 207),
(12, 22, '1', '', 262),
(12, 23, '7', '', 304),
(12, 24, '5', '', 334),
(12, 25, '1', '', 356),
(12, 26, '1', '', 371),
(12, 27, '7', '', 380),
(12, 28, '7', '', 381),
(12, 29, '1', '', 377),
(12, 30, '7', '', 368),
(12, 31, '7', '', 351),
(12, 32, '7', '', 332),
(12, 33, '7', '', 308),
(12, 34, '7', '', 279),
(12, 35, '7', '', 253),
(12, 36, '7', '', 235),
(12, 37, '7', '', 228),
(12, 38, '1', '', 236),
(12, 39, '7', '', 257),
(12, 40, '7', '', 284),
(12, 41, '1', '', 314),
(12, 42, '7', '', 337),
(12, 43, '7', '', 352),
(12, 44, '7', '', 355),
(12, 45, '7', '', 341),
(12, 46, '7', '', 310),
(12, 47, '7', '', 256),
(12, 48, '7', '', 187),
(12, 49, '7', '', 142),
(12, 50, '7', '', 187),
(12, 51, '7', '', 256),
(12, 52, '7', '', 310),
(12, 53, '7', '', 346),
(12, 54, '7', '', 366),
(12, 55, '1', '', 376),
(12, 56, '7', '', 382),
(12, 57, '7', '', 384),
(12, 58, '7', '', 382),
(12, 59, '7', '', 372),
(12, 60, '7', '', 353),
(12, 61, '7', '', 318),
(12, 62, '7', '', 264),
(12, 63, '7', '', 194),
(12, 64, '6', '', 150),
(12, 65, '5', '', 204),
(12, 66, '5', '', 291),
(12, 67, '5', '', 366),
(12, 68, '6', '', 425),
(12, 69, '7', '', 470),
(12, 70, '7', '', 503),
(12, 71, '6', '', 529),
(12, 72, '6', '', 548),
(12, 73, '6', '', 561),
(12, 74, '6', '', 571),
(12, 75, '6', '', 579),
(12, 76, '6', '', 584),
(12, 77, '7', '', 588),
(12, 78, '7', '', 591),
(12, 79, '6', '', 594),
(12, 80, '5', '', 595),
(12, 81, '4', '', 597),
(12, 82, '4', '', 598),
(12, 83, '4', '', 598),
(12, 84, '4', '', 598),
(12, 85, '4', '', 598),
(12, 86, '6', '', 600),
(12, 87, '7', '', 600),
(12, 88, '7', '', 600),
(12, 89, '4', '', 600),
(12, 90, '4', '', 600),
(12, 91, '4', '', 600),
(12, 92, '7', '', 600),
(12, 93, '7', '', 600),
(12, 94, '4', '', 600),
(12, 95, '4', '', 600),
(12, 96, '4', '', 600),
(12, 97, '4', '', 600),
(12, 98, '4', '', 600),
(12, 99, '4', '', 600),
(12, 100, '5', '', 600),
(12, 101, '7', '', 600),
(12, 102, '6', '', 600),
(12, 103, '6', '', 600),
(12, 104, '6', '', 600),
(12, 105, '4', '', 600),
(12, 106, '4', '', 600),
(12, 107, '4', '', 600),
(12, 108, '4', '', 600),
(12, 109, '4', '', 600),
(12, 110, '4', '', 600),
(12, 111, '4', '', 600),
(12, 112, '4', '', 600),
(12, 113, '4', '', 600),
(12, 114, '4', '', 600),
(12, 115, '4', '', 600),
(12, 116, '4', '', 600),
(12, 117, '4', '', 600),
(12, 118, '4', '', 600),
(12, 119, '4', '', 600),
(12, 120, '4', '', 600),
(12, 121, '4', '', 600),
(12, 122, '7', '', 600),
(12, 123, '7', '', 600),
(12, 124, '7', '', 600),
(12, 125, '4', '', 600),
(12, 126, '4', '', 600),
(12, 127, '4', '', 600),
(12, 128, '4', '', 600),
(12, 129, '4', '', 600),
(12, 130, '4', '', 600),
(12, 131, '4', '', 600),
(12, 132, '4', '', 600),
(12, 133, '4', '', 600),
(12, 134, '4', '', 600),
(12, 135, '4', '', 600),
(12, 136, '7', '', 600),
(12, 137, '7', '', 600),
(12, 138, '6', '', 600),
(12, 139, '6', '', 600),
(12, 140, '6', '', 600),
(12, 141, '6', '', 600),
(12, 142, '6', '', 600),
(12, 143, '7', '', 600),
(13, 9, '2', '', 505),
(13, 10, '2', '', 486),
(13, 11, '1', '', 463),
(13, 12, '1', '', 436),
(13, 13, '1', '', 403),
(13, 14, '1', '', 363),
(13, 15, '1', '', 317),
(13, 16, '1', '', 260),
(13, 17, '1', '', 192),
(13, 18, '1', '', 107),
(13, 19, '1', '', 0),
(13, 20, '1', '', 106),
(13, 21, '1', '', 183),
(13, 22, '1', '', 242),
(13, 23, '7', '', 287),
(13, 24, '7', '', 324),
(13, 25, '5', '', 346),
(13, 26, '5', '', 363),
(13, 27, '7', '', 370),
(13, 28, '7', '', 372),
(13, 29, '7', '', 367),
(13, 30, '7', '', 356),
(13, 31, '7', '', 335),
(13, 32, '7', '', 308),
(13, 33, '1', '', 274),
(13, 34, '7', '', 236),
(13, 35, '7', '', 199),
(13, 36, '7', '', 171),
(13, 37, '1', '', 160),
(13, 38, '1', '', 172),
(13, 39, '1', '', 201),
(13, 40, '1', '', 240),
(13, 41, '1', '', 279),
(13, 42, '7', '', 311),
(13, 43, '7', '', 333),
(13, 44, '7', '', 339),
(13, 45, '7', '', 328),
(13, 46, '7', '', 295),
(13, 47, '7', '', 234),
(13, 48, '7', '', 138),
(13, 49, '7', '', 0),
(13, 50, '1', '', 140),
(13, 51, '1', '', 237),
(13, 52, '7', '', 299),
(13, 53, '7', '', 338),
(13, 54, '1', '', 361),
(13, 55, '7', '', 370),
(13, 56, '7', '', 373),
(13, 57, '7', '', 370),
(13, 58, '7', '', 364),
(13, 59, '7', '', 353),
(13, 60, '1', '', 332),
(13, 61, '7', '', 296),
(13, 62, '1', '', 236),
(13, 63, '7', '', 142),
(13, 64, '6', '', 0),
(13, 65, '7', '', 151),
(13, 66, '7', '', 266),
(13, 67, '5', '', 352),
(13, 68, '7', '', 417),
(13, 69, '7', '', 464),
(13, 70, '7', '', 499),
(13, 71, '7', '', 525),
(13, 72, '7', '', 546),
(13, 73, '6', '', 560),
(13, 74, '6', '', 571),
(13, 75, '6', '', 578),
(13, 76, '6', '', 584),
(13, 77, '6', '', 588),
(13, 78, '4', '', 591),
(13, 79, '4', '', 593),
(13, 80, '4', '', 595),
(13, 81, '4', '', 596),
(13, 82, '4', '', 598),
(13, 83, '4', '', 598),
(13, 84, '4', '', 598),
(13, 85, '4', '', 598),
(13, 86, '4', '', 600),
(13, 87, '4', '', 600),
(13, 88, '7', '', 600),
(13, 89, '4', '', 600),
(13, 90, '4', '', 600),
(13, 91, '7', '', 600),
(13, 92, '7', '', 600),
(13, 93, '4', '', 600),
(13, 94, '4', '', 600),
(13, 95, '4', '', 600),
(13, 96, '4', '', 600),
(13, 97, '4', '', 600),
(13, 98, '4', '', 600),
(13, 99, '4', '', 600),
(13, 100, '5', '', 600),
(13, 101, '6', '', 600),
(13, 102, '6', '', 600),
(13, 103, '6', '', 600),
(13, 104, '4', '', 600),
(13, 105, '4', '', 600),
(13, 106, '4', '', 600),
(13, 107, '4', '', 600),
(13, 108, '4', '', 600),
(13, 109, '4', '', 600),
(13, 110, '4', '', 600),
(13, 111, '4', '', 600),
(13, 112, '4', '', 600),
(13, 113, '4', '', 600),
(13, 114, '4', '', 600),
(13, 115, '4', '', 600),
(13, 116, '4', '', 600),
(13, 117, '4', '', 600),
(13, 118, '4', '', 600),
(13, 119, '7', '', 600),
(13, 120, '7', '', 600),
(13, 121, '7', '', 600),
(13, 122, '7', '', 600),
(13, 123, '7', '', 600),
(13, 124, '7', '', 600),
(13, 125, '4', '', 600),
(13, 126, '4', '', 600),
(13, 127, '4', '', 600),
(13, 128, '4', '', 600),
(13, 129, '4', '', 600),
(13, 130, '4', '', 600),
(13, 131, '4', '', 600),
(13, 132, '4', '', 600),
(13, 133, '4', '', 600),
(13, 134, '4', '', 600),
(13, 135, '6', '', 600),
(13, 136, '7', '', 600),
(13, 137, '6', '', 600),
(13, 138, '6', '', 600),
(13, 139, '6', '', 600),
(13, 140, '6', '', 600),
(13, 141, '5', '', 600),
(13, 142, '6', '', 600),
(13, 143, '6', '', 600),
(14, 10, '2', '', 474),
(14, 11, '2', '', 451),
(14, 12, '1', '', 423),
(14, 13, '1', '', 391),
(14, 14, '1', '', 352),
(14, 15, '1', '', 307),
(14, 16, '1', '', 256),
(14, 17, '1', '', 197),
(14, 18, '1', '', 135),
(14, 19, '1', '', 100),
(14, 20, '1', '', 133),
(14, 21, '1', '', 186),
(14, 22, '5', '', 238),
(14, 23, '7', '', 279),
(14, 24, '1', '', 311),
(14, 25, '1', '', 334),
(14, 26, '5', '', 348),
(14, 27, '7', '', 359),
(14, 28, '7', '', 360),
(14, 29, '7', '', 355),
(14, 30, '7', '', 341),
(14, 31, '1', '', 319),
(14, 32, '5', '', 286),
(14, 33, '7', '', 244),
(14, 34, '7', '', 196),
(14, 35, '7', '', 146),
(14, 36, '7', '', 106),
(14, 37, '1', '', 90),
(14, 38, '1', '', 107),
(14, 39, '7', '', 147),
(14, 40, '7', '', 199),
(14, 41, '1', '', 249),
(14, 42, '7', '', 291),
(14, 43, '7', '', 319),
(14, 44, '7', '', 331),
(14, 45, '7', '', 325),
(14, 46, '7', '', 300),
(14, 47, '7', '', 249),
(14, 48, '1', '', 181),
(14, 49, '7', '', 138),
(14, 50, '7', '', 184),
(14, 51, '7', '', 251),
(14, 52, '7', '', 304),
(14, 53, '7', '', 337),
(14, 54, '7', '', 354),
(14, 55, '7', '', 357),
(14, 56, '1', '', 354),
(14, 57, '7', '', 349),
(14, 58, '7', '', 341),
(14, 59, '7', '', 331),
(14, 60, '7', '', 316),
(14, 61, '7', '', 289),
(14, 62, '7', '', 244),
(14, 63, '1', '', 183),
(14, 64, '6', '', 144),
(14, 65, '6', '', 197),
(14, 66, '7', '', 283),
(14, 67, '5', '', 359),
(14, 68, '7', '', 419),
(14, 69, '7', '', 465),
(14, 70, '8', '', 499),
(14, 71, '7', '', 526),
(14, 72, '7', '', 545),
(14, 73, '7', '', 559),
(14, 74, '7', '', 570),
(14, 75, '6', '', 578),
(14, 76, '6', '', 583),
(14, 77, '4', '', 588),
(14, 78, '4', '', 591),
(14, 79, '4', '', 593),
(14, 80, '4', '', 595),
(14, 81, '4', '', 596),
(14, 82, '4', '', 598),
(14, 83, '4', '', 598),
(14, 84, '4', '', 598),
(14, 85, '4', '', 598),
(14, 86, '4', '', 600),
(14, 87, '4', '', 600),
(14, 88, '4', '', 600),
(14, 89, '4', '', 600),
(14, 90, '4', '', 600),
(14, 91, '4', '', 600),
(14, 92, '4', '', 600),
(14, 93, '4', '', 600),
(14, 94, '4', '', 600),
(14, 95, '4', '', 600),
(14, 96, '4', '', 600),
(14, 97, '4', '', 600),
(14, 98, '4', '', 600),
(14, 99, '4', '', 600),
(14, 100, '5', '', 600),
(14, 101, '6', '', 600),
(14, 102, '6', '', 600),
(14, 103, '4', '', 600),
(14, 104, '4', '', 600),
(14, 105, '4', '', 600),
(14, 106, '4', '', 600),
(14, 107, '4', '', 600),
(14, 108, '4', '', 600),
(14, 109, '4', '', 600),
(14, 110, '4', '', 600),
(14, 111, '4', '', 600),
(14, 112, '4', '', 600),
(14, 113, '4', '', 600),
(14, 114, '4', '', 600),
(14, 115, '4', '', 600),
(14, 116, '4', '', 600),
(14, 117, '4', '', 600),
(14, 118, '4', '', 600),
(14, 119, '4', '', 600),
(14, 120, '7', '', 600),
(14, 121, '7', '', 600),
(14, 122, '7', '', 600),
(14, 123, '4', '', 600),
(14, 124, '4', '', 600),
(14, 125, '4', '', 600),
(14, 126, '4', '', 600),
(14, 127, '4', '', 600),
(14, 128, '4', '', 600),
(14, 129, '4', '', 600),
(14, 130, '4', '', 600),
(14, 131, '4', '', 600),
(14, 132, '4', '', 600),
(14, 133, '4', '', 600),
(14, 134, '4', '', 600),
(14, 135, '6', '', 600),
(14, 136, '6', '', 600),
(14, 137, '6', '', 600),
(14, 138, '6', '', 600),
(14, 139, '6', '', 600),
(14, 140, '5', '', 600),
(14, 141, '5', '', 600),
(14, 142, '6', '', 600),
(14, 143, '8', '', 600),
(15, 12, '2', '', 410),
(15, 13, '1', '', 377),
(15, 14, '1', '', 341),
(15, 15, '1', '', 303),
(15, 16, '1', '', 260),
(15, 17, '1', '', 217),
(15, 18, '1', '', 180),
(15, 19, '1', '', 161),
(15, 20, '1', '', 174),
(15, 21, '1', '', 204),
(15, 22, '5', '', 240),
(15, 23, '5', '', 272),
(15, 24, '5', '', 298),
(15, 25, '7', '', 319),
(15, 26, '7', '', 335),
(15, 27, '5', '', 344),
(15, 28, '1', '', 345),
(15, 29, '7', '', 341),
(15, 30, '7', '', 328),
(15, 31, '7', '', 303),
(15, 32, '5', '', 269),
(15, 33, '5', '', 222),
(15, 34, '1', '', 165),
(15, 35, '1', '', 105),
(15, 36, '1', '', 52),
(15, 37, '1', '', 29),
(15, 38, '1', '', 52),
(15, 39, '7', '', 106),
(15, 40, '7', '', 170),
(15, 41, '7', '', 229),
(15, 42, '1', '', 278),
(15, 43, '1', '', 313),
(15, 44, '7', '', 330),
(15, 45, '1', '', 332),
(15, 46, '7', '', 317),
(15, 47, '7', '', 287),
(15, 48, '7', '', 253),
(15, 49, '7', '', 235),
(15, 50, '7', '', 252),
(15, 51, '7', '', 288),
(15, 52, '7', '', 321),
(15, 53, '7', '', 340),
(15, 54, '7', '', 347),
(15, 55, '1', '', 341),
(15, 56, '7', '', 330),
(15, 57, '7', '', 319),
(15, 58, '7', '', 309),
(15, 59, '7', '', 304),
(15, 60, '7', '', 300),
(15, 61, '7', '', 290),
(15, 62, '7', '', 271),
(15, 63, '1', '', 248),
(15, 64, '6', '', 241),
(15, 65, '6', '', 271),
(15, 66, '5', '', 324),
(15, 67, '7', '', 382),
(15, 68, '7', '', 431),
(15, 69, '8', '', 472),
(15, 70, '8', '', 503),
(15, 71, '8', '', 528),
(15, 72, '8', '', 547),
(15, 73, '7', '', 561),
(15, 74, '7', '', 570),
(15, 75, '7', '', 578),
(15, 76, '7', '', 584),
(15, 77, '7', '', 588),
(15, 78, '7', '', 591),
(15, 79, '4', '', 593),
(15, 80, '4', '', 595),
(15, 81, '4', '', 596),
(15, 82, '7', '', 598),
(15, 83, '4', '', 598),
(15, 84, '4', '', 598),
(15, 85, '4', '', 598),
(15, 86, '4', '', 599),
(15, 87, '4', '', 600),
(15, 88, '4', '', 600),
(15, 89, '4', '', 600),
(15, 90, '4', '', 600),
(15, 91, '4', '', 600),
(15, 92, '4', '', 600),
(15, 93, '4', '', 600),
(15, 94, '4', '', 600),
(15, 95, '4', '', 600),
(15, 96, '4', '', 600),
(15, 97, '4', '', 600),
(15, 98, '4', '', 600),
(15, 99, '4', '', 600),
(15, 100, '4', '', 600),
(15, 101, '6', '', 600),
(15, 102, '4', '', 600),
(15, 103, '4', '', 600),
(15, 104, '4', '', 600),
(15, 105, '4', '', 600),
(15, 106, '4', '', 600),
(15, 107, '4', '', 600),
(15, 108, '4', '', 600),
(15, 109, '4', '', 600),
(15, 110, '4', '', 600),
(15, 111, '4', '', 600),
(15, 112, '7', '', 600),
(15, 113, '4', '', 600),
(15, 114, '4', '', 600),
(15, 115, '4', '', 600),
(15, 116, '4', '', 600),
(15, 117, '4', '', 600),
(15, 118, '4', '', 600),
(15, 119, '7', '', 600),
(15, 120, '7', '', 600),
(15, 121, '4', '', 600),
(15, 122, '4', '', 600),
(15, 123, '4', '', 600),
(15, 124, '4', '', 600),
(15, 125, '4', '', 600),
(15, 126, '4', '', 600),
(15, 127, '4', '', 600),
(15, 128, '4', '', 600),
(15, 129, '4', '', 600),
(15, 130, '4', '', 600),
(15, 131, '4', '', 600),
(15, 132, '4', '', 600),
(15, 133, '4', '', 600),
(15, 134, '6', '', 600),
(15, 135, '6', '', 600),
(15, 136, '6', '', 600),
(15, 137, '6', '', 600),
(15, 138, '6', '', 600),
(15, 139, '7', '', 600),
(15, 140, '5', '', 600),
(15, 141, '7', '', 600),
(15, 142, '7', '', 600),
(15, 143, '8', '', 600),
(16, 12, '2', '', 394),
(16, 13, '2', '', 363),
(16, 14, '2', '', 331),
(16, 15, '2', '', 295),
(16, 16, '1', '', 260),
(16, 17, '1', '', 230),
(16, 18, '1', '', 207),
(16, 19, '1', '', 196),
(16, 20, '1', '', 199),
(16, 21, '1', '', 216),
(16, 22, '7', '', 238),
(16, 23, '7', '', 262),
(16, 24, '7', '', 282),
(16, 25, '5', '', 301),
(16, 26, '5', '', 315),
(16, 27, '5', '', 323),
(16, 28, '5', '', 326),
(16, 29, '1', '', 324),
(16, 30, '1', '', 314),
(16, 31, '7', '', 292),
(16, 32, '7', '', 259),
(16, 33, '5', '', 213),
(16, 34, '7', '', 154),
(16, 35, '7', '', 88),
(16, 36, '1', '', 29),
(16, 37, '1', '', 0),
(16, 38, '1', '', 29),
(16, 39, '7', '', 90),
(16, 40, '7', '', 159),
(16, 41, '7', '', 222),
(16, 42, '7', '', 276),
(16, 43, '7', '', 314),
(16, 44, '1', '', 337),
(16, 45, '7', '', 346),
(16, 46, '7', '', 341),
(16, 47, '1', '', 327),
(16, 48, '1', '', 310),
(16, 49, '7', '', 304),
(16, 50, '7', '', 311),
(16, 51, '7', '', 327),
(16, 52, '7', '', 340),
(16, 53, '7', '', 345),
(16, 54, '7', '', 338),
(16, 55, '7', '', 321),
(16, 56, '1', '', 298),
(16, 57, '1', '', 276),
(16, 58, '7', '', 265),
(16, 59, '7', '', 268),
(16, 60, '7', '', 278),
(16, 61, '7', '', 289),
(16, 62, '1', '', 293),
(16, 63, '7', '', 295),
(16, 64, '7', '', 305),
(16, 65, '7', '', 329),
(16, 66, '5', '', 368),
(16, 67, '8', '', 410),
(16, 68, '8', '', 449),
(16, 69, '8', '', 482),
(16, 70, '8', '', 510),
(16, 71, '7', '', 532),
(16, 72, '7', '', 548),
(16, 73, '8', '', 562),
(16, 74, '7', '', 572),
(16, 75, '7', '', 579),
(16, 76, '7', '', 584),
(16, 77, '5', '', 588),
(16, 78, '7', '', 591),
(16, 79, '7', '', 593),
(16, 80, '7', '', 595),
(16, 81, '7', '', 596),
(16, 82, '7', '', 598),
(16, 83, '7', '', 598),
(16, 84, '7', '', 598),
(16, 85, '4', '', 598),
(16, 86, '4', '', 599),
(16, 87, '4', '', 600),
(16, 88, '4', '', 600),
(16, 89, '4', '', 600),
(16, 90, '4', '', 600),
(16, 91, '4', '', 600),
(16, 92, '4', '', 600),
(16, 93, '4', '', 600),
(16, 94, '4', '', 599),
(16, 95, '4', '', 599),
(16, 96, '4', '', 599),
(16, 97, '4', '', 599),
(16, 98, '4', '', 599),
(16, 99, '4', '', 599),
(16, 100, '4', '', 599),
(16, 101, '4', '', 600),
(16, 102, '4', '', 600),
(16, 103, '4', '', 600),
(16, 104, '4', '', 600),
(16, 105, '4', '', 600),
(16, 106, '4', '', 600),
(16, 107, '4', '', 600),
(16, 108, '4', '', 600),
(16, 109, '4', '', 600),
(16, 110, '4', '', 600),
(16, 111, '4', '', 600),
(16, 112, '4', '', 600),
(16, 113, '7', '', 600),
(16, 114, '7', '', 600),
(16, 115, '4', '', 600),
(16, 116, '7', '', 600),
(16, 117, '7', '', 600),
(16, 118, '7', '', 600),
(16, 119, '7', '', 600),
(16, 120, '7', '', 600),
(16, 121, '4', '', 600),
(16, 122, '4', '', 600),
(16, 123, '4', '', 600),
(16, 124, '4', '', 600),
(16, 125, '4', '', 600),
(16, 126, '4', '', 600),
(16, 127, '4', '', 600),
(16, 128, '4', '', 600),
(16, 129, '4', '', 600),
(16, 130, '4', '', 600),
(16, 131, '4', '', 600),
(16, 132, '4', '', 600),
(16, 133, '4', '', 600),
(16, 134, '6', '', 600),
(16, 135, '5', '', 600),
(16, 136, '5', '', 600),
(16, 137, '7', '', 600),
(16, 138, '7', '', 600),
(16, 139, '5', '', 600),
(16, 140, '7', '', 600),
(16, 141, '7', '', 600),
(16, 142, '7', '', 600),
(16, 143, '1', '', 600),
(17, 15, '2', '', 282),
(17, 16, '1', '', 253),
(17, 17, '1', '', 230),
(17, 18, '1', '', 211),
(17, 19, '1', '', 203),
(17, 20, '1', '', 202),
(17, 21, '7', '', 211),
(17, 22, '7', '', 224),
(17, 23, '7', '', 243),
(17, 24, '5', '', 261),
(17, 25, '5', '', 278),
(17, 26, '1', '', 288),
(17, 27, '7', '', 296);
INSERT INTO `map` (`x`, `y`, `location`, `title`, `encounter`) VALUES
(17, 28, '7', '', 302),
(17, 29, '1', '', 302),
(17, 30, '1', '', 298),
(17, 31, '7', '', 285),
(17, 32, '7', '', 258),
(17, 33, '5', '', 216),
(17, 34, '7', '', 163),
(17, 35, '7', '', 103),
(17, 36, '1', '', 51),
(17, 37, '1', '', 29),
(17, 38, '1', '', 52),
(17, 39, '1', '', 106),
(17, 40, '7', '', 171),
(17, 41, '7', '', 232),
(17, 42, '7', '', 283),
(17, 43, '7', '', 323),
(17, 44, '7', '', 348),
(17, 45, '7', '', 363),
(17, 46, '7', '', 366),
(17, 47, '7', '', 362),
(17, 48, '1', '', 355),
(17, 49, '1', '', 352),
(17, 50, '7', '', 353),
(17, 51, '7', '', 357),
(17, 52, '7', '', 356),
(17, 53, '7', '', 349),
(17, 54, '7', '', 332),
(17, 55, '7', '', 301),
(17, 56, '7', '', 261),
(17, 57, '7', '', 222),
(17, 58, '7', '', 203),
(17, 59, '7', '', 216),
(17, 60, '7', '', 249),
(17, 61, '7', '', 282),
(17, 62, '1', '', 307),
(17, 63, '7', '', 326),
(17, 64, '1', '', 346),
(17, 65, '1', '', 373),
(17, 66, '1', '', 403),
(17, 67, '5', '', 436),
(17, 68, '5', '', 467),
(17, 69, '5', '', 495),
(17, 70, '8', '', 518),
(17, 71, '8', '', 538),
(17, 72, '8', '', 552),
(17, 73, '8', '', 564),
(17, 74, '8', '', 573),
(17, 75, '8', '', 580),
(17, 76, '5', '', 585),
(17, 77, '7', '', 589),
(17, 78, '7', '', 591),
(17, 79, '7', '', 594),
(17, 80, '7', '', 596),
(17, 81, '7', '', 596),
(17, 82, '7', '', 598),
(17, 83, '7', '', 598),
(17, 84, '7', '', 598),
(17, 85, '6', '', 599),
(17, 86, '6', '', 599),
(17, 87, '6', '', 600),
(17, 88, '4', '', 600),
(17, 89, '4', '', 600),
(17, 90, '4', '', 599),
(17, 91, '4', '', 599),
(17, 92, '4', '', 599),
(17, 93, '6', '', 599),
(17, 94, '6', '', 599),
(17, 95, '5', '', 599),
(17, 96, '4', '', 599),
(17, 97, '4', '', 599),
(17, 98, '4', '', 599),
(17, 99, '4', '', 599),
(17, 100, '4', '', 599),
(17, 101, '4', '', 599),
(17, 102, '4', '', 599),
(17, 103, '4', '', 599),
(17, 104, '4', '', 599),
(17, 105, '4', '', 600),
(17, 106, '4', '', 600),
(17, 107, '4', '', 600),
(17, 108, '4', '', 600),
(17, 109, '4', '', 600),
(17, 110, '4', '', 600),
(17, 111, '4', '', 600),
(17, 112, '4', '', 600),
(17, 113, '4', '', 600),
(17, 114, '4', '', 600),
(17, 115, '7', '', 600),
(17, 116, '7', '', 600),
(17, 117, '7', '', 600),
(17, 118, '7', '', 600),
(17, 119, '7', '', 600),
(17, 120, '7', '', 600),
(17, 121, '7', '', 600),
(17, 122, '4', '', 600),
(17, 123, '4', '', 600),
(17, 124, '4', '', 600),
(17, 125, '4', '', 600),
(17, 126, '4', '', 600),
(17, 127, '4', '', 600),
(17, 128, '4', '', 600),
(17, 129, '4', '', 600),
(17, 130, '4', '', 600),
(17, 131, '4', '', 600),
(17, 132, '4', '', 600),
(17, 133, '4', '', 600),
(17, 134, '6', '', 600),
(17, 135, '6', '', 600),
(17, 136, '6', '', 600),
(17, 137, '5', '', 600),
(17, 138, '5', '', 600),
(17, 139, '5', '', 600),
(17, 140, '7', '', 600),
(17, 141, '7', '', 600),
(17, 142, '1', '', 600),
(17, 143, '1', '', 600),
(18, 15, '2', '', 261),
(18, 16, '1', '', 234),
(18, 17, '1', '', 213),
(18, 18, '1', '', 200),
(18, 19, '1', '', 192),
(18, 20, '1', '', 188),
(18, 21, '7', '', 189),
(18, 22, '7', '', 200),
(18, 23, '7', '', 215),
(18, 24, '5', '', 231),
(18, 25, '5', '', 246),
(18, 26, '1', '', 255),
(18, 27, '7', '', 260),
(18, 28, '7', '', 266),
(18, 29, '7', '', 273),
(18, 30, '1', '', 281),
(18, 31, '1', '', 280),
(18, 32, '7', '', 263),
(18, 33, '7', '', 232),
(18, 34, '5', '', 190),
(18, 35, '1', '', 143),
(18, 36, '1', '', 105),
(18, 37, '1', '', 90),
(18, 38, '1', '', 107),
(18, 39, '1', '', 149),
(18, 40, '1', '', 202),
(18, 41, '1', '', 255),
(18, 42, '1', '', 301),
(18, 43, '7', '', 339),
(18, 44, '7', '', 366),
(18, 45, '7', '', 383),
(18, 46, '1', '', 391),
(18, 47, '7', '', 391),
(18, 48, '1', '', 389),
(18, 49, '7', '', 388),
(18, 50, '1', '', 386),
(18, 51, '1', '', 382),
(18, 52, '7', '', 373),
(18, 53, '7', '', 356),
(18, 54, '7', '', 328),
(18, 55, '7', '', 284),
(18, 56, '7', '', 227),
(18, 57, '7', '', 157),
(18, 58, '7', '', 117),
(18, 59, '1', '', 156),
(18, 60, '7', '', 220),
(18, 61, '7', '', 275),
(18, 62, '1', '', 316),
(18, 63, '1', '', 349),
(18, 64, '1', '', 377),
(18, 65, '1', '', 404),
(18, 66, '1', '', 431),
(18, 67, '1', '', 459),
(18, 68, '1', '', 484),
(18, 69, '1', '', 507),
(18, 70, '5', '', 527),
(18, 71, '1', '', 543),
(18, 72, '8', '', 556),
(18, 73, '8', '', 567),
(18, 74, '7', '', 575),
(18, 75, '7', '', 581),
(18, 76, '5', '', 585),
(18, 77, '8', '', 589),
(18, 78, '7', '', 592),
(18, 79, '7', '', 594),
(18, 80, '7', '', 596),
(18, 81, '7', '', 596),
(18, 82, '7', '', 598),
(18, 83, '7', '', 598),
(18, 84, '7', '', 598),
(18, 85, '6', '', 599),
(18, 86, '6', '', 599),
(18, 87, '6', '', 600),
(18, 88, '6', '', 599),
(18, 89, '6', '', 599),
(18, 90, '4', '', 599),
(18, 91, '6', '', 599),
(18, 92, '6', '', 599),
(18, 93, '6', '', 599),
(18, 94, '5', '', 599),
(18, 95, '4', '', 599),
(18, 96, '4', '', 599),
(18, 97, '4', '', 599),
(18, 98, '4', '', 599),
(18, 99, '4', '', 599),
(18, 100, '4', '', 599),
(18, 101, '4', '', 599),
(18, 102, '4', '', 599),
(18, 103, '4', '', 599),
(18, 104, '4', '', 599),
(18, 105, '4', '', 599),
(18, 106, '4', '', 599),
(18, 107, '4', '', 600),
(18, 108, '4', '', 600),
(18, 109, '4', '', 600),
(18, 110, '4', '', 600),
(18, 111, '4', '', 600),
(18, 112, '4', '', 600),
(18, 113, '4', '', 600),
(18, 114, '4', '', 600),
(18, 115, '4', '', 600),
(18, 116, '4', '', 600),
(18, 117, '4', '', 600),
(18, 118, '7', '', 600),
(18, 119, '4', '', 600),
(18, 120, '7', '', 600),
(18, 121, '4', '', 600),
(18, 122, '4', '', 600),
(18, 123, '4', '', 600),
(18, 124, '4', '', 600),
(18, 125, '4', '', 600),
(18, 126, '4', '', 600),
(18, 127, '4', '', 600),
(18, 128, '4', '', 600),
(18, 129, '4', '', 600),
(18, 130, '4', '', 600),
(18, 131, '4', '', 600),
(18, 132, '4', '', 600),
(18, 133, '4', '', 600),
(18, 134, '6', '', 600),
(18, 135, '6', '', 600),
(18, 136, '6', '', 600),
(18, 137, '7', '', 600),
(18, 138, '7', '', 600),
(18, 139, '5', '', 600),
(18, 140, '8', '', 600),
(18, 141, '1', '', 600),
(18, 142, '1', '', 600),
(18, 143, '1', '', 600),
(19, 16, '2', '', 205),
(19, 17, '1', '', 186),
(19, 18, '1', '', 172),
(19, 19, '1', '', 165),
(19, 20, '1', '', 158),
(19, 21, '1', '', 156),
(19, 22, '1', '', 161),
(19, 23, '1', '', 174),
(19, 24, '1', '', 195),
(19, 25, '5', '', 211),
(19, 26, '5', '', 216),
(19, 27, '5', '', 211),
(19, 28, '5', '', 212),
(19, 29, '7', '', 230),
(19, 30, '7', '', 258),
(19, 31, '1', '', 275),
(19, 32, '5', '', 272),
(19, 33, '5', '', 255),
(19, 34, '5', '', 225),
(19, 35, '7', '', 194),
(19, 36, '1', '', 169),
(19, 37, '1', '', 160),
(19, 38, '7', '', 173),
(19, 39, '7', '', 203),
(19, 40, '7', '', 245),
(19, 41, '7', '', 288),
(19, 42, '7', '', 328),
(19, 43, '7', '', 361),
(19, 44, '7', '', 385),
(19, 45, '7', '', 401),
(19, 46, '7', '', 412),
(19, 47, '1', '', 417),
(19, 48, '1', '', 416),
(19, 49, '7', '', 416),
(19, 50, '7', '', 411),
(19, 51, '7', '', 403),
(19, 52, '7', '', 389),
(19, 53, '7', '', 366),
(19, 54, '7', '', 332),
(19, 55, '7', '', 281),
(19, 56, '7', '', 212),
(19, 57, '7', '', 120),
(19, 58, '7', '', 0),
(19, 59, '1', '', 119),
(19, 60, '1', '', 209),
(19, 61, '1', '', 277),
(19, 62, '7', '', 327),
(19, 63, '7', '', 367),
(19, 64, '1', '', 399),
(19, 65, '1', '', 427),
(19, 66, '1', '', 454),
(19, 67, '1', '', 478),
(19, 68, '1', '', 499),
(19, 69, '1', '', 518),
(19, 70, '5', '', 535),
(19, 71, '1', '', 549),
(19, 72, '1', '', 561),
(19, 73, '8', '', 570),
(19, 74, '8', '', 577),
(19, 75, '7', '', 582),
(19, 76, '5', '', 586),
(19, 77, '8', '', 590),
(19, 78, '8', '', 592),
(19, 79, '8', '', 594),
(19, 80, '7', '', 596),
(19, 81, '7', '', 597),
(19, 82, '7', '', 598),
(19, 83, '7', '', 598),
(19, 84, '7', '', 598),
(19, 85, '7', '', 599),
(19, 86, '5', '', 598),
(19, 87, '7', '', 599),
(19, 88, '6', '', 599),
(19, 89, '6', '', 599),
(19, 90, '6', '', 599),
(19, 91, '6', '', 599),
(19, 92, '6', '', 599),
(19, 93, '5', '', 599),
(19, 94, '4', '', 599),
(19, 95, '4', '', 599),
(19, 96, '4', '', 599),
(19, 97, '4', '', 599),
(19, 98, '4', '', 599),
(19, 99, '4', '', 599),
(19, 100, '4', '', 599),
(19, 101, '4', '', 599),
(19, 102, '4', '', 599),
(19, 103, '4', '', 599),
(19, 104, '4', '', 599),
(19, 105, '4', '', 599),
(19, 106, '4', '', 599),
(19, 107, '4', '', 599),
(19, 108, '4', '', 599),
(19, 109, '4', '', 600),
(19, 110, '4', '', 600),
(19, 111, '4', '', 600),
(19, 112, '4', '', 600),
(19, 113, '4', '', 600),
(19, 114, '4', '', 600),
(19, 115, '4', '', 600),
(19, 116, '4', '', 600),
(19, 117, '4', '', 600),
(19, 118, '4', '', 600),
(19, 119, '4', '', 600),
(19, 120, '4', '', 600),
(19, 121, '4', '', 600),
(19, 122, '4', '', 600),
(19, 123, '4', '', 600),
(19, 124, '4', '', 600),
(19, 125, '4', '', 600),
(19, 126, '4', '', 600),
(19, 127, '4', '', 600),
(19, 128, '4', '', 600),
(19, 129, '4', '', 600),
(19, 130, '4', '', 600),
(19, 131, '4', '', 600),
(19, 132, '4', '', 600),
(19, 133, '6', '', 600),
(19, 134, '6', '', 600),
(19, 135, '6', '', 600),
(19, 136, '6', '', 600),
(19, 137, '7', '', 600),
(19, 138, '1', '', 600),
(19, 139, '5', '', 600),
(19, 140, '1', '', 600),
(19, 141, '7', '', 600),
(19, 142, '1', '', 600),
(19, 143, '1', '', 600),
(20, 17, '2', '', 152),
(20, 18, '1', '', 142),
(20, 19, '1', '', 133),
(20, 20, '1', '', 125),
(20, 21, '1', '', 116),
(20, 22, '1', '', 113),
(20, 23, '1', '', 129),
(20, 24, '1', '', 156),
(20, 25, '1', '', 177),
(20, 26, '1', '', 178),
(20, 27, '1', '', 152),
(20, 28, '5', '', 128),
(20, 29, '7', '', 174),
(20, 30, '7', '', 233),
(20, 31, '5', '', 272),
(20, 32, '1', '', 285),
(20, 33, '1', '', 280),
(20, 34, '1', '', 265),
(20, 35, '1', '', 246),
(20, 36, '1', '', 232),
(20, 37, '7', '', 227),
(20, 38, '7', '', 236),
(20, 39, '1', '', 260),
(20, 40, '7', '', 291),
(20, 41, '7', '', 324),
(20, 42, '7', '', 357),
(20, 43, '7', '', 385),
(20, 44, '7', '', 407),
(20, 45, '7', '', 421),
(20, 46, '1', '', 433),
(20, 47, '1', '', 438),
(20, 48, '7', '', 440),
(20, 49, '1', '', 438),
(20, 50, '1', '', 432),
(20, 51, '1', '', 422),
(20, 52, '7', '', 406),
(20, 53, '7', '', 380),
(20, 54, '7', '', 345),
(20, 55, '7', '', 296),
(20, 56, '7', '', 235),
(20, 57, '7', '', 164),
(20, 58, '7', '', 122),
(20, 59, '7', '', 163),
(20, 60, '7', '', 234),
(20, 61, '7', '', 297),
(20, 62, '7', '', 347),
(20, 63, '7', '', 387),
(20, 64, '1', '', 420),
(20, 65, '1', '', 447),
(20, 66, '1', '', 472),
(20, 67, '1', '', 494),
(20, 68, '5', '', 512),
(20, 69, '5', '', 528),
(20, 70, '1', '', 543),
(20, 71, '1', '', 555),
(20, 72, '1', '', 565),
(20, 73, '7', '', 573),
(20, 74, '7', '', 579),
(20, 75, '1', '', 584),
(20, 76, '5', '', 587),
(20, 77, '1', '', 591),
(20, 78, '1', '', 593),
(20, 79, '7', '', 595),
(20, 80, '7', '', 596),
(20, 81, '7', '', 597),
(20, 82, '7', '', 598),
(20, 83, '7', '', 598),
(20, 84, '7', '', 598),
(20, 85, '7', '', 598),
(20, 86, '7', '', 598),
(20, 87, '5', '', 599),
(20, 88, '5', '', 599),
(20, 89, '6', '', 599),
(20, 90, '6', '', 599),
(20, 91, '7', '', 599),
(20, 92, '7', '', 598),
(20, 93, '5', '', 598),
(20, 94, '4', '', 598),
(20, 95, '4', '', 598),
(20, 96, '6', '', 598),
(20, 97, '4', '', 598),
(20, 98, '7', '', 598),
(20, 99, '4', '', 598),
(20, 100, '4', '', 598),
(20, 101, '4', '', 598),
(20, 102, '4', '', 598),
(20, 103, '4', '', 599),
(20, 104, '4', '', 599),
(20, 105, '4', '', 599),
(20, 106, '4', '', 599),
(20, 107, '4', '', 599),
(20, 108, '7', '', 599),
(20, 109, '7', '', 599),
(20, 110, '7', '', 600),
(20, 111, '4', '', 600),
(20, 112, '4', '', 600),
(20, 113, '4', '', 600),
(20, 114, '4', '', 600),
(20, 115, '4', '', 600),
(20, 116, '4', '', 600),
(20, 117, '4', '', 600),
(20, 118, '4', '', 600),
(20, 119, '4', '', 600),
(20, 120, '4', '', 600),
(20, 121, '4', '', 600),
(20, 122, '4', '', 600),
(20, 123, '4', '', 600),
(20, 124, '4', '', 600),
(20, 125, '4', '', 600),
(20, 126, '4', '', 600),
(20, 127, '4', '', 600),
(20, 128, '4', '', 600),
(20, 129, '4', '', 600),
(20, 130, '4', '', 600),
(20, 131, '4', '', 600),
(20, 132, '4', '', 600),
(20, 133, '6', '', 600),
(20, 134, '7', '', 600),
(20, 135, '7', '', 600),
(20, 136, '6', '', 600),
(20, 137, '5', '', 600),
(20, 138, '5', '', 600),
(20, 139, '1', '', 600),
(20, 140, '1', '', 600),
(20, 141, '1', '', 600),
(20, 142, '1', '', 600),
(20, 143, '1', '', 600),
(21, 17, '2', '', 127),
(21, 18, '1', '', 114),
(21, 19, '1', '', 107),
(21, 20, '1', '', 94),
(21, 21, '1', '', 72),
(21, 22, '1', '', 58),
(21, 23, '1', '', 83),
(21, 24, '1', '', 122),
(21, 25, '1', '', 152),
(21, 26, '1', '', 156),
(21, 27, '5', '', 113),
(21, 28, '5', '', 0),
(21, 29, '5', '', 136),
(21, 30, '5', '', 225),
(21, 31, '1', '', 277),
(21, 32, '1', '', 304),
(21, 33, '7', '', 309),
(21, 34, '1', '', 304),
(21, 35, '1', '', 295),
(21, 36, '7', '', 288),
(21, 37, '7', '', 288),
(21, 38, '7', '', 296),
(21, 39, '1', '', 313),
(21, 40, '7', '', 336),
(21, 41, '1', '', 362),
(21, 42, '7', '', 387),
(21, 43, '7', '', 410),
(21, 44, '1', '', 429),
(21, 45, '7', '', 442),
(21, 46, '7', '', 452),
(21, 47, '1', '', 458),
(21, 48, '1', '', 459),
(21, 49, '1', '', 455),
(21, 50, '1', '', 450),
(21, 51, '1', '', 441),
(21, 52, '1', '', 424),
(21, 53, '1', '', 400),
(21, 54, '1', '', 369),
(21, 55, '7', '', 328),
(21, 56, '7', '', 282),
(21, 57, '7', '', 240),
(21, 58, '7', '', 221),
(21, 59, '1', '', 240),
(21, 60, '7', '', 283),
(21, 61, '1', '', 331),
(21, 62, '7', '', 373),
(21, 63, '7', '', 410),
(21, 64, '1', '', 440),
(21, 65, '7', '', 465),
(21, 66, '7', '', 489),
(21, 67, '1', '', 507),
(21, 68, '5', '', 523),
(21, 69, '1', '', 538),
(21, 70, '1', '', 550),
(21, 71, '1', '', 560),
(21, 72, '1', '', 570),
(21, 73, '1', '', 575),
(21, 74, '5', '', 581),
(21, 75, '5', '', 586),
(21, 76, '5', '', 589),
(21, 77, '7', '', 591),
(21, 78, '1', '', 593),
(21, 79, '7', '', 595),
(21, 80, '7', '', 596),
(21, 81, '7', '', 597),
(21, 82, '7', '', 598),
(21, 83, '7', '', 598),
(21, 84, '7', '', 598),
(21, 85, '7', '', 598),
(21, 86, '7', '', 598),
(21, 87, '7', '', 599),
(21, 88, '7', '', 599),
(21, 89, '5', '', 598),
(21, 90, '7', '', 598),
(21, 91, '5', '', 598),
(21, 92, '5', '', 598),
(21, 93, '5', '', 598),
(21, 94, '5', '', 597),
(21, 95, '5', '', 597),
(21, 96, '7', '', 597),
(21, 97, '7', '', 597),
(21, 98, '5', '', 597),
(21, 99, '5', '', 597),
(21, 100, '7', '', 597),
(21, 101, '4', '', 598),
(21, 102, '8', '', 598),
(21, 103, '8', '', 598),
(21, 104, '7', '', 598),
(21, 105, '7', '', 598),
(21, 106, '7', '', 599),
(21, 107, '6', '', 599),
(21, 108, '7', '', 599),
(21, 109, '7', '', 599),
(21, 110, '7', '', 599),
(21, 111, '4', '', 599),
(21, 112, '4', '', 600),
(21, 113, '4', '', 600),
(21, 114, '4', '', 600),
(21, 115, '4', '', 600),
(21, 116, '4', '', 600),
(21, 117, '4', '', 600),
(21, 118, '4', '', 600),
(21, 119, '4', '', 600),
(21, 120, '4', '', 600),
(21, 121, '4', '', 600),
(21, 122, '4', '', 600),
(21, 123, '4', '', 600),
(21, 124, '4', '', 600),
(21, 125, '4', '', 600),
(21, 126, '4', '', 600),
(21, 127, '4', '', 600),
(21, 128, '4', '', 600),
(21, 129, '6', '', 600),
(21, 130, '5', '', 600),
(21, 131, '5', '', 600),
(21, 132, '6', '', 600),
(21, 133, '6', '', 600),
(21, 134, '7', '', 600),
(21, 135, '7', '', 600),
(21, 136, '8', '', 600),
(21, 137, '5', '', 600),
(21, 138, '7', '', 600),
(21, 139, '7', '', 600),
(21, 140, '1', '', 600),
(21, 141, '1', '', 600),
(21, 142, '1', '', 600),
(21, 143, '1', '', 600),
(22, 18, '2', '', 105),
(22, 19, '1', '', 96),
(22, 20, '1', '', 80),
(22, 21, '1', '', 50),
(22, 22, '1', '', 5),
(22, 23, '1', '', 53),
(22, 24, '1', '', 101),
(22, 25, '1', '', 139),
(22, 26, '5', '', 155),
(22, 27, '5', '', 143),
(22, 28, '1', '', 127),
(22, 29, '1', '', 176),
(22, 30, '1', '', 247),
(22, 31, '7', '', 295),
(22, 32, '7', '', 326),
(22, 33, '7', '', 338),
(22, 34, '1', '', 340),
(22, 35, '1', '', 339),
(22, 36, '7', '', 337),
(22, 37, '1', '', 339),
(22, 38, '7', '', 346),
(22, 39, '7', '', 360),
(22, 40, '7', '', 379),
(22, 41, '1', '', 396),
(22, 42, '1', '', 416),
(22, 43, '1', '', 435),
(22, 44, '7', '', 450),
(22, 45, '7', '', 461),
(22, 46, '7', '', 471),
(22, 47, '7', '', 475),
(22, 48, '1', '', 477),
(22, 49, '1', '', 473),
(22, 50, '1', '', 469),
(22, 51, '1', '', 458),
(22, 52, '1', '', 445),
(22, 53, '1', '', 424),
(22, 54, '7', '', 398),
(22, 55, '1', '', 368),
(22, 56, '7', '', 337),
(22, 57, '7', '', 310),
(22, 58, '7', '', 300),
(22, 59, '7', '', 311),
(22, 60, '7', '', 337),
(22, 61, '1', '', 370),
(22, 62, '7', '', 404),
(22, 63, '7', '', 435),
(22, 64, '1', '', 460),
(22, 65, '1', '', 483),
(22, 66, '1', '', 503),
(22, 67, '1', '', 519),
(22, 68, '5', '', 533),
(22, 69, '5', '', 546),
(22, 70, '5', '', 556),
(22, 71, '5', '', 565),
(22, 72, '5', '', 572),
(22, 73, '5', '', 579),
(22, 74, '5', '', 583),
(22, 75, '1', '', 587),
(22, 76, '1', '', 590),
(22, 77, '7', '', 592),
(22, 78, '1', '', 594),
(22, 79, '7', '', 595),
(22, 80, '7', '', 597),
(22, 81, '7', '', 597),
(22, 82, '7', '', 597),
(22, 83, '7', '', 597),
(22, 84, '7', '', 598),
(22, 85, '7', '', 598),
(22, 86, '7', '', 598),
(22, 87, '7', '', 599),
(22, 88, '7', '', 598),
(22, 89, '5', '', 598),
(22, 90, '5', '', 598),
(22, 91, '6', '', 597),
(22, 92, '6', '', 597),
(22, 93, '6', '', 597),
(22, 94, '6', '', 596),
(22, 95, '7', '', 596),
(22, 96, '5', '', 596),
(22, 97, '5', '', 596),
(22, 98, '7', '', 596),
(22, 99, '5', '', 596),
(22, 100, '6', '', 596),
(22, 101, '6', '', 597),
(22, 102, '6', '', 597),
(22, 103, '7', '', 597),
(22, 104, '7', '', 598),
(22, 105, '7', '', 598),
(22, 106, '6', '', 598),
(22, 107, '6', '', 599),
(22, 108, '7', '', 599),
(22, 109, '6', '', 599),
(22, 110, '7', '', 599),
(22, 111, '7', '', 599),
(22, 112, '4', '', 599),
(22, 113, '4', '', 600),
(22, 114, '4', '', 600),
(22, 115, '4', '', 600),
(22, 116, '4', '', 600),
(22, 117, '4', '', 600),
(22, 118, '4', '', 600),
(22, 119, '4', '', 600),
(22, 120, '4', '', 600),
(22, 121, '4', '', 600),
(22, 122, '4', '', 600),
(22, 123, '4', '', 600),
(22, 124, '4', '', 600),
(22, 125, '7', '', 600),
(22, 126, '7', '', 600),
(22, 127, '4', '', 600),
(22, 128, '4', '', 600),
(22, 129, '6', '', 600),
(22, 130, '6', '', 600),
(22, 131, '5', '', 600),
(22, 132, '7', '', 600),
(22, 133, '6', '', 600),
(22, 134, '6', '', 600),
(22, 135, '7', '', 600),
(22, 136, '8', '', 600),
(22, 137, '5', '', 600),
(22, 138, '7', '', 600),
(22, 139, '7', '', 600),
(22, 140, '1', '', 600),
(22, 141, '1', '', 600),
(22, 142, '1', '', 600),
(22, 143, '1', '', 600),
(23, 16, '2', '', 199),
(23, 17, '2', '2', 133),
(23, 18, '2', '', 124),
(23, 19, '1', '', 106),
(23, 20, '1', '', 82),
(23, 21, '1', '', 55),
(23, 22, '1', '', 41),
(23, 23, '1', '', 58),
(23, 24, '1', '', 97),
(23, 25, '1', '', 141),
(23, 26, '5', '', 171),
(23, 27, '5', '', 188),
(23, 28, '7', '', 204),
(23, 29, '7', '', 238),
(23, 30, '1', '', 285),
(23, 31, '1', '', 323),
(23, 32, '1', '', 350),
(23, 33, '1', '', 367),
(23, 34, '7', '', 375),
(23, 35, '7', '', 377),
(23, 36, '7', '', 380),
(23, 37, '1', '', 383),
(23, 38, '1', '', 389),
(23, 39, '1', '', 401),
(23, 40, '1', '', 414),
(23, 41, '1', '', 430),
(23, 42, '7', '', 444),
(23, 43, '7', '', 458),
(23, 44, '1', '', 471),
(23, 45, '7', '', 480),
(23, 46, '7', '', 487),
(23, 47, '7', '', 491),
(23, 48, '7', '', 492),
(23, 49, '1', '', 491),
(23, 50, '1', '', 483),
(23, 51, '1', '', 476),
(23, 52, '1', '', 463),
(23, 53, '1', '', 447),
(23, 54, '1', '', 428),
(23, 55, '1', '', 405),
(23, 56, '1', '', 384),
(23, 57, '1', '', 369),
(23, 58, '1', '', 363),
(23, 59, '1', '', 370),
(23, 60, '7', '', 387),
(23, 61, '7', '', 410),
(23, 62, '1', '', 435),
(23, 63, '1', '', 458),
(23, 64, '1', '', 480),
(23, 65, '1', '', 499),
(23, 66, '1', '', 516),
(23, 67, '7', '', 530),
(23, 68, '7', '', 543),
(23, 69, '7', '', 553),
(23, 70, '1', '', 562),
(23, 71, '7', '', 569),
(23, 72, '1', '', 576),
(23, 73, '5', '', 581),
(23, 74, '7', '', 585),
(23, 75, '1', '', 588),
(23, 76, '1', '', 591),
(23, 77, '1', '', 592),
(23, 78, '1', '', 594),
(23, 79, '7', '', 596),
(23, 80, '7', '', 597),
(23, 81, '7', '', 597),
(23, 82, '7', '', 597),
(23, 83, '7', '', 598),
(23, 84, '7', '', 598),
(23, 85, '7', '', 598),
(23, 86, '7', '', 597),
(23, 87, '7', '', 598),
(23, 88, '7', '', 598),
(23, 89, '7', '', 597),
(23, 90, '5', '', 597),
(23, 91, '7', '', 596),
(23, 92, '6', '', 596),
(23, 93, '6', '', 595),
(23, 94, '6', '', 595),
(23, 95, '6', '', 595),
(23, 96, '6', '', 594),
(23, 97, '7', '', 594),
(23, 98, '7', '', 594),
(23, 99, '5', '', 595),
(23, 100, '6', '', 595),
(23, 101, '6', '', 595),
(23, 102, '7', '', 596),
(23, 103, '7', '', 596),
(23, 104, '6', '', 597),
(23, 105, '6', '', 597),
(23, 106, '6', '', 598),
(23, 107, '6', '', 598),
(23, 108, '6', '', 598),
(23, 109, '6', '', 599),
(23, 110, '6', '', 599),
(23, 111, '6', '', 599),
(23, 112, '6', '', 599),
(23, 113, '6', '', 599),
(23, 114, '6', '', 600),
(23, 115, '7', '', 600),
(23, 116, '4', '', 600),
(23, 117, '4', '', 600),
(23, 118, '4', '', 600),
(23, 119, '4', '', 600),
(23, 120, '4', '', 600),
(23, 121, '4', '', 600),
(23, 122, '4', '', 600),
(23, 123, '4', '', 600),
(23, 124, '4', '', 600),
(23, 125, '7', '', 600),
(23, 126, '7', '', 600),
(23, 127, '7', '', 600),
(23, 128, '1', '', 600),
(23, 129, '6', '', 600),
(23, 130, '6', '', 600),
(23, 131, '7', '', 600),
(23, 132, '6', '', 600),
(23, 133, '8', '', 600),
(23, 134, '8', '', 600),
(23, 135, '5', '', 600),
(23, 136, '5', '', 600),
(23, 137, '5', '', 600),
(23, 138, '1', '', 600),
(23, 139, '1', '', 600),
(23, 140, '1', '', 600),
(23, 141, '1', '', 600),
(23, 142, '1', '', 600),
(23, 143, '1', '', 600),
(24, 10, '2', '', 285),
(24, 11, '2', '', 262),
(24, 12, '1', '', 234),
(24, 13, '2', '', 218),
(24, 15, '2', '', 288),
(24, 16, '1', '', 206),
(24, 19, '1', '', 126),
(24, 20, '1', '', 91),
(24, 21, '1', '', 58),
(24, 22, '1', '', 41),
(24, 23, '5', '', 59),
(24, 24, '5', '', 99),
(24, 25, '5', '', 148),
(24, 26, '5', '', 192),
(24, 27, '5', '', 225),
(24, 28, '7', '', 257),
(24, 29, '1', '', 288),
(24, 30, '1', '', 323),
(24, 31, '7', '', 356),
(24, 32, '1', '', 379),
(24, 33, '1', '', 396),
(24, 34, '1', '', 405),
(24, 35, '1', '', 410),
(24, 36, '7', '', 414),
(24, 37, '7', '', 419),
(24, 38, '7', '', 427),
(24, 39, '7', '', 435),
(24, 40, '1', '', 445),
(24, 41, '1', '', 457),
(24, 42, '1', '', 467),
(24, 43, '7', '', 479),
(24, 44, '1', '', 488),
(24, 45, '7', '', 495),
(24, 46, '7', '', 503),
(24, 47, '7', '', 505),
(24, 48, '7', '', 505),
(24, 49, '7', '', 504),
(24, 50, '7', '', 500),
(24, 51, '1', '', 494),
(24, 52, '1', '', 483),
(24, 53, '1', '', 470),
(24, 54, '1', '', 455),
(24, 55, '1', '', 439),
(24, 56, '1', '', 426),
(24, 57, '1', '', 416),
(24, 58, '1', '', 413),
(24, 59, '1', '', 417),
(24, 60, '1', '', 430),
(24, 61, '1', '', 445),
(24, 62, '1', '', 464),
(24, 63, '1', '', 482),
(24, 64, '1', '', 499),
(24, 65, '1', '', 514),
(24, 66, '1', '', 528),
(24, 67, '7', '', 540),
(24, 68, '7', '', 551),
(24, 69, '7', '', 560),
(24, 70, '7', '', 567),
(24, 71, '7', '', 573),
(24, 72, '7', '', 579),
(24, 73, '5', '', 583),
(24, 74, '1', '', 587),
(24, 75, '1', '', 590),
(24, 76, '1', '', 591),
(24, 77, '1', '', 594),
(24, 78, '1', '', 595),
(24, 79, '1', '', 596),
(24, 80, '7', '', 597),
(24, 81, '7', '', 596),
(24, 82, '7', '', 597),
(24, 83, '7', '', 598),
(24, 84, '7', '', 598),
(24, 85, '7', '', 597),
(24, 86, '7', '', 598),
(24, 87, '7', '', 597),
(24, 88, '7', '', 597),
(24, 89, '7', '', 596),
(24, 90, '5', '', 596),
(24, 91, '7', '', 595),
(24, 92, '6', '', 594),
(24, 93, '6', '', 594),
(24, 94, '6', '', 593),
(24, 95, '6', '', 593),
(24, 96, '6', '', 592),
(24, 97, '6', '', 592),
(24, 98, '7', '', 592),
(24, 99, '5', '', 593),
(24, 100, '6', '', 593),
(24, 101, '6', '', 594),
(24, 102, '7', '', 594),
(24, 103, '6', '', 595),
(24, 104, '6', '', 596),
(24, 105, '6', '', 596),
(24, 106, '6', '', 597),
(24, 107, '6', '', 597),
(24, 108, '6', '', 598),
(24, 109, '6', '', 598),
(24, 110, '6', '', 599),
(24, 111, '6', '', 599),
(24, 112, '6', '', 599),
(24, 113, '6', '', 599),
(24, 114, '6', '', 600),
(24, 115, '6', '', 600),
(24, 116, '7', '', 600),
(24, 117, '4', '', 600),
(24, 118, '4', '', 600),
(24, 119, '4', '', 600),
(24, 120, '4', '', 600),
(24, 121, '4', '', 600),
(24, 122, '4', '', 600),
(24, 123, '4', '', 600),
(24, 124, '7', '', 600),
(24, 125, '6', '', 600),
(24, 126, '6', '', 600),
(24, 127, '7', '', 600),
(24, 128, '7', '', 600),
(24, 129, '7', '', 600),
(24, 130, '8', '', 600),
(24, 131, '5', '', 600),
(24, 132, '5', '', 600),
(24, 133, '5', '', 600),
(24, 134, '5', '', 600),
(24, 135, '7', '', 600),
(24, 136, '7', '', 600),
(24, 137, '1', '', 600),
(24, 138, '5', '', 600),
(24, 139, '1', '', 600),
(24, 140, '1', '', 600),
(24, 141, '1', '', 600),
(24, 142, '1', '', 600),
(24, 143, '1', '', 600),
(25, 7, '2', '', 239),
(25, 8, '2', '', 261),
(25, 11, '2', '', 253),
(25, 12, '1', '', 227),
(25, 13, '1', '', 197),
(25, 14, '2', '', 150),
(25, 15, '2', '', 0),
(25, 16, '1', '', 196),
(25, 17, '2', '', 0),
(25, 19, '2', '', 143),
(25, 20, '2', '', 102),
(25, 21, '1', '', 59),
(25, 22, '1', '', 8),
(25, 23, '5', '', 56),
(25, 24, '1', '', 109),
(25, 25, '1', '', 164),
(25, 26, '1', '', 214),
(25, 27, '1', '', 258),
(25, 28, '7', '', 295),
(25, 29, '7', '', 329),
(25, 30, '1', '', 360),
(25, 31, '7', '', 387),
(25, 32, '7', '', 407),
(25, 33, '7', '', 422),
(25, 34, '7', '', 432),
(25, 35, '7', '', 440),
(25, 36, '1', '', 443),
(25, 37, '1', '', 451),
(25, 38, '1', '', 455),
(25, 39, '1', '', 462),
(25, 40, '1', '', 471),
(25, 41, '1', '', 480),
(25, 42, '1', '', 489),
(25, 43, '1', '', 497),
(25, 44, '1', '', 505),
(25, 45, '1', '', 511),
(25, 46, '1', '', 516),
(25, 47, '1', '', 518),
(25, 48, '7', '', 518),
(25, 49, '7', '', 517),
(25, 50, '7', '', 513),
(25, 51, '1', '', 509),
(25, 52, '1', '', 499),
(25, 53, '1', '', 491),
(25, 54, '1', '', 480),
(25, 55, '1', '', 469),
(25, 56, '1', '', 461),
(25, 57, '1', '', 454),
(25, 58, '1', '', 453),
(25, 59, '1', '', 457),
(25, 60, '1', '', 464),
(25, 61, '1', '', 475),
(25, 62, '1', '', 488),
(25, 63, '1', '', 503),
(25, 64, '1', '', 515),
(25, 65, '1', '', 528),
(25, 66, '1', '', 539),
(25, 67, '1', '', 550),
(25, 68, '1', '', 558),
(25, 69, '1', '', 565),
(25, 70, '1', '', 571),
(25, 71, '7', '', 576),
(25, 72, '5', '', 582),
(25, 73, '1', '', 585),
(25, 74, '1', '', 589),
(25, 75, '1', '', 590),
(25, 76, '1', '', 593),
(25, 77, '1', '', 594),
(25, 78, '1', '', 596),
(25, 79, '7', '', 596),
(25, 80, '7', '', 596),
(25, 81, '7', '', 596),
(25, 82, '7', '', 598),
(25, 83, '7', '', 598),
(25, 84, '7', '', 597),
(25, 85, '7', '', 597),
(25, 86, '7', '', 597),
(25, 87, '7', '', 597),
(25, 88, '7', '', 596),
(25, 89, '7', '', 595),
(25, 90, '5', '', 594),
(25, 91, '5', '', 593),
(25, 92, '5', '', 592),
(25, 93, '5', '', 591),
(25, 94, '7', '', 590),
(25, 95, '6', '', 590),
(25, 96, '6', '', 589),
(25, 97, '6', '', 589),
(25, 98, '6', '', 589),
(25, 99, '6', '', 590),
(25, 100, '7', '', 590),
(25, 101, '7', '', 591),
(25, 102, '6', '', 592),
(25, 103, '6', '', 593),
(25, 104, '6', '', 594),
(25, 105, '6', '', 595),
(25, 106, '6', '', 596),
(25, 107, '6', '', 597),
(25, 108, '6', '', 597),
(25, 109, '6', '', 598),
(25, 110, '6', '', 598),
(25, 111, '6', '', 599),
(25, 112, '6', '', 599),
(25, 113, '6', '', 599),
(25, 114, '6', '', 599),
(25, 115, '6', '', 600),
(25, 116, '6', '', 600),
(25, 117, '7', '', 600),
(25, 118, '6', '', 600),
(25, 119, '6', '', 600),
(25, 120, '4', '', 600),
(25, 121, '4', '', 600),
(25, 122, '4', '', 600),
(25, 123, '7', '', 600),
(25, 124, '6', '', 600),
(25, 125, '6', '', 600),
(25, 126, '6', '', 600),
(25, 127, '7', '', 600),
(25, 128, '8', '', 600),
(25, 129, '8', '', 600),
(25, 130, '7', '', 600),
(25, 131, '7', '', 600),
(25, 132, '7', '', 600),
(25, 133, '7', '', 600),
(25, 134, '7', '', 600),
(25, 135, '7', '', 600),
(25, 136, '7', '', 600),
(25, 137, '1', '', 600),
(25, 138, '5', '', 600),
(25, 139, '1', '', 600),
(25, 140, '1', '', 600),
(25, 141, '1', '', 600),
(25, 142, '7', '', 600),
(25, 143, '7', '', 600),
(26, 6, '2', '', 143),
(26, 7, '1', '', 184),
(26, 8, '1', '', 228),
(26, 9, '2', '', 255),
(26, 12, '2', '', 229),
(26, 13, '1', '', 197),
(26, 14, '7', '', 160),
(26, 15, '7', '', 139),
(26, 16, '1', '', 176),
(26, 17, '2', '', 175),
(26, 21, '2', '', 84),
(26, 22, '1', '', 64),
(26, 23, '1', '', 90),
(26, 24, '5', '', 140),
(26, 25, '1', '', 193),
(26, 26, '1', '', 244),
(26, 27, '1', '', 289),
(26, 28, '7', '', 327),
(26, 29, '7', '', 361),
(26, 30, '7', '', 390),
(26, 31, '7', '', 414),
(26, 32, '7', '', 431),
(26, 33, '7', '', 445),
(26, 34, '7', '', 456),
(26, 35, '1', '', 464),
(26, 36, '7', '', 469),
(26, 37, '1', '', 476),
(26, 38, '1', '', 481),
(26, 39, '1', '', 487),
(26, 40, '1', '', 492),
(26, 41, '1', '', 499),
(26, 42, '1', '', 507),
(26, 43, '1', '', 514),
(26, 44, '1', '', 519),
(26, 45, '1', '', 524),
(26, 46, '1', '', 529),
(26, 47, '1', '', 531),
(26, 48, '1', '', 529),
(26, 49, '1', '', 529),
(26, 50, '1', '', 526),
(26, 51, '1', '', 523),
(26, 52, '1', '', 518),
(26, 53, '1', '', 510),
(26, 54, '1', '', 502),
(26, 55, '1', '', 494),
(26, 56, '1', '', 489),
(26, 57, '1', '', 484),
(26, 58, '1', '', 484),
(26, 59, '1', '', 486),
(26, 60, '7', '', 493),
(26, 61, '1', '', 500),
(26, 62, '1', '', 511),
(26, 63, '1', '', 520),
(26, 64, '1', '', 530),
(26, 65, '7', '', 541),
(26, 66, '7', '', 550),
(26, 67, '1', '', 557),
(26, 68, '1', '', 565),
(26, 69, '1', '', 570),
(26, 70, '1', '', 575),
(26, 71, '1', '', 581),
(26, 72, '5', '', 584),
(26, 73, '1', '', 587),
(26, 74, '1', '', 589),
(26, 75, '1', '', 592),
(26, 76, '1', '', 593),
(26, 77, '1', '', 595),
(26, 78, '1', '', 596),
(26, 79, '7', '', 596),
(26, 80, '7', '', 596),
(26, 81, '7', '', 598),
(26, 82, '7', '', 598),
(26, 83, '1', '', 597),
(26, 84, '7', '', 597),
(26, 85, '7', '', 596),
(26, 86, '7', '', 597),
(26, 87, '7', '', 596),
(26, 88, '7', '', 595),
(26, 89, '7', '', 594),
(26, 90, '7', '', 592),
(26, 91, '7', '', 591),
(26, 92, '7', '', 589),
(26, 93, '5', '', 588),
(26, 94, '7', '', 587),
(26, 95, '7', '', 586),
(26, 96, '7', '', 585),
(26, 97, '6', '', 585),
(26, 98, '6', '', 585),
(26, 99, '6', '', 586),
(26, 100, '6', '', 587),
(26, 101, '6', '', 588),
(26, 102, '6', '', 589),
(26, 103, '6', '', 591),
(26, 104, '6', '', 592),
(26, 105, '6', '', 594),
(26, 106, '6', '', 595),
(26, 107, '6', '', 596),
(26, 108, '6', '', 597),
(26, 109, '5', '', 597),
(26, 110, '7', '', 598),
(26, 111, '7', '', 598),
(26, 112, '7', '', 599),
(26, 113, '7', '', 599),
(26, 114, '6', '', 599),
(26, 115, '6', '', 599),
(26, 116, '6', '', 600),
(26, 117, '6', '', 600),
(26, 118, '6', '', 600),
(26, 119, '6', '', 600),
(26, 120, '7', '', 600),
(26, 121, '7', '', 600),
(26, 122, '6', '', 600),
(26, 123, '6', '', 600),
(26, 124, '6', '', 600),
(26, 125, '6', '', 600),
(26, 126, '6', '', 600),
(26, 127, '7', '', 600),
(26, 128, '7', '', 600),
(26, 129, '7', '', 600),
(26, 130, '7', '', 600),
(26, 131, '7', '', 600),
(26, 132, '7', '', 600),
(26, 133, '7', '', 600),
(26, 134, '7', '', 600),
(26, 135, '7', '', 600),
(26, 136, '7', '', 600),
(26, 137, '1', '', 600),
(26, 138, '5', '', 600),
(26, 139, '7', '', 600),
(26, 140, '7', '', 600),
(26, 141, '1', '', 600),
(26, 142, '1', '', 600),
(26, 143, '1', '', 600),
(27, 6, '2', '', 75),
(27, 7, '7', '', 138),
(27, 8, '7', '', 200),
(27, 9, '5', '', 244),
(27, 10, '2', '', 265),
(27, 11, '2', '', 263),
(27, 12, '2', '', 243),
(27, 13, '7', '', 218),
(27, 14, '7', '', 194),
(27, 15, '1', '', 185),
(27, 16, '1', '', 191),
(27, 17, '1', '', 193),
(27, 18, '2', '', 184),
(27, 22, '2', '', 127),
(27, 23, '1', '', 148),
(27, 24, '5', '', 187),
(27, 25, '2', '', 233),
(27, 26, '2', '', 279),
(27, 27, '2', '', 323),
(27, 28, '1', '', 360),
(27, 29, '7', '', 389),
(27, 30, '7', '', 416),
(27, 31, '7', '', 439),
(27, 32, '7', '', 454),
(27, 33, '7', '', 467),
(27, 34, '1', '', 477),
(27, 35, '7', '', 484),
(27, 36, '1', '', 490),
(27, 37, '1', '', 494),
(27, 38, '1', '', 499),
(27, 39, '1', '', 506),
(27, 40, '1', '', 512),
(27, 41, '1', '', 517),
(27, 42, '1', '', 522),
(27, 43, '1', '', 527),
(27, 44, '1', '', 532),
(27, 45, '2', '', 535),
(27, 46, '2', '', 540),
(27, 47, '2', '', 541),
(27, 48, '2', '', 541),
(27, 49, '2', '', 539),
(27, 50, '1', '', 537),
(27, 51, '1', '', 535),
(27, 52, '1', '', 531),
(27, 53, '1', '', 526),
(27, 54, '1', '', 520),
(27, 55, '2', '', 516),
(27, 56, '2', '', 513),
(27, 57, '1', '', 509),
(27, 58, '1', '', 510),
(27, 59, '1', '', 510),
(27, 60, '1', '', 515),
(27, 61, '1', '', 521),
(27, 62, '1', '', 528),
(27, 63, '1', '', 535),
(27, 64, '1', '', 543),
(27, 65, '7', '', 551),
(27, 66, '7', '', 559),
(27, 67, '1', '', 564),
(27, 68, '1', '', 571),
(27, 69, '1', '', 575),
(27, 70, '1', '', 579),
(27, 71, '1', '', 584),
(27, 72, '5', '', 586),
(27, 73, '5', '', 589),
(27, 74, '1', '', 591),
(27, 75, '1', '', 593),
(27, 76, '1', '', 595),
(27, 77, '1', '', 596),
(27, 78, '1', '', 596),
(27, 79, '1', '', 596),
(27, 80, '1', '', 597),
(27, 81, '1', '', 598),
(27, 82, '7', '', 598),
(27, 83, '1', '', 597),
(27, 84, '7', '', 596),
(27, 85, '7', '', 596),
(27, 86, '7', '', 596),
(27, 87, '7', '', 595),
(27, 88, '7', '', 593),
(27, 89, '7', '', 592),
(27, 90, '7', '', 590),
(27, 91, '7', '', 588),
(27, 92, '7', '', 586),
(27, 93, '5', '', 583),
(27, 94, '7', '', 582),
(27, 95, '5', '', 580),
(27, 96, '5', '', 579),
(27, 97, '5', '', 579),
(27, 98, '6', '', 579),
(27, 99, '6', '', 580),
(27, 100, '6', '', 582),
(27, 101, '6', '', 583),
(27, 102, '6', '', 586),
(27, 103, '6', '', 588),
(27, 104, '6', '', 590),
(27, 105, '7', '', 592),
(27, 106, '7', '', 593),
(27, 107, '7', '', 595),
(27, 108, '8', '', 596),
(27, 109, '5', '', 597),
(27, 110, '7', '', 597),
(27, 111, '8', '', 598),
(27, 112, '7', '', 599),
(27, 113, '7', '', 599),
(27, 115, '5', '', 599),
(27, 116, '6', '', 600),
(27, 117, '6', '', 600),
(27, 118, '6', '', 600),
(27, 119, '6', '', 600),
(27, 120, '7', '', 600),
(27, 121, '6', '', 600),
(27, 122, '6', '', 600),
(27, 123, '6', '', 600),
(27, 124, '6', '', 600),
(27, 125, '6', '', 600),
(27, 126, '6', '', 600),
(27, 127, '1', '', 600),
(27, 128, '1', '', 600),
(27, 129, '1', '', 600),
(27, 130, '1', '', 600),
(27, 131, '1', '', 600),
(27, 132, '7', '', 600),
(27, 133, '7', '', 600),
(27, 134, '7', '', 600),
(27, 135, '7', '', 600),
(27, 136, '1', '', 600),
(27, 137, '1', '', 600),
(27, 138, '5', '', 600),
(27, 139, '1', '', 600),
(27, 140, '1', '', 600),
(27, 141, '1', '', 600),
(27, 142, '1', '', 600),
(27, 143, '1', '', 600),
(28, 4, '2', '', 45),
(28, 5, '1', '', 0),
(28, 6, '1', '', 43),
(28, 7, '7', '', 121),
(28, 8, '7', '', 193),
(28, 9, '5', '', 246),
(28, 10, '7', '', 274),
(28, 11, '7', '', 281),
(28, 12, '7', '', 270),
(28, 13, '7', '', 250),
(28, 14, '7', '', 230),
(28, 15, '7', '', 218),
(28, 16, '1', '', 213),
(28, 17, '1', '', 209),
(28, 18, '1', '', 204),
(28, 19, '2', '', 194),
(28, 22, '2', '', 189),
(28, 23, '2', '', 209),
(28, 24, '2', '', 241),
(28, 27, '2', '', 356),
(28, 28, '1', '', 389),
(28, 29, '7', '', 415),
(28, 30, '7', '', 439),
(28, 31, '7', '', 458),
(28, 32, '7', '', 472),
(28, 33, '7', '', 486),
(28, 34, '7', '', 495),
(28, 35, '1', '', 502),
(28, 36, '1', '', 507),
(28, 37, '1', '', 512),
(28, 38, '1', '', 519),
(28, 39, '2', '', 523),
(28, 40, '2', '', 526),
(28, 41, '2', '', 530),
(28, 42, '2', '', 534),
(28, 43, '2', '', 539),
(28, 44, '2', '', 543),
(28, 45, '2', '', 547),
(28, 50, '2', '', 547),
(28, 51, '2', '', 546),
(28, 52, '2', '', 542),
(28, 53, '2', '', 539),
(28, 54, '2', '', 536),
(28, 57, '2', '', 529),
(28, 58, '2', '', 529),
(28, 59, '2', '', 530),
(28, 60, '2', '', 533),
(28, 61, '2', '', 537),
(28, 62, '2', '', 542),
(28, 63, '2', '', 547),
(28, 64, '1', '', 553),
(28, 65, '7', '', 560),
(28, 66, '7', '', 565),
(28, 67, '1', '', 570),
(28, 68, '1', '', 575),
(28, 69, '1', '', 579),
(28, 70, '1', '', 582),
(28, 71, '1', '', 586),
(28, 72, '1', '', 589),
(28, 73, '1', '', 590),
(28, 74, '1', '', 593),
(28, 75, '1', '', 594),
(28, 76, '1', '', 595),
(28, 77, '1', '', 596),
(28, 78, '1', '', 596),
(28, 79, '1', '', 596),
(28, 80, '1', '', 597),
(28, 81, '1', '', 598),
(28, 82, '1', '', 597),
(28, 83, '1', '', 597),
(28, 84, '1', '', 596),
(28, 85, '1', '', 596),
(28, 86, '7', '', 595),
(28, 87, '7', '', 593),
(28, 88, '7', '', 591),
(28, 89, '7', '', 589),
(28, 90, '1', '', 587),
(28, 91, '1', '', 584),
(28, 92, '5', '', 581),
(28, 93, '7', '', 577),
(28, 94, '7', '', 575),
(28, 95, '5', '', 572),
(28, 96, '7', '', 571),
(28, 97, '6', '', 570),
(28, 98, '6', '', 571),
(28, 99, '6', '', 572),
(28, 100, '6', '', 575),
(28, 101, '6', '', 577),
(28, 102, '6', '', 581),
(28, 103, '7', '', 584),
(28, 104, '7', '', 587),
(28, 105, '8', '', 589),
(28, 106, '7', '', 591),
(28, 107, '8', '', 593),
(28, 108, '8', '', 595),
(28, 109, '5', '', 596),
(28, 110, '7', '', 597),
(28, 111, '7', '', 598),
(28, 112, '8', '', 598),
(28, 113, '7', '', 599),
(28, 114, '5', '', 599),
(28, 115, '7', '', 599),
(28, 116, '7', '', 599),
(28, 117, '7', '', 600),
(28, 118, '7', '', 600),
(28, 119, '6', '', 600),
(28, 120, '6', '', 600),
(28, 121, '7', '', 600),
(28, 122, '7', '', 600),
(28, 123, '7', '', 600),
(28, 124, '7', '', 600),
(28, 125, '7', '', 600),
(28, 126, '7', '', 600),
(28, 127, '1', '', 600),
(28, 128, '1', '', 600),
(28, 129, '1', '', 600),
(28, 130, '1', '', 600),
(28, 131, '1', '', 600),
(28, 132, '1', '', 600),
(28, 133, '1', '', 600),
(28, 134, '1', '', 600),
(28, 135, '1', '', 600),
(28, 136, '1', '', 600),
(28, 137, '1', '', 600),
(28, 138, '5', '', 600),
(28, 139, '1', '', 600),
(28, 140, '1', '', 600),
(28, 141, '1', '', 600),
(28, 142, '1', '', 600),
(28, 143, '1', '', 600),
(29, 4, '2', '', 80),
(29, 5, '1', '', 44),
(29, 6, '7', '', 77),
(29, 7, '1', '', 143),
(29, 8, '5', '', 211),
(29, 9, '7', '', 263),
(29, 10, '1', '', 294),
(29, 11, '7', '', 306),
(29, 12, '7', '', 302),
(29, 13, '7', '', 290),
(29, 14, '7', '', 274),
(29, 15, '1', '', 261),
(29, 16, '1', '', 252),
(29, 17, '7', '', 246),
(29, 18, '7', '', 242),
(29, 19, '1', '', 239),
(29, 20, '2', '', 240),
(29, 28, '2', '', 417),
(29, 29, '7', '', 441),
(29, 30, '7', '', 460),
(29, 31, '7', '', 479),
(29, 32, '7', '', 492),
(29, 33, '7', '', 502),
(29, 34, '1', '', 511),
(29, 35, '1', '', 517),
(29, 36, '2', '', 522),
(29, 37, '2', '', 528),
(29, 38, '2', '', 530),
(29, 64, '2', '', 563),
(29, 65, '1', '', 568),
(29, 66, '1', '', 572),
(29, 67, '1', '', 575),
(29, 68, '1', '', 580),
(29, 69, '1', '', 582),
(29, 70, '1', '', 586),
(29, 71, '2', '', 588),
(29, 72, '2', '', 590),
(29, 73, '1', '', 592),
(29, 74, '1', '', 594),
(29, 75, '1', '', 595),
(29, 76, '1', '', 596),
(29, 77, '7', '', 596),
(29, 78, '7', '', 597),
(29, 79, '1', '', 597),
(29, 80, '1', '', 598),
(29, 81, '1', '', 597),
(29, 82, '1', '', 597),
(29, 83, '7', '', 596),
(29, 84, '1', '', 595),
(29, 85, '7', '', 595),
(29, 86, '1', '', 594),
(29, 87, '1', '', 592),
(29, 88, '1', '', 589),
(29, 89, '1', '', 586),
(29, 90, '7', '', 583),
(29, 91, '5', '', 579),
(29, 92, '7', '', 574),
(29, 93, '7', '', 570),
(29, 94, '7', '', 565),
(29, 95, '5', '', 562),
(29, 96, '7', '', 559),
(29, 97, '6', '', 558),
(29, 98, '7', '', 559),
(29, 99, '7', '', 562),
(29, 100, '7', '', 565),
(29, 101, '7', '', 570),
(29, 102, '6', '', 574),
(29, 103, '8', '', 579),
(29, 104, '8', '', 583),
(29, 105, '8', '', 586),
(29, 106, '8', '', 589),
(29, 107, '7', '', 592),
(29, 108, '8', '', 594),
(29, 109, '5', '', 595),
(29, 110, '7', '', 596),
(29, 111, '8', '', 597),
(29, 112, '7', '', 598),
(29, 113, '5', '', 598),
(29, 114, '7', '', 599),
(29, 115, '7', '', 599),
(29, 116, '7', '', 599),
(29, 117, '7', '', 600),
(29, 118, '7', '', 600),
(29, 119, '1', '', 600),
(29, 120, '7', '', 600),
(29, 121, '7', '', 600),
(29, 122, '7', '', 600),
(29, 123, '7', '', 600),
(29, 124, '8', '', 600),
(29, 125, '1', '', 600),
(29, 126, '1', '', 600),
(29, 127, '1', '', 600),
(29, 128, '1', '', 600),
(29, 129, '1', '', 600),
(29, 130, '1', '', 600),
(29, 131, '1', '', 600),
(29, 132, '1', '', 600),
(29, 133, '1', '', 600),
(29, 134, '1', '', 600),
(29, 135, '1', '', 600),
(29, 136, '1', '', 600),
(29, 137, '7', '', 600),
(29, 138, '5', '', 600),
(29, 139, '7', '', 600),
(29, 140, '7', '', 600),
(29, 141, '1', '', 600),
(29, 142, '1', '', 600),
(29, 143, '1', '', 600),
(30, 4, '2', '', 156),
(30, 5, '7', '', 132),
(30, 6, '7', '', 152),
(30, 7, '1', '', 197),
(30, 8, '5', '', 252),
(30, 9, '7', '', 292),
(30, 10, '7', '', 322),
(30, 11, '1', '', 337),
(30, 12, '1', '', 339),
(30, 13, '1', '', 331),
(30, 14, '1', '', 320),
(30, 15, '1', '', 309),
(30, 16, '7', '', 301),
(30, 17, '7', '', 296),
(30, 18, '7', '', 293),
(30, 19, '1', '', 293),
(30, 20, '2', '', 295),
(30, 27, '2', '', 422),
(30, 28, '1', '', 444),
(30, 29, '1', '', 465),
(30, 30, '1', '', 482),
(30, 31, '7', '', 495),
(30, 32, '7', '', 508),
(30, 33, '7', '', 517),
(30, 34, '1', '', 522),
(30, 35, '2', '', 529),
(30, 36, '2', '', 536),
(30, 65, '2', '', 574),
(30, 66, '1', '', 577),
(30, 67, '1', '', 580),
(30, 68, '7', '', 582),
(30, 69, '7', '', 585),
(30, 70, '1', '', 589),
(30, 71, '2', '', 591),
(30, 73, '2', '', 593),
(30, 74, '5', '', 594),
(30, 75, '1', '', 595),
(30, 76, '1', '', 596),
(30, 77, '7', '', 597),
(30, 78, '7', '', 597),
(30, 79, '1', '', 597),
(30, 80, '1', '', 598),
(30, 81, '1', '', 597),
(30, 82, '1', '', 597),
(30, 83, '1', '', 596),
(30, 84, '1', '', 595),
(30, 85, '1', '', 594),
(30, 86, '1', '', 592),
(30, 87, '1', '', 590),
(30, 88, '1', '', 587),
(30, 89, '1', '', 583),
(30, 90, '1', '', 578),
(30, 91, '1', '', 572),
(30, 92, '5', '', 566),
(30, 93, '7', '', 559),
(30, 94, '7', '', 553),
(30, 95, '5', '', 547),
(30, 96, '6', '', 543),
(30, 97, '6', '', 542),
(30, 98, '7', '', 543),
(30, 99, '7', '', 547),
(30, 100, '6', '', 553),
(30, 101, '6', '', 559),
(30, 102, '6', '', 566),
(30, 103, '8', '', 572),
(30, 104, '7', '', 578),
(30, 105, '7', '', 583),
(30, 106, '8', '', 587),
(30, 107, '7', '', 590),
(30, 108, '7', '', 592),
(30, 109, '5', '', 594),
(30, 110, '7', '', 596),
(30, 111, '7', '', 597),
(30, 112, '7', '', 598),
(30, 113, '5', '', 598),
(30, 114, '1', '', 599),
(30, 115, '7', '', 599),
(30, 116, '1', '', 599),
(30, 117, '1', '', 599),
(30, 118, '1', '', 600),
(30, 119, '1', '', 600),
(30, 120, '7', '', 600),
(30, 121, '7', '', 600),
(30, 122, '1', '', 600),
(30, 123, '1', '', 600),
(30, 124, '7', '', 600),
(30, 125, '7', '', 600),
(30, 126, '1', '', 600),
(30, 127, '1', '', 600),
(30, 128, '1', '', 600),
(30, 129, '1', '', 600),
(30, 130, '1', '', 600),
(30, 131, '1', '', 600),
(30, 132, '1', '', 600),
(30, 133, '1', '', 600),
(30, 134, '1', '', 600),
(30, 135, '1', '', 600),
(30, 136, '1', '', 600),
(30, 137, '7', '', 600),
(30, 138, '5', '', 600),
(30, 139, '7', '', 600),
(30, 140, '7', '', 600),
(30, 141, '1', '', 600),
(30, 142, '1', '', 600),
(30, 143, '1', '', 600),
(31, 4, '2', '', 242),
(31, 5, '1', '', 225),
(31, 6, '7', '', 234),
(31, 7, '7', '', 264),
(31, 8, '5', '', 301),
(31, 9, '7', '', 333),
(31, 10, '7', '', 355),
(31, 11, '7', '', 371),
(31, 12, '1', '', 374),
(31, 13, '1', '', 372),
(31, 14, '1', '', 365),
(31, 15, '1', '', 356),
(31, 16, '1', '', 350),
(31, 17, '7', '', 346),
(31, 18, '7', '', 344),
(31, 19, '2', '', 345),
(31, 20, '2', '', 346),
(31, 27, '2', '', 451),
(31, 28, '1', '', 469),
(31, 29, '1', '', 484),
(31, 30, '1', '', 500),
(31, 31, '1', '', 511),
(31, 32, '1', '', 522),
(31, 33, '1', '', 528),
(31, 34, '2', '', 535),
(31, 66, '2', '', 582),
(31, 67, '1', '', 584),
(31, 68, '1', '', 586),
(31, 69, '2', '', 588),
(31, 70, '2', '', 590),
(31, 74, '2', '', 595),
(31, 75, '1', '', 596),
(31, 76, '1', '', 597),
(31, 77, '1', '', 597),
(31, 78, '1', '', 597),
(31, 79, '1', '', 598),
(31, 80, '1', '', 598),
(31, 81, '1', '', 597),
(31, 82, '1', '', 596),
(31, 83, '1', '', 595),
(31, 84, '1', '', 595),
(31, 85, '1', '', 593),
(31, 86, '1', '', 591),
(31, 87, '1', '', 588),
(31, 88, '1', '', 584),
(31, 89, '1', '', 579),
(31, 90, '1', '', 572),
(31, 91, '1', '', 565),
(31, 92, '5', '', 556),
(31, 93, '7', '', 546),
(31, 94, '7', '', 536),
(31, 95, '5', '', 527),
(31, 96, '6', '', 521),
(31, 97, '6', '', 519),
(31, 98, '6', '', 521),
(31, 99, '6', '', 527),
(31, 100, '6', '', 536),
(31, 101, '6', '', 546),
(31, 102, '6', '', 556),
(31, 103, '7', '', 565),
(31, 104, '8', '', 572),
(31, 105, '1', '', 579),
(31, 106, '1', '', 584),
(31, 107, '1', '', 588),
(31, 108, '1', '', 591),
(31, 109, '1', '', 593),
(31, 110, '5', '', 595),
(31, 111, '7', '', 596),
(31, 112, '7', '', 597),
(31, 113, '5', '', 598),
(31, 114, '1', '', 599),
(31, 115, '7', '', 599),
(31, 116, '7', '', 599),
(31, 117, '1', '', 599),
(31, 118, '1', '', 600),
(31, 119, '1', '', 600),
(31, 120, '1', '', 600),
(31, 121, '7', '', 600),
(31, 122, '1', '', 600),
(31, 123, '1', '', 600),
(31, 124, '7', '', 600),
(31, 125, '7', '', 600),
(31, 126, '1', '', 600),
(31, 127, '1', '', 600),
(31, 128, '1', '', 600),
(31, 129, '7', '', 600),
(31, 130, '7', '', 600),
(31, 131, '1', '', 600),
(31, 132, '1', '', 600),
(31, 133, '1', '', 600),
(31, 134, '1', '', 600),
(31, 135, '1', '', 600),
(31, 136, '1', '', 600),
(31, 137, '1', '', 600),
(31, 138, '7', '', 600),
(31, 139, '5', '', 600),
(31, 140, '7', '', 600),
(31, 141, '1', '', 600),
(31, 142, '1', '', 600),
(31, 143, '1', '', 600),
(32, 4, '2', '', 321),
(32, 5, '1', '', 308),
(32, 6, '7', '', 313),
(32, 7, '7', '', 329),
(32, 8, '5', '', 353),
(32, 9, '7', '', 375),
(32, 10, '7', '', 394),
(32, 11, '7', '', 405),
(32, 12, '7', '', 409),
(32, 13, '7', '', 410),
(32, 14, '1', '', 406),
(32, 15, '1', '', 401),
(32, 16, '1', '', 397),
(32, 17, '7', '', 394),
(32, 18, '7', '', 392),
(32, 19, '2', '', 391),
(32, 27, '2', '', 477),
(32, 28, '1', '', 490),
(32, 29, '1', '', 504),
(32, 30, '1', '', 515),
(32, 31, '1', '', 524),
(32, 32, '1', '', 534),
(32, 33, '2', '', 540),
(32, 66, '2', '', 585),
(32, 67, '2', '', 586),
(32, 68, '2', '', 588),
(32, 75, '2', '', 597),
(32, 76, '1', '', 598),
(32, 77, '1', '', 597),
(32, 78, '1', '', 597),
(32, 79, '1', '', 598),
(32, 80, '1', '', 597),
(32, 81, '7', '', 597),
(32, 82, '1', '', 596),
(32, 83, '1', '', 595),
(32, 84, '1', '', 594),
(32, 85, '1', '', 592),
(32, 86, '1', '', 589),
(32, 87, '1', '', 586),
(32, 88, '1', '', 581),
(32, 89, '1', '', 574),
(32, 90, '1', '', 566),
(32, 91, '1', '', 556),
(32, 92, '1', '', 543),
(32, 93, '5', '', 529),
(32, 94, '5', '', 514),
(32, 95, '7', '', 500),
(32, 96, '6', '', 490),
(32, 97, '6', '', 487),
(32, 98, '6', '', 490),
(32, 99, '6', '', 500),
(32, 100, '6', '', 514),
(32, 101, '6', '', 529),
(32, 102, '6', '', 543),
(32, 103, '8', '', 556),
(32, 104, '1', '', 566),
(32, 105, '1', '', 574),
(32, 106, '1', '', 581),
(32, 107, '1', '', 586),
(32, 108, '1', '', 589),
(32, 109, '1', '', 592),
(32, 110, '1', '', 594),
(32, 111, '5', '', 596),
(32, 112, '5', '', 597),
(32, 113, '7', '', 598),
(32, 114, '1', '', 598),
(32, 115, '1', '', 599),
(32, 116, '7', '', 599),
(32, 117, '1', '', 599),
(32, 118, '1', '', 600),
(32, 119, '1', '', 600),
(32, 120, '1', '', 600),
(32, 121, '1', '', 600),
(32, 122, '1', '', 600),
(32, 123, '1', '', 600),
(32, 124, '1', '', 600),
(32, 125, '1', '', 600),
(32, 126, '1', '', 600),
(32, 127, '1', '', 600),
(32, 128, '1', '', 600),
(32, 129, '1', '', 600),
(32, 130, '7', '', 600),
(32, 131, '1', '', 600),
(32, 132, '1', '', 600),
(32, 133, '1', '', 600),
(32, 134, '1', '', 600),
(32, 135, '1', '', 600),
(32, 136, '1', '', 600),
(32, 137, '1', '', 600),
(32, 138, '7', '', 600),
(32, 139, '7', '', 600),
(32, 140, '5', '', 600),
(32, 141, '1', '', 600),
(32, 142, '1', '', 600),
(32, 143, '1', '', 600),
(33, 4, '2', '', 385),
(33, 5, '2', '', 377),
(33, 6, '1', '', 376),
(33, 7, '1', '', 387),
(33, 8, '5', '', 402),
(33, 9, '5', '', 417),
(33, 10, '7', '', 430),
(33, 11, '7', '', 438),
(33, 12, '7', '', 442),
(33, 13, '7', '', 443),
(33, 14, '1', '', 442),
(33, 15, '1', '', 440),
(33, 16, '1', '', 435),
(33, 17, '7', '', 433),
(33, 18, '7', '', 432),
(33, 19, '7', '', 433),
(33, 20, '2', '', 436),
(33, 28, '2', '', 511),
(33, 29, '2', '', 522),
(33, 30, '1', '', 530),
(33, 31, '2', '', 538),
(33, 32, '2', '', 544),
(33, 76, '2', '', 598),
(33, 77, '1', '', 597),
(33, 78, '1', '', 598),
(33, 79, '1', '', 598),
(33, 80, '1', '', 597),
(33, 81, '7', '', 597),
(33, 82, '7', '', 596),
(33, 83, '1', '', 595),
(33, 84, '1', '', 594),
(33, 85, '1', '', 591),
(33, 86, '7', '', 588),
(33, 87, '1', '', 583),
(33, 88, '1', '', 577),
(33, 89, '7', '', 570),
(33, 90, '1', '', 559),
(33, 91, '1', '', 546),
(33, 92, '1', '', 529),
(33, 93, '1', '', 509),
(33, 94, '5', '', 487),
(33, 95, '8', '', 465),
(33, 96, '6', '', 448),
(33, 97, '6', '', 442),
(33, 98, '6', '', 448),
(33, 99, '7', '', 465),
(33, 100, '7', '', 487),
(33, 101, '7', '', 509),
(33, 102, '8', '', 529),
(33, 103, '8', '', 546),
(33, 104, '1', '', 559),
(33, 105, '1', '', 570),
(33, 106, '1', '', 577),
(33, 107, '7', '', 583),
(33, 108, '7', '', 588),
(33, 109, '1', '', 591),
(33, 110, '1', '', 594),
(33, 111, '5', '', 595),
(33, 112, '1', '', 597),
(33, 113, '1', '', 598),
(33, 114, '1', '', 598),
(33, 115, '1', '', 599),
(33, 116, '1', '', 599),
(33, 117, '1', '', 599),
(33, 118, '1', '', 600),
(33, 119, '1', '', 600),
(33, 120, '1', '', 600),
(33, 121, '1', '', 600),
(33, 122, '1', '', 600),
(33, 123, '1', '', 600),
(33, 124, '1', '', 600),
(33, 125, '1', '', 600),
(33, 126, '1', '', 600),
(33, 127, '1', '', 600),
(33, 128, '1', '', 600),
(33, 129, '1', '', 600),
(33, 130, '1', '', 600),
(33, 131, '1', '', 600),
(33, 132, '1', '', 600),
(33, 133, '1', '', 600),
(33, 134, '1', '', 600),
(33, 135, '1', '', 600),
(33, 136, '1', '', 600),
(33, 137, '1', '', 600),
(33, 138, '1', '', 600),
(33, 139, '1', '', 600),
(33, 140, '5', '', 600),
(33, 141, '1', '', 600),
(33, 142, '1', '', 600),
(33, 143, '1', '', 600),
(34, 6, '2', '', 430),
(34, 7, '7', '', 435),
(34, 8, '7', '', 446),
(34, 9, '5', '', 454),
(34, 10, '7', '', 461),
(34, 11, '7', '', 470),
(34, 12, '7', '', 471),
(34, 13, '7', '', 474),
(34, 14, '1', '', 472),
(34, 15, '1', '', 470),
(34, 16, '1', '', 469),
(34, 17, '7', '', 468),
(34, 18, '7', '', 467),
(34, 19, '7', '', 467),
(34, 20, '2', '', 469),
(34, 30, '2', '', 540),
(34, 77, '2', '', 598),
(34, 78, '1', '', 598),
(34, 79, '1', '', 598),
(34, 80, '1', '', 597),
(34, 81, '1', '', 596),
(34, 82, '1', '', 595),
(34, 83, '1', '', 595),
(34, 84, '1', '', 593),
(34, 85, '1', '', 590),
(34, 86, '7', '', 587),
(34, 87, '1', '', 582),
(34, 88, '1', '', 575),
(34, 89, '1', '', 565),
(34, 90, '1', '', 553),
(34, 91, '1', '', 536),
(34, 92, '7', '', 514),
(34, 93, '1', '', 487),
(34, 94, '5', '', 454),
(34, 95, '8', '', 420),
(34, 96, '6', '', 391),
(34, 97, '7', '', 379),
(34, 98, '7', '', 391),
(34, 99, '8', '', 420),
(34, 100, '8', '', 454),
(34, 101, '7', '', 487),
(34, 102, '8', '', 514),
(34, 103, '1', '', 536),
(34, 104, '1', '', 553),
(34, 105, '1', '', 565),
(34, 106, '1', '', 575),
(34, 107, '7', '', 582),
(34, 108, '7', '', 587),
(34, 109, '1', '', 590),
(34, 110, '1', '', 593),
(34, 111, '5', '', 595),
(34, 112, '1', '', 596),
(34, 113, '1', '', 597),
(34, 114, '1', '', 598),
(34, 115, '1', '', 599),
(34, 116, '1', '', 599),
(34, 117, '1', '', 599),
(34, 118, '1', '', 599),
(34, 119, '1', '', 600),
(34, 120, '1', '', 600),
(34, 121, '1', '', 600),
(34, 122, '1', '', 600),
(34, 123, '1', '', 600),
(34, 124, '7', '', 600),
(34, 125, '7', '', 600),
(34, 126, '1', '', 600),
(34, 127, '1', '', 600),
(34, 128, '1', '', 600),
(34, 129, '1', '', 600),
(34, 130, '1', '', 600),
(34, 131, '1', '', 600),
(34, 132, '1', '', 600),
(34, 133, '1', '', 600),
(34, 134, '1', '', 600),
(34, 135, '1', '', 600),
(34, 136, '1', '', 600),
(34, 137, '1', '', 600),
(34, 138, '7', '', 600),
(34, 139, '7', '', 600),
(34, 140, '5', '', 600),
(34, 141, '7', '', 600),
(34, 142, '7', '', 600),
(34, 143, '2', '', 600),
(35, 6, '2', '', 474),
(35, 7, '1', '', 475),
(35, 8, '5', '', 479),
(35, 9, '5', '', 484),
(35, 10, '7', '', 491),
(35, 11, '7', '', 494),
(35, 12, '7', '', 497),
(35, 13, '7', '', 498),
(35, 14, '1', '', 499),
(35, 15, '1', '', 498),
(35, 16, '1', '', 496),
(35, 17, '7', '', 496),
(35, 18, '7', '', 496),
(35, 19, '2', '', 496),
(35, 77, '2', '', 598),
(35, 78, '1', '', 598),
(35, 79, '1', '', 598),
(35, 80, '1', '', 597),
(35, 81, '2', '', 596),
(35, 82, '2', '', 596),
(35, 83, '2', '', 595),
(35, 84, '1', '', 593),
(35, 85, '2', '', 590),
(35, 86, '7', '', 586),
(35, 87, '1', '', 580),
(35, 88, '1', '', 572),
(35, 89, '1', '', 562),
(35, 90, '1', '', 547),
(35, 91, '7', '', 527),
(35, 92, '7', '', 500),
(35, 93, '5', '', 465),
(35, 94, '7', '', 420),
(35, 95, '7', '', 366),
(35, 96, '6', '', 315),
(35, 97, '7', '', 292),
(35, 98, '7', '', 315),
(35, 99, '8', '', 366),
(35, 100, '8', '', 420),
(35, 101, '7', '', 465),
(35, 102, '1', '', 500),
(35, 103, '1', '', 527),
(35, 104, '1', '', 547),
(35, 105, '1', '', 562),
(35, 106, '1', '', 572),
(35, 107, '1', '', 580),
(35, 108, '5', '', 586),
(35, 109, '7', '', 590),
(35, 110, '5', '', 593),
(35, 111, '1', '', 595),
(35, 112, '1', '', 596),
(35, 113, '1', '', 597),
(35, 114, '1', '', 598),
(35, 115, '1', '', 599),
(35, 116, '1', '', 599),
(35, 117, '1', '', 599),
(35, 118, '1', '', 599),
(35, 119, '1', '', 600),
(35, 120, '1', '', 600),
(35, 121, '7', '', 600),
(35, 122, '1', '', 600),
(35, 123, '1', '', 600),
(35, 124, '1', '', 600),
(35, 125, '1', '', 600),
(35, 126, '1', '', 600),
(35, 127, '7', '', 600),
(35, 128, '1', '', 600),
(35, 129, '1', '', 600),
(35, 130, '1', '', 600),
(35, 131, '1', '', 600),
(35, 132, '1', '', 600),
(35, 133, '1', '', 600),
(35, 134, '1', '', 600),
(35, 135, '1', '', 600),
(35, 136, '1', '', 600),
(35, 137, '1', '', 600),
(35, 138, '7', '', 600),
(35, 139, '7', '', 600),
(35, 140, '2', '', 600),
(35, 141, '2', '', 600),
(35, 142, '2', '', 600),
(36, 6, '2', '', 505),
(36, 7, '1', '', 505),
(36, 8, '5', '', 507),
(36, 9, '7', '', 509),
(36, 10, '7', '', 514),
(36, 11, '7', '', 517),
(36, 12, '7', '', 518),
(36, 13, '7', '', 519),
(36, 14, '7', '', 519),
(36, 15, '7', '', 519),
(36, 16, '1', '', 518),
(36, 17, '1', '', 516),
(36, 18, '1', '', 517),
(36, 19, '2', '', 517),
(36, 78, '2', '', 598),
(36, 79, '2', '', 598),
(36, 80, '2', '', 597),
(36, 84, '2', '', 592),
(36, 86, '2', '', 585),
(36, 87, '1', '', 579),
(36, 88, '1', '', 571),
(36, 89, '1', '', 559),
(36, 90, '1', '', 543),
(36, 91, '7', '', 521),
(36, 92, '7', '', 490),
(36, 93, '5', '', 448),
(36, 94, '7', '', 391),
(36, 95, '7', '', 315),
(36, 96, '6', '', 226),
(36, 97, '7', '', 170),
(36, 98, '8', '', 226),
(36, 99, '8', '', 315);
INSERT INTO `map` (`x`, `y`, `location`, `title`, `encounter`) VALUES
(36, 100, '1', '', 391),
(36, 101, '1', '', 448),
(36, 102, '1', '', 490),
(36, 103, '1', '', 521),
(36, 104, '1', '', 543),
(36, 105, '1', '', 559),
(36, 106, '1', '', 571),
(36, 107, '7', '', 579),
(36, 108, '7', '', 585),
(36, 109, '5', '', 589),
(36, 110, '7', '', 592),
(36, 111, '1', '', 594),
(36, 112, '1', '', 596),
(36, 113, '1', '', 597),
(36, 114, '1', '', 598),
(36, 115, '1', '', 599),
(36, 116, '1', '', 599),
(36, 117, '2', '', 599),
(36, 118, '2', '', 599),
(36, 119, '1', '', 600),
(36, 120, '1', '', 600),
(36, 121, '7', '', 600),
(36, 122, '7', '', 600),
(36, 123, '7', '', 600),
(36, 124, '1', '', 600),
(36, 125, '1', '', 600),
(36, 126, '1', '', 600),
(36, 127, '1', '', 600),
(36, 128, '1', '', 600),
(36, 129, '1', '', 600),
(36, 130, '1', '', 600),
(36, 131, '1', '', 600),
(36, 132, '1', '', 600),
(36, 133, '1', '', 600),
(36, 134, '1', '', 600),
(36, 135, '1', '', 600),
(36, 136, '1', '', 600),
(36, 137, '1', '', 600),
(36, 138, '7', '', 600),
(36, 139, '2', '', 600),
(37, 5, '2', '', 530),
(37, 6, '7', '', 528),
(37, 7, '7', '', 530),
(37, 8, '5', '', 531),
(37, 9, '5', '', 530),
(37, 10, '7', '', 532),
(37, 11, '7', '', 534),
(37, 12, '7', '', 535),
(37, 13, '7', '', 535),
(37, 14, '7', '', 536),
(37, 15, '7', '', 536),
(37, 16, '1', '', 536),
(37, 17, '1', '', 536),
(37, 18, '1', '', 536),
(37, 19, '2', '', 537),
(37, 87, '2', '', 579),
(37, 88, '1', '', 570),
(37, 89, '1', '', 558),
(37, 90, '1', '', 542),
(37, 91, '1', '', 519),
(37, 92, '1', '', 487),
(37, 93, '5', '', 442),
(37, 94, '7', '', 379),
(37, 95, '7', '', 292),
(37, 96, '6', '', 170),
(37, 97, '6', '', 0),
(37, 98, '7', '', 170),
(37, 99, '7', '', 292),
(37, 100, '1', '', 379),
(37, 101, '1', '', 442),
(37, 102, '1', '', 487),
(37, 103, '1', '', 519),
(37, 104, '1', '', 542),
(37, 105, '1', '', 558),
(37, 106, '1', '', 570),
(37, 107, '1', '', 579),
(37, 108, '7', '', 585),
(37, 109, '5', '', 589),
(37, 110, '7', '', 592),
(37, 111, '1', '', 594),
(37, 112, '1', '', 596),
(37, 113, '1', '', 597),
(37, 114, '1', '', 598),
(37, 115, '1', '', 599),
(37, 116, '2', '', 599),
(37, 119, '2', '', 600),
(37, 120, '1', '', 600),
(37, 121, '1', '', 600),
(37, 122, '1', '', 600),
(37, 123, '7', '', 600),
(37, 124, '1', '', 600),
(37, 125, '1', '', 600),
(37, 126, '2', '', 600),
(37, 127, '1', '', 600),
(37, 128, '7', '', 600),
(37, 129, '1', '', 600),
(37, 130, '1', '', 600),
(37, 131, '1', '', 600),
(37, 132, '1', '', 600),
(37, 133, '1', '', 600),
(37, 134, '1', '', 600),
(37, 135, '7', '', 600),
(37, 136, '7', '', 600),
(37, 137, '1', '', 600),
(37, 138, '1', '', 600),
(37, 139, '2', '', 600),
(38, 4, '2', '', 551),
(38, 5, '1', '', 548),
(38, 6, '1', '', 548),
(38, 7, '5', '', 547),
(38, 8, '5', '', 547),
(38, 9, '7', '', 546),
(38, 10, '7', '', 548),
(38, 11, '7', '', 549),
(38, 12, '7', '', 548),
(38, 13, '1', '', 550),
(38, 14, '1', '', 550),
(38, 15, '1', '', 550),
(38, 16, '1', '', 551),
(38, 17, '1', '', 550),
(38, 18, '1', '', 548),
(38, 19, '2', '', 550),
(38, 87, '2', '', 579),
(38, 88, '1', '', 571),
(38, 89, '1', '', 559),
(38, 90, '1', '', 543),
(38, 91, '1', '', 521),
(38, 92, '1', '', 490),
(38, 93, '1', '', 448),
(38, 94, '5', '', 391),
(38, 95, '8', '', 315),
(38, 96, '7', '', 226),
(38, 97, '7', '', 170),
(38, 98, '8', '', 226),
(38, 99, '1', '', 315),
(38, 100, '1', '', 391),
(38, 101, '1', '', 448),
(38, 102, '7', '', 490),
(38, 103, '7', '', 521),
(38, 104, '7', '', 543),
(38, 105, '1', '', 559),
(38, 106, '1', '', 571),
(38, 107, '1', '', 579),
(38, 108, '1', '', 585),
(38, 109, '5', '', 589),
(38, 110, '7', '', 592),
(38, 111, '1', '', 594),
(38, 112, '2', '', 596),
(38, 113, '2', '', 597),
(38, 114, '2', '', 598),
(38, 115, '2', '', 599),
(38, 120, '2', '', 600),
(38, 121, '2', '', 600),
(38, 122, '2', '', 600),
(38, 123, '1', '', 600),
(38, 124, '2', '', 600),
(38, 125, '2', '', 600),
(38, 127, '2', '', 600),
(38, 128, '7', '', 600),
(38, 129, '7', '', 600),
(38, 130, '1', '', 600),
(38, 131, '1', '', 600),
(38, 132, '1', '', 600),
(38, 133, '1', '', 600),
(38, 134, '1', '', 600),
(38, 135, '1', '', 600),
(38, 136, '1', '', 600),
(38, 137, '1', '', 600),
(38, 138, '2', '', 600),
(39, 1, '2', '', 572),
(39, 2, '2', '', 570),
(39, 4, '2', '', 564),
(39, 5, '7', '', 562),
(39, 6, '7', '', 561),
(39, 7, '5', '', 561),
(39, 8, '7', '', 561),
(39, 9, '7', '', 559),
(39, 10, '1', '', 560),
(39, 11, '1', '', 560),
(39, 12, '1', '', 559),
(39, 13, '1', '', 562),
(39, 14, '7', '', 562),
(39, 15, '7', '', 562),
(39, 16, '1', '', 561),
(39, 17, '1', '', 559),
(39, 18, '2', '', 559),
(39, 87, '2', '', 580),
(39, 88, '1', '', 572),
(39, 89, '1', '', 562),
(39, 90, '1', '', 547),
(39, 91, '1', '', 527),
(39, 92, '1', '', 500),
(39, 93, '1', '', 465),
(39, 94, '5', '', 420),
(39, 95, '8', '', 366),
(39, 96, '7', '', 315),
(39, 97, '8', '', 292),
(39, 98, '7', '', 315),
(39, 99, '1', '', 366),
(39, 100, '1', '', 420),
(39, 101, '1', '', 465),
(39, 102, '7', '', 500),
(39, 103, '7', '', 527),
(39, 104, '1', '', 547),
(39, 105, '1', '', 562),
(39, 106, '1', '', 572),
(39, 107, '1', '', 580),
(39, 108, '1', '', 586),
(39, 109, '1', '', 590),
(39, 110, '5', '', 593),
(39, 111, '5', '', 595),
(39, 112, '2', '', 596),
(39, 122, '2', '', 600),
(39, 123, '2', '', 600),
(39, 128, '2', '', 600),
(39, 129, '1', '', 600),
(39, 130, '1', '', 600),
(39, 131, '1', '', 600),
(39, 132, '1', '', 600),
(39, 133, '1', '', 600),
(39, 134, '2', '', 600),
(39, 135, '2', '', 600),
(39, 136, '2', '', 600),
(39, 137, '2', '', 600),
(39, 138, '2', '', 600),
(40, 0, '2', '', 582),
(40, 1, '1', '', 578),
(40, 2, '2', '', 576),
(40, 3, '2', '', 576),
(40, 4, '2', '', 572),
(40, 5, '2', '', 572),
(40, 6, '2', '', 570),
(40, 7, '1', '', 571),
(40, 8, '7', '', 570),
(40, 9, '1', '', 570),
(40, 10, '7', '', 570),
(40, 11, '7', '', 569),
(40, 12, '1', '', 569),
(40, 13, '1', '', 569),
(40, 14, '7', '', 569),
(40, 15, '7', '', 570),
(40, 16, '1', '', 569),
(40, 17, '1', '', 570),
(40, 18, '2', '', 569),
(40, 87, '2', '', 582),
(40, 88, '7', '', 575),
(40, 89, '7', '', 565),
(40, 90, '1', '', 553),
(40, 91, '1', '', 536),
(40, 92, '1', '', 514),
(40, 93, '7', '', 487),
(40, 94, '1', '', 454),
(40, 95, '5', '', 420),
(40, 96, '7', '', 391),
(40, 97, '7', '', 379),
(40, 98, '1', '', 391),
(40, 99, '1', '', 420),
(40, 100, '1', '', 454),
(40, 101, '1', '', 487),
(40, 102, '1', '', 514),
(40, 103, '7', '', 536),
(40, 104, '7', '', 553),
(40, 105, '1', '', 565),
(40, 106, '1', '', 575),
(40, 107, '1', '', 582),
(40, 108, '1', '', 587),
(40, 109, '1', '', 590),
(40, 110, '1', '', 593),
(40, 111, '1', '', 595),
(40, 112, '2', '', 596),
(40, 129, '2', '', 600),
(40, 130, '2', '', 600),
(40, 131, '2', '', 600),
(40, 132, '2', '', 600),
(40, 133, '2', '', 600),
(41, 0, '1', '', 586),
(41, 1, '1', '', 586),
(41, 2, '1', '', 582),
(41, 3, '2', '', 582),
(41, 4, '2', '', 580),
(41, 7, '5', '', 580),
(41, 8, '5', '', 577),
(41, 9, '7', '', 579),
(41, 10, '7', '', 577),
(41, 11, '1', '', 578),
(41, 12, '1', '', 579),
(41, 13, '1', '', 575),
(41, 14, '1', '', 576),
(41, 15, '1', '', 574),
(41, 16, '1', '', 576),
(41, 17, '1', '', 574),
(41, 18, '2', '', 576),
(41, 71, '2', '', 599),
(41, 72, '2', '', 599),
(41, 73, '2', '', 599),
(41, 74, '2', '', 599),
(41, 77, '2', '', 599),
(41, 87, '2', '', 583),
(41, 88, '7', '', 577),
(41, 89, '7', '', 570),
(41, 90, '1', '', 559),
(41, 91, '1', '', 546),
(41, 92, '1', '', 529),
(41, 93, '1', '', 509),
(41, 94, '1', '', 487),
(41, 95, '5', '', 465),
(41, 96, '1', '', 448),
(41, 97, '1', '', 442),
(41, 98, '1', '', 448),
(41, 99, '1', '', 465),
(41, 100, '1', '', 487),
(41, 101, '1', '', 509),
(41, 102, '1', '', 529),
(41, 103, '1', '', 546),
(41, 104, '1', '', 559),
(41, 105, '1', '', 570),
(41, 106, '1', '', 577),
(41, 107, '1', '', 583),
(41, 108, '1', '', 588),
(41, 109, '1', '', 591),
(41, 110, '1', '', 594),
(41, 111, '1', '', 595),
(41, 112, '2', '', 597),
(42, 0, '2', '', 590),
(42, 1, '1', '', 588),
(42, 2, '1', '', 588),
(42, 3, '2', '', 586),
(42, 6, '2', '', 583),
(42, 7, '1', '', 584),
(42, 8, '1', '', 584),
(42, 9, '7', '', 583),
(42, 10, '7', '', 583),
(42, 11, '1', '', 582),
(42, 12, '1', '', 584),
(42, 13, '1', '', 582),
(42, 14, '7', '', 583),
(42, 15, '7', '', 581),
(42, 16, '1', '', 580),
(42, 17, '2', '', 582),
(42, 70, '2', '', 599),
(42, 74, '2', '', 599),
(42, 77, '2', '', 599),
(42, 78, '2', '', 599),
(42, 80, '2', '', 598),
(42, 88, '2', '', 581),
(42, 89, '1', '', 574),
(42, 90, '1', '', 566),
(42, 91, '1', '', 556),
(42, 92, '7', '', 543),
(42, 93, '7', '', 529),
(42, 94, '7', '', 514),
(42, 95, '7', '', 500),
(42, 96, '5', '', 490),
(42, 97, '1', '', 487),
(42, 98, '1', '', 490),
(42, 99, '1', '', 500),
(42, 100, '1', '', 514),
(42, 101, '1', '', 529),
(42, 102, '1', '', 543),
(42, 103, '1', '', 556),
(42, 104, '1', '', 566),
(42, 105, '1', '', 574),
(42, 106, '1', '', 581),
(42, 107, '1', '', 586),
(42, 108, '1', '', 589),
(42, 109, '1', '', 592),
(42, 110, '1', '', 594),
(42, 111, '1', '', 596),
(42, 112, '2', '', 597),
(43, 1, '1', '', 592),
(43, 2, '1', '', 590),
(43, 3, '2', '', 590),
(43, 4, '2', '', 588),
(43, 5, '2', '', 588),
(43, 6, '1', '', 588),
(43, 7, '1', '', 587),
(43, 8, '1', '', 587),
(43, 9, '7', '', 588),
(43, 10, '7', '', 587),
(43, 11, '1', '', 587),
(43, 12, '1', '', 589),
(43, 13, '1', '', 587),
(43, 14, '1', '', 587),
(43, 15, '1', '', 587),
(43, 16, '2', '', 587),
(43, 17, '2', '', 586),
(43, 70, '2', '', 599),
(43, 71, '2', '', 599),
(43, 72, '2', '', 599),
(43, 75, '2', '', 600),
(43, 76, '2', '', 600),
(43, 79, '2', '', 599),
(43, 81, '2', '', 598),
(43, 89, '2', '', 579),
(43, 90, '1', '', 572),
(43, 91, '1', '', 565),
(43, 92, '1', '', 556),
(43, 93, '1', '', 546),
(43, 94, '1', '', 536),
(43, 95, '1', '', 527),
(43, 96, '1', '', 521),
(43, 97, '5', '', 519),
(43, 98, '1', '', 521),
(43, 99, '1', '', 527),
(43, 100, '1', '', 536),
(43, 101, '1', '', 546),
(43, 102, '1', '', 556),
(43, 103, '1', '', 565),
(43, 104, '1', '', 572),
(43, 105, '1', '', 579),
(43, 106, '7', '', 584),
(43, 107, '7', '', 588),
(43, 108, '7', '', 591),
(43, 109, '1', '', 593),
(43, 110, '1', '', 595),
(43, 111, '2', '', 596),
(43, 141, '2', '', 600),
(43, 142, '2', '', 600),
(43, 143, '2', '', 600),
(44, 0, '2', '', 595),
(44, 1, '7', '', 594),
(44, 2, '7', '', 592),
(44, 3, '7', '', 592),
(44, 4, '7', '', 592),
(44, 5, '5', '', 592),
(44, 6, '5', '', 590),
(44, 7, '1', '', 590),
(44, 8, '1', '', 589),
(44, 9, '1', '', 591),
(44, 10, '1', '', 591),
(44, 11, '1', '', 590),
(44, 12, '1', '', 589),
(44, 13, '1', '', 589),
(44, 14, '1', '', 591),
(44, 15, '2', '', 590),
(44, 73, '2', '', 600),
(44, 74, '2', '', 600),
(44, 77, '5', '', 599),
(44, 78, '5', '', 599),
(44, 81, '2', '', 598),
(44, 89, '2', '', 583),
(44, 90, '1', '', 578),
(44, 91, '7', '', 572),
(44, 92, '1', '', 566),
(44, 93, '1', '', 559),
(44, 94, '7', '', 553),
(44, 95, '7', '', 547),
(44, 96, '1', '', 543),
(44, 97, '1', '', 542),
(44, 98, '5', '', 543),
(44, 99, '1', '', 547),
(44, 100, '1', '', 553),
(44, 101, '1', '', 559),
(44, 102, '1', '', 566),
(44, 103, '1', '', 572),
(44, 104, '1', '', 578),
(44, 105, '1', '', 583),
(44, 106, '1', '', 587),
(44, 107, '7', '', 590),
(44, 108, '2', '', 592),
(44, 109, '2', '', 594),
(44, 110, '2', '', 596),
(44, 140, '2', '', 600),
(45, 0, '1', '', 595),
(45, 1, '7', '', 595),
(45, 2, '7', '', 594),
(45, 3, '7', '', 594),
(45, 4, '7', '', 594),
(45, 5, '5', '', 594),
(45, 6, '5', '', 594),
(45, 7, '1', '', 594),
(45, 8, '1', '', 592),
(45, 9, '1', '', 591),
(45, 10, '1', '', 591),
(45, 11, '1', '', 593),
(45, 12, '7', '', 593),
(45, 13, '7', '', 593),
(45, 14, '1', '', 592),
(45, 15, '2', '', 592),
(45, 73, '2', '', 600),
(45, 74, '2', '', 600),
(45, 82, '2', '', 598),
(45, 89, '2', '', 586),
(45, 90, '1', '', 583),
(45, 91, '7', '', 579),
(45, 92, '1', '', 574),
(45, 93, '7', '', 570),
(45, 94, '1', '', 565),
(45, 95, '1', '', 562),
(45, 96, '1', '', 559),
(45, 97, '1', '', 558),
(45, 98, '5', '', 559),
(45, 99, '1', '', 562),
(45, 100, '1', '', 565),
(45, 101, '1', '', 570),
(45, 102, '1', '', 574),
(45, 103, '1', '', 579),
(45, 104, '1', '', 583),
(45, 105, '1', '', 586),
(45, 106, '2', '', 589),
(45, 107, '2', '', 592),
(45, 140, '2', '', 600),
(46, 0, '1', '', 598),
(46, 1, '7', '', 597),
(46, 2, '1', '', 597),
(46, 3, '1', '', 596),
(46, 4, '1', '', 596),
(46, 5, '5', '', 596),
(46, 6, '1', '', 596),
(46, 7, '1', '', 596),
(46, 8, '1', '', 596),
(46, 9, '1', '', 596),
(46, 10, '1', '', 596),
(46, 11, '7', '', 594),
(46, 12, '1', '', 593),
(46, 13, '2', '', 593),
(46, 14, '2', '', 593),
(46, 74, '2', '', 600),
(46, 83, '2', '', 598),
(46, 89, '2', '', 589),
(46, 90, '1', '', 587),
(46, 91, '7', '', 584),
(46, 92, '7', '', 581),
(46, 93, '7', '', 577),
(46, 94, '7', '', 575),
(46, 95, '1', '', 572),
(46, 96, '1', '', 571),
(46, 97, '1', '', 570),
(46, 98, '5', '', 571),
(46, 99, '1', '', 572),
(46, 100, '1', '', 575),
(46, 101, '1', '', 577),
(46, 102, '1', '', 581),
(46, 103, '1', '', 584),
(46, 104, '1', '', 587),
(46, 105, '2', '', 589),
(46, 106, '2', '', 591),
(46, 140, '2', '', 600),
(47, 0, '1', '', 598),
(47, 1, '1', '', 598),
(47, 2, '1', '', 597),
(47, 3, '1', '', 597),
(47, 4, '1', '', 597),
(47, 5, '5', '', 596),
(47, 6, '1', '', 596),
(47, 7, '1', '', 596),
(47, 8, '1', '', 596),
(47, 9, '1', '', 596),
(47, 10, '1', '', 596),
(47, 11, '7', '', 596),
(47, 12, '7', '', 596),
(47, 13, '2', '', 595),
(47, 74, '2', '', 600),
(47, 79, '5', '', 599),
(47, 84, '2', '', 597),
(47, 90, '2', '', 590),
(47, 91, '1', '', 588),
(47, 92, '1', '', 586),
(47, 93, '1', '', 583),
(47, 94, '1', '', 582),
(47, 95, '7', '', 580),
(47, 96, '7', '', 579),
(47, 97, '1', '', 579),
(47, 98, '5', '', 579),
(47, 99, '1', '', 580),
(47, 100, '1', '', 582),
(47, 101, '1', '', 583),
(47, 102, '1', '', 586),
(47, 103, '1', '', 588),
(47, 104, '1', '', 590),
(47, 105, '2', '', 592),
(47, 140, '2', '', 600),
(48, 0, '1', '', 598),
(48, 1, '1', '', 598),
(48, 2, '1', '', 598),
(48, 3, '1', '', 598),
(48, 4, '5', '', 597),
(48, 5, '5', '', 597),
(48, 6, '7', '', 596),
(48, 7, '1', '', 596),
(48, 8, '1', '', 596),
(48, 9, '7', '', 596),
(48, 10, '7', '', 596),
(48, 11, '7', '', 596),
(48, 12, '7', '', 596),
(48, 13, '1', '', 598),
(48, 14, '2', '', 598),
(48, 15, '2', '', 598),
(48, 16, '2', '', 597),
(48, 74, '2', '', 600),
(48, 78, '5', '', 600),
(48, 79, '5', '', 599),
(48, 84, '2', '', 598),
(48, 89, '2', '', 594),
(48, 90, '1', '', 592),
(48, 91, '1', '', 591),
(48, 92, '1', '', 589),
(48, 93, '1', '', 588),
(48, 94, '7', '', 587),
(48, 95, '7', '', 586),
(48, 96, '7', '', 585),
(48, 97, '1', '', 585),
(48, 98, '5', '', 585),
(48, 99, '1', '', 586),
(48, 100, '1', '', 587),
(48, 101, '1', '', 588),
(48, 102, '1', '', 589),
(48, 103, '1', '', 591),
(48, 104, '1', '', 592),
(48, 105, '1', '', 594),
(48, 106, '2', '', 595),
(48, 139, '2', '', 600),
(48, 140, '2', '', 600),
(49, 0, '1', '', 600),
(49, 1, '7', '', 600),
(49, 2, '1', '', 598),
(49, 3, '5', '', 598),
(49, 4, '7', '', 598),
(49, 5, '7', '', 598),
(49, 6, '7', '', 597),
(49, 7, '7', '', 596),
(49, 8, '7', '', 596),
(49, 9, '1', '', 598),
(49, 10, '7', '', 598),
(49, 11, '7', '', 598),
(49, 12, '7', '', 598),
(49, 13, '1', '', 598),
(49, 14, '1', '', 598),
(49, 15, '1', '', 598),
(49, 16, '1', '', 598),
(49, 17, '2', '', 598),
(49, 74, '2', '', 600),
(49, 77, '5', '', 600),
(49, 80, '5', '', 599),
(49, 81, '5', '', 599),
(49, 82, '5', '', 599),
(49, 85, '2', '', 598),
(49, 89, '2', '', 595),
(49, 90, '1', '', 594),
(49, 91, '1', '', 593),
(49, 92, '7', '', 592),
(49, 93, '1', '', 591),
(49, 94, '7', '', 590),
(49, 95, '7', '', 590),
(49, 96, '7', '', 589),
(49, 97, '7', '', 589),
(49, 98, '5', '', 589),
(49, 99, '7', '', 590),
(49, 100, '7', '', 590),
(49, 101, '1', '', 591),
(49, 102, '1', '', 592),
(49, 103, '1', '', 593),
(49, 104, '2', '', 594),
(49, 105, '7', '', 595),
(49, 106, '7', '', 596),
(49, 107, '2', '', 597),
(49, 139, '2', '', 600),
(50, 0, '7', '', 600),
(50, 1, '7', '', 600),
(50, 2, '7', '', 600),
(50, 3, '7', '', 600),
(50, 4, '5', '', 600),
(50, 5, '7', '', 600),
(50, 6, '7', '', 600),
(50, 7, '7', '', 600),
(50, 8, '7', '', 600),
(50, 9, '7', '', 598),
(50, 10, '7', '', 598),
(50, 11, '1', '', 598),
(50, 12, '1', '', 598),
(50, 13, '1', '', 598),
(50, 14, '1', '', 598),
(50, 15, '1', '', 598),
(50, 16, '1', '', 598),
(50, 17, '3', '', 598),
(50, 74, '2', '', 600),
(50, 77, '5', '', 600),
(50, 82, '5', '', 599),
(50, 85, '2', '', 598),
(50, 89, '2', '', 596),
(50, 90, '1', '', 596),
(50, 91, '7', '', 595),
(50, 92, '7', '', 594),
(50, 93, '7', '', 594),
(50, 94, '7', '', 593),
(50, 95, '7', '', 593),
(50, 96, '7', '', 592),
(50, 97, '7', '', 592),
(50, 98, '5', '', 592),
(50, 99, '7', '', 593),
(50, 100, '7', '', 593),
(50, 101, '7', '', 594),
(50, 102, '7', '', 594),
(50, 103, '2', '', 595),
(50, 105, '2', '', 596),
(50, 106, '2', '', 597),
(50, 107, '2', '', 597),
(50, 139, '2', '', 600),
(51, 0, '7', '', 600),
(51, 1, '7', '', 600),
(51, 2, '7', '', 600),
(51, 3, '7', '', 600),
(51, 4, '5', '', 600),
(51, 5, '7', '', 600),
(51, 6, '7', '', 600),
(51, 7, '7', '', 600),
(51, 8, '7', '', 600),
(51, 9, '7', '', 600),
(51, 10, '7', '', 600),
(51, 11, '1', '', 599),
(51, 12, '1', '', 599),
(51, 13, '1', '', 598),
(51, 14, '1', '', 598),
(51, 15, '1', '', 598),
(51, 16, '3', '', 598),
(51, 17, '1', '', 598),
(51, 18, '2', '', 598),
(51, 74, '2', '', 600),
(51, 85, '2', '', 599),
(51, 89, '2', '', 597),
(51, 90, '1', '', 597),
(51, 91, '1', '', 596),
(51, 92, '7', '', 596),
(51, 93, '7', '', 595),
(51, 94, '7', '', 595),
(51, 95, '7', '', 595),
(51, 96, '7', '', 594),
(51, 97, '7', '', 594),
(51, 98, '1', '', 594),
(51, 99, '5', '', 595),
(51, 100, '5', '', 595),
(51, 101, '5', '', 595),
(51, 102, '5', '', 596),
(51, 103, '5', '', 596),
(51, 104, '2', '', 597),
(51, 134, '2', '', 600),
(51, 135, '2', '', 600),
(51, 136, '2', '', 600),
(51, 137, '2', '', 600),
(51, 138, '2', '', 600),
(51, 139, '2', '', 600),
(52, 0, '7', '', 600),
(52, 1, '7', '', 600),
(52, 2, '7', '', 600),
(52, 3, '7', '', 600),
(52, 4, '5', '', 600),
(52, 5, '5', '', 600),
(52, 6, '7', '', 600),
(52, 7, '7', '', 600),
(52, 8, '7', '', 600),
(52, 9, '7', '', 600),
(52, 10, '7', '', 600),
(52, 11, '1', '', 600),
(52, 12, '1', '', 600),
(52, 13, '1', '', 600),
(52, 14, '3', '', 599),
(52, 15, '3', '', 599),
(52, 16, '3', '', 599),
(52, 17, '2', '', 599),
(52, 71, '2', '', 600),
(52, 74, '2', '', 600),
(52, 78, '5', '', 600),
(52, 85, '2', '', 599),
(52, 89, '2', '', 598),
(52, 90, '7', '', 598),
(52, 91, '1', '', 597),
(52, 92, '1', '', 597),
(52, 93, '7', '', 597),
(52, 94, '7', '', 596),
(52, 95, '7', '', 596),
(52, 96, '7', '', 596),
(52, 97, '7', '', 596),
(52, 98, '7', '', 596),
(52, 99, '7', '', 596),
(52, 100, '7', '', 596),
(52, 101, '1', '', 597),
(52, 102, '7', '', 597),
(52, 103, '2', '', 597),
(52, 133, '2', '', 600),
(53, 0, '7', '', 600),
(53, 1, '7', '', 600),
(53, 2, '7', '', 600),
(53, 3, '7', '', 600),
(53, 4, '7', '', 600),
(53, 5, '5', '', 600),
(53, 6, '7', '', 600),
(53, 7, '7', '', 600),
(53, 8, '7', '', 600),
(53, 9, '1', '', 600),
(53, 10, '1', '', 600),
(53, 11, '1', '', 600),
(53, 12, '7', '', 600),
(53, 13, '1', '', 600),
(53, 14, '3', '', 600),
(53, 15, '3', '', 600),
(53, 16, '2', '', 600),
(53, 20, '2', '', 599),
(53, 21, '2', '', 599),
(53, 69, '2', '', 600),
(53, 70, '2', '', 600),
(53, 72, '2', '', 600),
(53, 73, '2', '', 600),
(53, 78, '5', '', 600),
(53, 79, '5', '', 600),
(53, 80, '5', '', 600),
(53, 85, '2', '', 599),
(53, 89, '2', '', 598),
(53, 90, '7', '', 598),
(53, 91, '7', '', 598),
(53, 92, '1', '', 598),
(53, 93, '7', '', 598),
(53, 94, '7', '', 597),
(53, 95, '7', '', 597),
(53, 96, '7', '', 597),
(53, 97, '7', '', 597),
(53, 98, '7', '', 597),
(53, 99, '7', '', 597),
(53, 100, '1', '', 597),
(53, 101, '1', '', 598),
(53, 102, '1', '', 598),
(53, 103, '2', '', 598),
(53, 132, '2', '', 600),
(53, 133, '5', '', 600),
(54, 0, '7', '', 600),
(54, 1, '7', '', 600),
(54, 2, '7', '', 600),
(54, 3, '7', '', 600),
(54, 4, '7', '', 600),
(54, 5, '5', '', 600),
(54, 6, '1', '', 600),
(54, 7, '1', '', 600),
(54, 8, '1', '', 600),
(54, 9, '1', '', 600),
(54, 10, '1', '', 600),
(54, 11, '1', '', 600),
(54, 12, '7', '', 600),
(54, 13, '7', '', 600),
(54, 14, '3', '', 600),
(54, 15, '3', '', 600),
(54, 16, '2', '', 600),
(54, 19, '3', '', 600),
(54, 20, '3', '', 600),
(54, 21, '2', '', 600),
(54, 71, '2', '', 600),
(54, 72, '2', '', 600),
(54, 77, '5', '', 600),
(54, 78, '5', '', 600),
(54, 79, '5', '', 600),
(54, 81, '5', '', 600),
(54, 85, '2', '', 599),
(54, 86, '2', '', 599),
(54, 88, '2', '', 599),
(54, 89, '2', '', 599),
(54, 90, '2', '', 599),
(54, 91, '2', '', 599),
(54, 92, '1', '', 598),
(54, 93, '7', '', 598),
(54, 94, '7', '', 598),
(54, 95, '7', '', 598),
(54, 96, '7', '', 598),
(54, 97, '7', '', 598),
(54, 98, '2', '', 598),
(54, 99, '2', '', 598),
(54, 100, '1', '', 598),
(54, 101, '1', '', 598),
(54, 102, '7', '', 598),
(54, 103, '2', '', 599),
(54, 131, '2', '', 600),
(54, 133, '5', '', 600),
(54, 134, '5', '', 600),
(55, 0, '7', '', 600),
(55, 1, '7', '', 600),
(55, 2, '7', '', 600),
(55, 3, '7', '', 600),
(55, 4, '7', '', 600),
(55, 5, '5', '', 600),
(55, 6, '5', '', 600),
(55, 7, '1', '', 600),
(55, 8, '1', '', 600),
(55, 9, '1', '', 600),
(55, 10, '1', '', 600),
(55, 11, '1', '', 600),
(55, 12, '7', '', 600),
(55, 13, '7', '', 600),
(55, 14, '3', '', 600),
(55, 15, '3', '', 600),
(55, 18, '3', '', 600),
(55, 19, '3', '', 600),
(55, 20, '3', '', 600),
(55, 21, '3', '', 600),
(55, 22, '3', '', 600),
(55, 73, '2', '', 600),
(55, 74, '2', '', 600),
(55, 81, '5', '', 600),
(55, 86, '2', '', 599),
(55, 88, '2', '', 599),
(55, 89, '2', '', 599),
(55, 91, '2', '', 599),
(55, 92, '1', '', 599),
(55, 93, '1', '', 599),
(55, 94, '7', '', 599),
(55, 95, '1', '', 599),
(55, 96, '1', '', 599),
(55, 97, '1', '', 599),
(55, 98, '2', '', 599),
(55, 100, '2', '', 599),
(55, 101, '2', '', 599),
(55, 102, '2', '', 599),
(55, 103, '7', '', 599),
(55, 104, '2', '', 599),
(55, 131, '2', '', 600),
(55, 133, '5', '', 600),
(55, 134, '5', '', 600),
(56, 0, '7', '', 600),
(56, 1, '7', '', 600),
(56, 2, '7', '', 600),
(56, 3, '7', '', 600),
(56, 4, '7', '', 600),
(56, 5, '7', '', 600),
(56, 6, '5', '', 600),
(56, 7, '1', '', 600),
(56, 8, '1', '', 600),
(56, 9, '7', '', 600),
(56, 10, '7', '', 600),
(56, 11, '7', '', 600),
(56, 12, '7', '', 600),
(56, 13, '1', '', 600),
(56, 14, '3', '', 600),
(56, 15, '3', '', 600),
(56, 16, '3', '', 600),
(56, 17, '3', '', 600),
(56, 18, '3', '', 600),
(56, 19, '3', '', 600),
(56, 21, '3', '', 600),
(56, 22, '3', '', 600),
(56, 74, '2', '', 600),
(56, 80, '5', '', 600),
(56, 81, '5', '', 600),
(56, 86, '2', '', 600),
(56, 88, '2', '', 599),
(56, 89, '2', '', 599),
(56, 92, '2', '', 599),
(56, 93, '1', '', 599),
(56, 94, '1', '', 599),
(56, 95, '1', '', 599),
(56, 96, '1', '', 599),
(56, 97, '2', '', 599),
(56, 103, '2', '', 599),
(56, 104, '2', '', 599),
(56, 130, '2', '', 600),
(56, 133, '5', '', 600),
(57, 0, '7', '', 600),
(57, 1, '7', '', 600),
(57, 2, '1', '', 600),
(57, 3, '5', '', 600),
(57, 4, '5', '', 600),
(57, 5, '5', '', 600),
(57, 6, '5', '', 600),
(57, 7, '5', '', 600),
(57, 8, '1', '', 600),
(57, 9, '7', '', 600),
(57, 10, '7', '', 600),
(57, 11, '7', '', 600),
(57, 12, '7', '', 600),
(57, 13, '1', '', 600),
(57, 14, '3', '', 600),
(57, 15, '3', '', 600),
(57, 16, '3', '', 600),
(57, 17, '3', '', 600),
(57, 18, '3', '', 600),
(57, 19, '3', '', 600),
(57, 20, '3', '', 600),
(57, 21, '3', '', 600),
(57, 22, '3', '', 600),
(57, 23, '3', '', 600),
(57, 39, '2', '', 600),
(57, 74, '2', '', 600),
(57, 76, '5', '', 600),
(57, 79, '5', '', 600),
(57, 80, '5', '', 600),
(57, 85, '2', '', 600),
(57, 93, '2', '', 599),
(57, 94, '2', '', 599),
(57, 95, '1', '', 599),
(57, 96, '1', '', 599),
(57, 97, '2', '', 599),
(57, 129, '2', '', 600),
(57, 134, '5', '', 600),
(58, 0, '1', '', 600),
(58, 1, '5', '', 600),
(58, 2, '5', '', 600),
(58, 3, '5', '', 600),
(58, 4, '7', '', 600),
(58, 5, '1', '', 600),
(58, 6, '1', '', 600),
(58, 7, '5', '', 600),
(58, 8, '1', '', 600),
(58, 9, '7', '', 600),
(58, 10, '7', '', 600),
(58, 11, '7', '', 600),
(58, 12, '7', '', 600),
(58, 13, '1', '', 600),
(58, 14, '1', '', 600),
(58, 15, '3', '', 600),
(58, 16, '3', '', 600),
(58, 18, '3', '', 600),
(58, 19, '3', '', 600),
(58, 20, '3', '', 600),
(58, 21, '3', '', 600),
(58, 22, '3', '', 600),
(58, 23, '3', '', 600),
(58, 24, '3', '', 600),
(58, 25, '3', '', 600),
(58, 26, '3', '', 600),
(58, 27, '3', '', 600),
(58, 28, '3', '', 600),
(58, 37, '2', '', 600),
(58, 38, '2', '', 600),
(58, 39, '2', '', 600),
(58, 74, '2', '', 600),
(58, 76, '5', '', 600),
(58, 79, '5', '', 600),
(58, 85, '2', '', 600),
(58, 94, '2', '', 599),
(58, 95, '7', '', 599),
(58, 96, '1', '', 599),
(58, 97, '2', '', 599),
(58, 129, '2', '', 600),
(58, 134, '5', '', 600),
(59, 0, '7', '', 600),
(59, 1, '5', '', 600),
(59, 2, '7', '', 600),
(59, 3, '7', '', 600),
(59, 4, '7', '', 600),
(59, 5, '1', '', 600),
(59, 6, '5', '', 600),
(59, 7, '7', '', 600),
(59, 8, '1', '', 600),
(59, 9, '1', '', 600),
(59, 10, '7', '', 600),
(59, 11, '7', '', 600),
(59, 12, '7', '', 600),
(59, 13, '1', '', 600),
(59, 14, '3', '', 600),
(59, 15, '3', '', 600),
(59, 16, '3', '', 600),
(59, 18, '3', '', 600),
(59, 19, '3', '', 600),
(59, 20, '3', '', 600),
(59, 21, '3', '', 600),
(59, 22, '3', '', 600),
(59, 23, '3', '', 600),
(59, 24, '3', '', 600),
(59, 25, '3', '', 600),
(59, 26, '3', '', 600),
(59, 27, '3', '', 600),
(59, 28, '3', '', 600),
(59, 36, '2', '', 600),
(59, 37, '1', '', 600),
(59, 38, '1', '', 600),
(59, 39, '2', '', 600),
(59, 72, '2', '', 600),
(59, 73, '2', '', 600),
(59, 85, '2', '', 600),
(59, 94, '2', '', 600),
(59, 95, '7', '', 600),
(59, 96, '7', '', 600),
(59, 97, '2', '', 600),
(59, 128, '2', '', 600),
(59, 133, '5', '', 600),
(60, 0, '7', '', 600),
(60, 1, '5', '', 600),
(60, 2, '7', '', 600),
(60, 3, '1', '', 600),
(60, 4, '1', '', 600),
(60, 5, '5', '', 600),
(60, 6, '8', '', 600),
(60, 7, '7', '', 600),
(60, 8, '1', '', 600),
(60, 9, '1', '', 600),
(60, 10, '1', '', 600),
(60, 11, '1', '', 600),
(60, 12, '1', '', 600),
(60, 13, '3', '', 600),
(60, 14, '3', '', 600),
(60, 15, '3', '', 600),
(60, 16, '3', '', 600),
(60, 17, '3', '', 600),
(60, 18, '3', '', 600),
(60, 19, '3', '', 600),
(60, 20, '3', '', 600),
(60, 21, '3', '', 600),
(60, 22, '3', '', 600),
(60, 23, '3', '', 600),
(60, 24, '3', '', 600),
(60, 25, '3', '', 600),
(60, 26, '3', '', 600),
(60, 27, '3', '', 600),
(60, 28, '2', '', 600),
(60, 29, '2', '', 600),
(60, 33, '2', '', 600),
(60, 34, '2', '', 600),
(60, 35, '2', '', 600),
(60, 36, '7', '', 600),
(60, 37, '7', '', 600),
(60, 38, '2', '', 600),
(60, 71, '2', '', 600),
(60, 80, '5', '', 600),
(60, 81, '5', '', 600),
(60, 86, '2', '', 600),
(60, 95, '2', '', 600),
(60, 96, '2', '', 600),
(60, 97, '2', '', 600),
(60, 127, '2', '', 600),
(60, 128, '2', '', 600),
(60, 132, '5', '', 600),
(61, 0, '5', '', 600),
(61, 1, '5', '', 600),
(61, 2, '5', '', 600),
(61, 3, '1', '', 600),
(61, 4, '1', '', 600),
(61, 5, '7', '', 600),
(61, 6, '8', '', 600),
(61, 7, '1', '', 600),
(61, 8, '1', '', 600),
(61, 9, '7', '', 600),
(61, 10, '7', '', 600),
(61, 11, '1', '', 600),
(61, 12, '1', '', 600),
(61, 13, '3', '', 600),
(61, 14, '3', '', 600),
(61, 15, '3', '', 600),
(61, 16, '3', '', 600),
(61, 17, '3', '', 600),
(61, 18, '3', '', 600),
(61, 19, '3', '', 600),
(61, 20, '3', '', 600),
(61, 21, '3', '', 600),
(61, 22, '3', '', 600),
(61, 23, '3', '', 600),
(61, 24, '3', '', 600),
(61, 25, '3', '', 600),
(61, 26, '3', '', 600),
(61, 27, '3', '', 600),
(61, 28, '2', '', 600),
(61, 29, '2', '', 600),
(61, 30, '2', '', 600),
(61, 31, '2', '', 600),
(61, 32, '2', '', 600),
(61, 33, '1', '', 600),
(61, 34, '1', '', 600),
(61, 35, '1', '', 600),
(61, 36, '1', '', 600),
(61, 37, '1', '', 600),
(61, 38, '2', '', 600),
(61, 70, '2', '', 600),
(61, 82, '5', '', 600),
(61, 87, '2', '', 600),
(61, 126, '2', '', 600),
(61, 132, '5', '', 600);

-- --------------------------------------------------------

--
-- Štruktúra tabuľky pre tabuľku `mod_classes`
--

CREATE TABLE IF NOT EXISTS `mod_classes` (
  `class` varchar(24) COLLATE utf8_bin NOT NULL,
  `print_name` varchar(32) COLLATE utf8_bin NOT NULL,
  `print_stats` text COLLATE utf8_bin NOT NULL,
  `position` enum('predpona','pripona','nezobrazit','runa') COLLATE utf8_bin NOT NULL DEFAULT 'nezobrazit',
  `hp_max` mediumint(9) NOT NULL DEFAULT '0',
  `ap_max` mediumint(9) NOT NULL DEFAULT '0',
  `base_armor` mediumint(9) NOT NULL DEFAULT '0',
  `gender` enum('male','female','no change') COLLATE utf8_bin NOT NULL DEFAULT 'no change',
  `critical_chance` mediumint(9) NOT NULL DEFAULT '0',
  `nosnost` mediumint(9) NOT NULL DEFAULT '0',
  `obnova_zdravia` mediumint(9) NOT NULL DEFAULT '0',
  `mod_sanca_den` mediumint(9) NOT NULL DEFAULT '0',
  `mod_sanca_noc` mediumint(9) NOT NULL DEFAULT '0',
  `rarity` smallint(6) NOT NULL DEFAULT '100',
  UNIQUE KEY `class` (`class`)
) ENGINE=MyISAM DEFAULT CHARSET=utf8 COLLATE=utf8_bin;

--
-- Sťahujem dáta pre tabuľku `mod_classes`
--

INSERT INTO `mod_classes` (`class`, `print_name`, `print_stats`, `position`, `hp_max`, `ap_max`, `base_armor`, `gender`, `critical_chance`, `nosnost`, `obnova_zdravia`, `mod_sanca_den`, `mod_sanca_noc`, `rarity`) VALUES
('rune_spoluhlaska', 'Runa spoluhláskového typu ', '- Každý ťah šanca 5% na posun času a získanie ďalšieho ťahu\r\n- Obnova zdravia zvýšená o 5 HP za ťah\r\n- Potrebné Action Pointy znížené o 1 (len pri zbraniach)', 'runa', 0, 0, 0, 'no change', 0, 0, 5, 0, 0, 95),
('rune_u', 'Runa typu U', '- Šanca na kritický zásah zvýšená o 3%\r\n- Šanca na zásah v noci zvýšená o 3%\r\n- Šanca na zásah cez deň zvýšená o 3%', 'runa', 0, 0, 0, 'no change', 3, 0, 0, 3, 3, 75),
('rune_o', 'Runa typu O', '- Nosnosť zvýšená o 20kg\r\n- Maximálny počet Hit Pointov zvýšený o 25\r\n- Základný armor zvýšený o 5', 'runa', 25, 0, 5, 'no change', 0, 20, 0, 0, 0, 65),
('rune_a', 'Runa typu A', '- Poškodenie zvýšené o 5 (pri zbraniach)\r\n- Armor zvýšený o 5 (pri zbroji alebo helme)\r\n- Minimálna sila znížená o 1\r\n- Váha predmetu znížená o 25%', 'runa', 0, 0, 0, 'no change', 0, 0, 0, 0, 0, 35),
('rune_e', 'Runa typu E', '- Maximálne poškodenie zvýšené o 15 (pri zbraniach)\r\n- Maximálne zdravie zvýšené o 10\r\n- Minimálny level znížený o 1', 'runa', 10, 0, 0, 'no change', 0, 0, 0, 0, 0, 45),
('rune_i', 'Runa typu I', '- Armor zvýšený o 20 (pri zbroji alebo helme)\r\n- Spotreba munície znížená o 25% (pri zbraniach)\r\n- Nosnosť zvýšená o 10kg', 'runa', 0, 0, 0, 'no change', 0, 10, 0, 0, 0, 55),
('titanov', 'Titánov', '- Maximálny počet HP +100', 'pripona', 100, 0, 0, 'no change', 0, 0, 0, 0, 0, 95),
('liecitel', '"Liečiteľ"', '- Obnova zdravia +3 HP/ťah', 'predpona', 0, 0, 0, 'no change', 0, 0, 3, 0, 0, 100);

-- --------------------------------------------------------

--
-- Štruktúra tabuľky pre tabuľku `non_playing_characters`
--

CREATE TABLE IF NOT EXISTS `non_playing_characters` (
  `npc_name` varchar(64) NOT NULL,
  `npc_place` int(11) NOT NULL DEFAULT '0',
  `npc_position_x` int(11) NOT NULL,
  `npc_position_y` int(11) NOT NULL,
  `npc_title` varchar(128) NOT NULL,
  `npc_dialogue` int(11) NOT NULL,
  `npc_image` int(11) NOT NULL,
  `npc_hp` int(11) NOT NULL,
  `npc_ap` int(11) NOT NULL,
  `npc_defense` int(11) NOT NULL,
  `npc_difficulty` int(11) NOT NULL,
  `npc_experience` int(11) NOT NULL,
  PRIMARY KEY (`npc_name`)
) ENGINE=MyISAM DEFAULT CHARSET=utf8;

--
-- Sťahujem dáta pre tabuľku `non_playing_characters`
--

INSERT INTO `non_playing_characters` (`npc_name`, `npc_place`, `npc_position_x`, `npc_position_y`, `npc_title`, `npc_dialogue`, `npc_image`, `npc_hp`, `npc_ap`, `npc_defense`, `npc_difficulty`, `npc_experience`) VALUES
('npc_morman', 54, 22, 22, 'Morman', 1, 0, 0, 0, 0, 0, 0),
('npc_alen', 0, 23, 44, 'Alen', 1, 0, 0, 0, 0, 0, 0),
('creature_troll', 0, 0, 0, 'Troll', 0, 1, 30, 15, 10, 30, 30),
('creature_imp', 0, 0, 0, 'Imp', 0, 1, 30, 0, 10, 10, 10),
('creature_centaur', 0, 0, 0, 'Kentaur', 0, 1, 100, 0, 40, 20, 75),
('creature_orc', 0, 0, 0, 'Ork', 0, 0, 10, 20, 30, 50, 100),
('npc_nolin', 2, 25, 22, 'Nolin', 1, 0, 0, 0, 0, 0, 0),
('npc_oran', 3, 250, 250, 'Oran', 1, 0, 0, 0, 0, 0, 0),
('creature_twoheaded_wolfs', 0, 0, 0, 'Svorka dvojhlavych vlkov', 0, 0, 50, 20, 10, 55, 60),
('npc_arkral', 3, 100, 150, 'Arkral', 1, 0, 0, 0, 0, 0, 0),
('npc_ghost', 0, 0, 0, 'Zjavenie', 1, 0, 0, 0, 0, 0, 0),
('creature_gold_dragon', 0, 0, 0, 'Zlatý drak', 0, 0, 10, 0, 600, 700, 500),
('creature_dark_elf', 0, 0, 0, 'Elf', 0, 0, 100, 0, 15, 50, 80),
('creature_high_elf', 0, 0, 0, 'Vysoký elf', 0, 0, 10, 0, 15, 40, 80),
('creature_red_dragon', 0, 0, 0, 'Červený drak', 0, 0, 10, 0, 700, 650, 1000),
('creature_foreign_soldier', 0, 0, 0, 'Cudzinec', 0, 0, 10, 0, 15, 30, 50),
('creature_lion', 0, 0, 0, 'Lev', 0, 0, 150, 10, 20, 80, 100),
('creature_bear', 0, 0, 0, 'Medveď', 0, 0, 150, 20, 80, 100, 150);

-- --------------------------------------------------------

--
-- Štruktúra tabuľky pre tabuľku `npc_abilities`
--

CREATE TABLE IF NOT EXISTS `npc_abilities` (
  `id` int(11) NOT NULL AUTO_INCREMENT,
  `npc_name` varchar(64) COLLATE utf8_bin NOT NULL,
  `title` varchar(128) COLLATE utf8_bin NOT NULL,
  `cost` int(11) NOT NULL,
  `duration` int(11) NOT NULL,
  `damage_instant` int(11) NOT NULL,
  `damage_bonus` int(11) NOT NULL,
  `defense_bonus` int(11) NOT NULL,
  `heal` int(11) NOT NULL,
  PRIMARY KEY (`id`)
) ENGINE=MyISAM  DEFAULT CHARSET=utf8 COLLATE=utf8_bin AUTO_INCREMENT=10 ;

--
-- Sťahujem dáta pre tabuľku `npc_abilities`
--

INSERT INTO `npc_abilities` (`id`, `npc_name`, `title`, `cost`, `duration`, `damage_instant`, `damage_bonus`, `defense_bonus`, `heal`) VALUES
(1, 'creature_dark_elf', 'Útok lukom', 0, 0, 10, 0, 0, 0),
(2, 'creature_twoheaded_wolfs', 'Útok oboma hlavami', 10, 0, 1, 0, 0, 0),
(3, 'creature_twoheaded_wolfs', 'Zničujúci útok', 10, 0, 20, 0, 0, 0),
(4, 'creature_twoheaded_wolfs', 'Liečenie', 10, 10, 0, 0, 0, 1),
(5, 'creature_lion', 'Útok', 5, 0, 6, 0, 0, 0),
(6, 'creature_troll', 'Útok palicou', 10, 0, 10, 0, 0, 0),
(7, 'creature_troll', 'Liečenie', 5, 0, 0, 0, 0, 5),
(8, 'creature_bear', 'Útok', 10, 0, 10, 0, 0, 0),
(9, 'creature_orc', 'Útok', 10, 0, 5, 0, 0, 0);

-- --------------------------------------------------------

--
-- Štruktúra tabuľky pre tabuľku `perks`
--

CREATE TABLE IF NOT EXISTS `perks` (
  `id` int(11) NOT NULL AUTO_INCREMENT,
  `name` text NOT NULL,
  `description` text NOT NULL,
  `level` int(11) NOT NULL,
  PRIMARY KEY (`id`)
) ENGINE=MyISAM  DEFAULT CHARSET=latin1 AUTO_INCREMENT=4 ;

--
-- Sťahujem dáta pre tabuľku `perks`
--

INSERT INTO `perks` (`id`, `name`, `description`, `level`) VALUES
(1, 'Action Boy', 'Pridáva energiu', 12),
(2, 'Better Criticals', '', 9),
(3, 'Bonus HtH Attacks', '', 6);

-- --------------------------------------------------------

--
-- Štruktúra tabuľky pre tabuľku `places`
--

CREATE TABLE IF NOT EXISTS `places` (
  `place_id` int(11) NOT NULL AUTO_INCREMENT,
  `place_type` int(11) NOT NULL,
  `place_x` int(11) NOT NULL,
  `place_y` int(11) NOT NULL,
  `place_name` varchar(255) NOT NULL,
  `place_quest` int(11) NOT NULL,
  `place_image` varchar(32) NOT NULL,
  `place_description` mediumtext NOT NULL,
  PRIMARY KEY (`place_id`)
) ENGINE=MyISAM  DEFAULT CHARSET=utf8 AUTO_INCREMENT=55 ;

--
-- Sťahujem dáta pre tabuľku `places`
--

INSERT INTO `places` (`place_id`, `place_type`, `place_x`, `place_y`, `place_name`, `place_quest`, `place_image`, `place_description`) VALUES
(1, 0, 4, 28, 'Rivill', 0, '0', 'Mestečko Rivill'),
(2, 0, 25, 22, 'Altos', 0, '', ''),
(3, 0, 23, 17, 'Aelbridge', 0, '0', 'Aelbridge'),
(4, 0, 7, 109, 'Barrowfort', 0, '0', 'Barrowfort'),
(5, 0, 46, 13, 'Bellfort', 0, '0', 'Bellfort'),
(6, 0, 21, 28, 'Brightbeech Moor', 0, '0', 'Brightbeech Moor'),
(7, 0, 42, 7, 'Brookhedge', 0, '0', 'Brookhedge'),
(9, 0, 55, 86, 'Butterbridge', 0, '0', 'Butterbridge'),
(10, 0, 13, 130, 'Coldbarrow', 0, '0', 'Coldbarrow'),
(11, 0, 7, 121, 'Cordell', 0, '0', 'Cordell'),
(12, 0, 59, 7, 'Crystalfox', 0, '0', 'Crystalfox'),
(13, 0, 4, 76, 'Deepwyn', 0, '0', 'Deepwyn'),
(14, 0, 40, 130, 'Dorville', 0, '0', 'Dorville'),
(15, 0, 43, 3, 'Fairlake', 0, '0', 'Fairlake'),
(16, 0, 55, 22, 'Fallcastle Crags', 0, '0', 'Fallcastle Crags'),
(17, 0, 16, 37, 'Freyhaven', 0, '0', 'Freyhaven'),
(18, 0, 28, 5, 'Havenbarrow', 0, '0', 'Havenbarrow'),
(19, 0, 4, 136, 'Hedgehollow', 0, '0', 'Hedgehollow'),
(20, 0, 19, 118, 'Icefog', 0, '0', 'Icefog'),
(21, 0, 58, 39, 'Jancastle', 0, '0', 'Jancastle'),
(22, 0, 1, 46, 'Lightiron', 0, '0', 'Lightiron'),
(23, 0, 28, 52, 'Lochcastle Mill', 0, '0', 'Lochcastle Mill'),
(25, 0, 7, 55, 'Lochwyvern', 0, '0', 'Lochwyvern'),
(26, 0, 55, 88, 'Lorbeach', 0, '0', 'Lorbeach'),
(27, 0, 13, 19, 'Lorlyn', 0, '0', 'Lorlyn'),
(29, 0, 58, 28, 'Mageston', 0, '0', 'Mageston'),
(30, 0, 41, 73, 'Marblecrystal', 0, '0', 'Marblecrystal'),
(31, 0, 52, 79, 'Marblewick Forest', 0, '0', 'Marblewick Forest'),
(32, 0, 13, 85, 'Misthaven', 0, '0', 'Misthaven'),
(33, 0, 28, 73, 'Newlake', 0, '0', 'Newlake'),
(34, 0, 35, 79, 'Normoor', 0, '0', 'Normoor'),
(35, 0, 19, 58, 'Oakville', 0, '0', 'Oakville'),
(36, 0, 13, 64, 'Oldholt', 0, '0', 'Oldholt'),
(37, 0, 37, 97, 'Orwynne', 0, '0', 'Orwynne'),
(38, 0, 58, 97, 'Ostden', 0, '0', 'Ostden'),
(39, 0, 22, 82, 'Pinehollow', 0, '0', 'Pinehollow'),
(40, 0, 10, 100, 'Pondhall', 0, '0', 'Pondhall'),
(41, 0, 34, 142, 'Roseedge', 0, '0', 'Roseedge'),
(42, 0, 13, 49, 'Shadowmarsh', 0, '0', 'Shadowmarsh'),
(43, 0, 49, 106, 'Silverbeech', 0, '0', 'Silverbeech'),
(44, 0, 37, 109, 'Southriver', 0, '0', 'Southriver'),
(45, 0, 58, 100, 'Springbridge Island', 0, '0', 'Springbridge Island'),
(46, 0, 37, 88, 'Swynfield', 0, '0', 'Swynfield'),
(47, 0, 28, 40, 'Swynley', 0, '0', 'Swynley'),
(48, 0, 57, 105, 'Westerhurst Island', 0, '0', 'Westerhurst Island'),
(49, 0, 58, 130, 'Westermill Barrens', 0, '0', 'Westermill Barrens'),
(50, 0, 1, 10, 'Westhedge', 0, '0', 'Westhedge'),
(51, 0, 16, 94, 'Whitewolf Dell', 0, '0', 'Whitewolf Dell'),
(52, 0, 22, 124, 'Winterfalcon Hollow', 0, '0', 'Winterfalcon Hollow'),
(53, 0, 19, 109, 'Winterfield', 0, '0', 'Winterfield'),
(54, 0, 22, 22, 'Tábor uprostred ničoho', 0, '0', '');

-- --------------------------------------------------------

--
-- Štruktúra tabuľky pre tabuľku `players`
--

CREATE TABLE IF NOT EXISTS `players` (
  `id` smallint(11) NOT NULL AUTO_INCREMENT,
  `username` varchar(32) COLLATE utf8_bin NOT NULL,
  `name` varchar(32) COLLATE utf8_bin NOT NULL,
  `gender` enum('male','female') COLLATE utf8_bin NOT NULL DEFAULT 'male',
  `race` enum('human','elf','dwarf','gnome','half-ogre','kremon') COLLATE utf8_bin NOT NULL DEFAULT 'human',
  `password` varchar(32) COLLATE utf8_bin NOT NULL,
  `x` smallint(6) NOT NULL DEFAULT '0',
  `y` smallint(6) NOT NULL DEFAULT '0',
  `hp` smallint(11) NOT NULL DEFAULT '0',
  `hp_max` smallint(11) NOT NULL DEFAULT '0',
  `xp` int(11) NOT NULL DEFAULT '0',
  `turns_played` int(11) NOT NULL DEFAULT '0',
  `turns_remaining` int(11) NOT NULL DEFAULT '0',
  `last_action` int(11) DEFAULT NULL,
  `critical_chance` smallint(6) NOT NULL DEFAULT '0',
  `perk_multiplier` tinyint(4) NOT NULL DEFAULT '3',
  `base_armor` smallint(6) NOT NULL DEFAULT '0',
  `base_action_points` tinyint(4) NOT NULL DEFAULT '0',
  `base_nosnost` smallint(6) NOT NULL DEFAULT '0',
  `base_obnova_zdravia` tinyint(4) NOT NULL DEFAULT '0',
  `mod_sanca_den` tinyint(4) NOT NULL DEFAULT '0',
  `mod_sanca_noc` tinyint(4) NOT NULL DEFAULT '0',
  `mod_skillpointy_za_level` tinyint(4) NOT NULL DEFAULT '3',
  `atribut_sila` tinyint(4) NOT NULL DEFAULT '0',
  `atribut_vydrz` tinyint(4) NOT NULL DEFAULT '0',
  `atribut_inteligencia` tinyint(4) NOT NULL DEFAULT '0',
  `atribut_rychlost` tinyint(4) NOT NULL DEFAULT '0',
  `atribut_charizma` tinyint(4) NOT NULL DEFAULT '0',
  `atribut_stastie` tinyint(4) NOT NULL DEFAULT '0',
  `zrucnost_chladne_zbrane` smallint(6) NOT NULL DEFAULT '0',
  `zrucnost_strelne_zbrane` smallint(6) NOT NULL DEFAULT '0',
  `zrucnost_cudzinecke_zbrane` smallint(6) NOT NULL DEFAULT '0',
  `zrucnost_utocna_magia` smallint(6) NOT NULL DEFAULT '0',
  `zrucnost_obranna_magia` smallint(6) NOT NULL DEFAULT '0',
  `zrucnost_obchodovanie` smallint(6) NOT NULL DEFAULT '0',
  `zrucnost_kradnutie` smallint(6) NOT NULL DEFAULT '0',
  `zrucnost_gamblovanie` smallint(6) NOT NULL DEFAULT '0',
  `zrucnost_liecenie` smallint(6) NOT NULL DEFAULT '0',
  `zrucnost_vyroba_lektvarov` smallint(6) NOT NULL DEFAULT '0',
  `volne_zrucnosti` mediumint(9) NOT NULL DEFAULT '0',
  `volne_perky` mediumint(9) NOT NULL DEFAULT '0',
  `rank` enum('player','moderator','admin') COLLATE utf8_bin NOT NULL DEFAULT 'player',
  `player_dialogue` varchar(64) COLLATE utf8_bin NOT NULL DEFAULT '0',
  `register_state` int(11) NOT NULL DEFAULT '0',
  `email` varchar(128) COLLATE utf8_bin NOT NULL,
  `gold` int(11) NOT NULL,
  `shop` varchar(64) COLLATE utf8_bin NOT NULL DEFAULT '0',
  PRIMARY KEY (`id`),
  UNIQUE KEY `id` (`id`),
  UNIQUE KEY `username` (`username`)
) ENGINE=MyISAM  DEFAULT CHARSET=utf8 COLLATE=utf8_bin AUTO_INCREMENT=4 ;

--
-- Sťahujem dáta pre tabuľku `players`
--

INSERT INTO `players` (`id`, `username`, `name`, `gender`, `race`, `password`, `x`, `y`, `hp`, `hp_max`, `xp`, `turns_played`, `turns_remaining`, `last_action`, `critical_chance`, `perk_multiplier`, `base_armor`, `base_action_points`, `base_nosnost`, `base_obnova_zdravia`, `mod_sanca_den`, `mod_sanca_noc`, `mod_skillpointy_za_level`, `atribut_sila`, `atribut_vydrz`, `atribut_inteligencia`, `atribut_rychlost`, `atribut_charizma`, `atribut_stastie`, `zrucnost_chladne_zbrane`, `zrucnost_strelne_zbrane`, `zrucnost_cudzinecke_zbrane`, `zrucnost_utocna_magia`, `zrucnost_obranna_magia`, `zrucnost_obchodovanie`, `zrucnost_kradnutie`, `zrucnost_gamblovanie`, `zrucnost_liecenie`, `zrucnost_vyroba_lektvarov`, `volne_zrucnosti`, `volne_perky`, `rank`, `player_dialogue`, `register_state`, `email`, `gold`, `shop`) VALUES
(1, 'andrej', 'Andris', 'male', 'elf', 'd56b699830e77ba53855679cb1d252da', 23, 22, 50, 50, 3355, 642, 16, 1276247067, 2, 3, 10, 8, 80, 7, 0, 0, 3, 8, 6, 8, 8, 5, 2, 38, 32, 38, 40, 52, 31, 28, 22, 36, 51, 0, 0, '', '', 10, '0', 100, ''),
(2, 'test', 'test', 'male', 'human', '098f6bcd4621d373cade4e832627b4f6', 22, 22, 80, 80, 10960, 89, 12, 1276258840, 1, 3, 10, 6, 100, 0, 0, 0, 3, 10, 10, 9, 6, 1, 1, 46, 43, 53, 47, 37, 21, 20, 22, 40, 35, 0, 0, '', '', 10, '0', 50, ''),
(3, 'jozo', 'asdf', 'male', 'human', 'd56b699830e77ba53855679cb1d252da', 22, 22, 79, 79, 0, 0, 12, 1276259030, 1, 3, 10, 6, 90, 0, 0, 0, 3, 9, 10, 10, 6, 1, 1, 43, 42, 53, 51, 41, 23, 20, 23, 41, 37, 0, 0, '', '', 10, '0', 0, '');

-- --------------------------------------------------------

--
-- Štruktúra tabuľky pre tabuľku `players_abilities`
--

CREATE TABLE IF NOT EXISTS `players_abilities` (
  `id` int(11) NOT NULL AUTO_INCREMENT,
  `player_id` int(11) NOT NULL,
  `title` varchar(128) COLLATE utf8_bin NOT NULL,
  `cost` int(11) NOT NULL,
  `duration` int(11) NOT NULL,
  `damage_instant` int(11) NOT NULL,
  `damage_bonus` int(11) NOT NULL,
  `defense_bonus` int(11) NOT NULL,
  `heal` int(11) NOT NULL,
  PRIMARY KEY (`id`)
) ENGINE=MyISAM  DEFAULT CHARSET=utf8 COLLATE=utf8_bin AUTO_INCREMENT=20 ;

--
-- Sťahujem dáta pre tabuľku `players_abilities`
--

INSERT INTO `players_abilities` (`id`, `player_id`, `title`, `cost`, `duration`, `damage_instant`, `damage_bonus`, `defense_bonus`, `heal`) VALUES
(1, 1, 'Nižšie liečenie', 3, 0, 0, 0, 0, 3),
(12, 2, 'Tvrdá koža', 5, 3, 0, 0, 10, 0),
(11, 2, 'Nižšie liečenie', 3, 0, 0, 0, 0, 5),
(13, 2, 'Magický výboj', 7, 0, 5, 0, 0, 0),
(14, 3, 'Nižšie liečenie', 3, 0, 0, 0, 0, 5),
(15, 3, 'Tvrdá koža', 5, 3, 0, 0, 10, 0),
(16, 3, 'Pomoc zo záhrobia', 7, 0, 0, 0, 0, 0),
(17, 3, 'Nižšie liečenie', 3, 0, 0, 0, 0, 5),
(18, 3, 'Tvrdá koža', 5, 3, 0, 0, 10, 0),
(19, 3, 'Pomoc zo záhrobia', 7, 0, 0, 0, 0, 0);

-- --------------------------------------------------------

--
-- Štruktúra tabuľky pre tabuľku `players_perks`
--

CREATE TABLE IF NOT EXISTS `players_perks` (
  `player_id` int(11) NOT NULL,
  `perk_id` int(11) NOT NULL
) ENGINE=MyISAM DEFAULT CHARSET=latin1;

--
-- Sťahujem dáta pre tabuľku `players_perks`
--

INSERT INTO `players_perks` (`player_id`, `perk_id`) VALUES
(2, 2),
(1, 3);

-- --------------------------------------------------------

--
-- Štruktúra tabuľky pre tabuľku `players_spells`
--

CREATE TABLE IF NOT EXISTS `players_spells` (
  `player_id` int(11) NOT NULL,
  `spell_name` varchar(64) NOT NULL
) ENGINE=MyISAM DEFAULT CHARSET=utf8;

--
-- Sťahujem dáta pre tabuľku `players_spells`
--

INSERT INTO `players_spells` (`player_id`, `spell_name`) VALUES
(1, 'tvrda_koza'),
(1, 'nizsie_liecenie'),
(1, 'magicky_vyboj');

-- --------------------------------------------------------

--
-- Štruktúra tabuľky pre tabuľku `quests`
--

CREATE TABLE IF NOT EXISTS `quests` (
  `quest_id` int(11) NOT NULL AUTO_INCREMENT,
  `quest_name` varchar(64) NOT NULL,
  `quest_title` varchar(255) NOT NULL,
  PRIMARY KEY (`quest_id`),
  UNIQUE KEY `quest_name` (`quest_name`)
) ENGINE=MyISAM  DEFAULT CHARSET=utf8 AUTO_INCREMENT=4 ;

--
-- Sťahujem dáta pre tabuľku `quests`
--

INSERT INTO `quests` (`quest_id`, `quest_name`, `quest_title`) VALUES
(1, 'vsetko_sa_meni', 'Všetko sa mení'),
(2, 'zabi_trolov', 'Zabi trolov'),
(3, 'prines_mec_nolinovi', 'Prines Nolinovi meč od Mormana');

-- --------------------------------------------------------

--
-- Štruktúra tabuľky pre tabuľku `quests_players`
--

CREATE TABLE IF NOT EXISTS `quests_players` (
  `quest_name` varchar(64) NOT NULL,
  `task_id` int(64) NOT NULL,
  `player_id` int(11) NOT NULL,
  `quest_finished` int(11) NOT NULL
) ENGINE=MyISAM DEFAULT CHARSET=utf8;

--
-- Sťahujem dáta pre tabuľku `quests_players`
--

INSERT INTO `quests_players` (`quest_name`, `task_id`, `player_id`, `quest_finished`) VALUES
('zabi_trolov', 0, 2, 1),
('prines_mec_nolinovi', 0, 2, 1),
('zabi_trolov', 0, 1, 1),
('prines_mec_nolinovi', 0, 1, 1);

-- --------------------------------------------------------

--
-- Štruktúra tabuľky pre tabuľku `quests_reactions`
--

CREATE TABLE IF NOT EXISTS `quests_reactions` (
  `dialogue_id` int(11) NOT NULL,
  `poisiton_id` int(11) NOT NULL,
  `action_type` int(11) NOT NULL,
  `action_param1` int(11) NOT NULL,
  `action_param2` int(11) NOT NULL,
  `action_param3` int(11) NOT NULL
) ENGINE=MyISAM DEFAULT CHARSET=utf8;

--
-- Sťahujem dáta pre tabuľku `quests_reactions`
--


-- --------------------------------------------------------

--
-- Štruktúra tabuľky pre tabuľku `quests_tasks`
--

CREATE TABLE IF NOT EXISTS `quests_tasks` (
  `quest_name` varchar(64) NOT NULL,
  `task_id` int(64) NOT NULL,
  `task_title` varchar(255) NOT NULL,
  `task_description` mediumtext NOT NULL,
  `task_type` int(11) NOT NULL,
  `task_param1` varchar(64) NOT NULL,
  `task_param2` varchar(64) NOT NULL,
  `task_param3` varchar(64) NOT NULL,
  PRIMARY KEY (`quest_name`,`task_id`)
) ENGINE=MyISAM DEFAULT CHARSET=utf8;

--
-- Sťahujem dáta pre tabuľku `quests_tasks`
--

INSERT INTO `quests_tasks` (`quest_name`, `task_id`, `task_title`, `task_description`, `task_type`, `task_param1`, `task_param2`, `task_param3`) VALUES
('vsetko_sa_meni', 1, 'Pohovor si s Galenom', 'Choď do mestečka Rivill. Nájdeš tam človeka menom Galen, od neho sa dozvieš viac.', 0, '0', '0', '0'),
('vsetko_sa_meni', 2, 'Vráť krištáľ minulosti Galenovi', 'Galen tuší, odkiaľ prišli votrelci, no potrebuje krištáľovú guľu, aby to mohol s istotou povedať. Nájdi ju a prines mu ju späť.', 0, '0', '0', '0'),
('zabi_trolov', 1, 'Choď k Oranovi', 'Morman ťa posiela za svojím známym. Oran má vraj nejaké problémy. Zisti, o čo ide.', 0, '23', '17', '22'),
('vsetko_sa_meni', 3, 'New task', 'New task', 0, '', '', ''),
('zabi_trolov', 2, 'Nájdi brloh trolov', 'Oran má na farme neustále problémy s trolmi. Zbav ho týchto tvorov a odmena ťa neminie.', 2, '17', '18', 'creature_troll'),
('vsetko_sa_meni', 4, 'New task', 'New task', 0, '', '', ''),
('prines_mec_nolinovi', 1, 'Nájdi Nolina v meste a daj mu meč', 'Nolin pracuje v meste ako strážca.', 0, '25', '22', ''),
('prines_mec_nolinovi', 2, 'Vráť sa k Mormanovi pre odmenu', 'Odmena', 0, '22', '22', ''),
('zabi_trolov', 3, 'Choď k Oranovi po odmenu', 'Oran ti bude veľmi vdačný za zabitie trolov.', 0, '23', '17', '');

-- --------------------------------------------------------

--
-- Štruktúra tabuľky pre tabuľku `shop_items`
--

CREATE TABLE IF NOT EXISTS `shop_items` (
  `id` int(11) NOT NULL AUTO_INCREMENT,
  `npc_name` varchar(64) COLLATE utf8_bin NOT NULL DEFAULT '0',
  `class` varchar(32) COLLATE utf8_bin NOT NULL,
  `sockets` tinyint(4) NOT NULL DEFAULT '0',
  `runes` varchar(18) COLLATE utf8_bin NOT NULL,
  `upgrades` tinyint(4) NOT NULL DEFAULT '0',
  `damage_min` int(11) NOT NULL DEFAULT '0',
  `damage_max` int(11) NOT NULL DEFAULT '0',
  `armor` int(11) NOT NULL DEFAULT '0',
  `ap_cost` tinyint(16) NOT NULL DEFAULT '0',
  `min_str` tinyint(16) NOT NULL DEFAULT '0',
  `min_lvl` tinyint(4) NOT NULL DEFAULT '0',
  `quantity` int(11) NOT NULL DEFAULT '0',
  `spotreba` smallint(6) NOT NULL DEFAULT '1',
  `weight` smallint(6) NOT NULL DEFAULT '0',
  `modifier_left` varchar(64) COLLATE utf8_bin NOT NULL,
  `modifier_right` varchar(64) COLLATE utf8_bin NOT NULL,
  `cost` int(11) NOT NULL,
  UNIQUE KEY `id` (`id`),
  KEY `player_id` (`npc_name`)
) ENGINE=MyISAM  DEFAULT CHARSET=utf8 COLLATE=utf8_bin AUTO_INCREMENT=331 ;

--
-- Sťahujem dáta pre tabuľku `shop_items`
--

INSERT INTO `shop_items` (`id`, `npc_name`, `class`, `sockets`, `runes`, `upgrades`, `damage_min`, `damage_max`, `armor`, `ap_cost`, `min_str`, `min_lvl`, `quantity`, `spotreba`, `weight`, `modifier_left`, `modifier_right`, `cost`) VALUES
(301, 'npc_morman', 'biely_drak', 0, '', 0, 100, 145, 0, 6, 4, 20, 0, 1, 3, '', '', 0),
(302, 'npc_morman', 'magistring', 1, '', 0, 100, 130, 0, 6, 5, 19, 0, 1, 3, '', '', 0),
(303, 'npc_morman', 'venom_spitter', 3, '', 0, 89, 119, 0, 6, 5, 18, 0, 2, 5, '', '', 0),
(304, 'npc_morman', 'de_ghorova_vola', 1, '', 0, 100, 110, 0, 5, 7, 18, 0, 1, 4, '', '', 0),
(305, 'npc_morman', 'wizendraw', 2, '', 0, 80, 100, 0, 6, 5, 18, 0, 2, 3, '', '', 0),
(306, 'npc_morman', 'kostena_kusa', 1, '', 0, 45, 105, 0, 6, 6, 17, 0, 1, 5, '', '', 0),
(307, 'npc_morman', 'duhovy_luk', 1, '', 0, 67, 97, 0, 5, 6, 15, 0, 1, 2, '', '', 0),
(308, 'npc_morman', 'luk_carodejnic', 1, '', 0, 57, 77, 0, 6, 5, 15, 0, 1, 3, '', '', 0),
(309, 'npc_morman', 'cedrovy_luk', 1, '', 0, 48, 68, 0, 6, 8, 14, 0, 1, 2, '', '', 0),
(310, 'npc_morman', 'obliehacia_kusa', 2, '', 0, 30, 70, 0, 6, 8, 14, 0, 1, 5, '', '', 0),
(311, 'npc_morman', 'dubovy_luk', 2, '', 0, 40, 55, 0, 6, 7, 12, 0, 1, 4, '', '', 0),
(312, 'npc_morman', 'luk_ochrancu_lesa', 3, '', 0, 32, 45, 0, 6, 7, 12, 0, 1, 3, '', '', 0),
(313, 'npc_morman', 'havrani_luk', 1, '', 0, 24, 40, 0, 6, 6, 11, 0, 1, 4, '', '', 0),
(314, 'npc_morman', 'lovecky_luk', 2, '', 0, 18, 35, 0, 6, 7, 7, 0, 1, 3, '', '', 0),
(315, 'npc_morman', 'opakovacia_kusa', 3, '', 0, 12, 30, 0, 5, 7, 9, 0, 1, 5, '', '', 0),
(316, 'npc_morman', 'reflexny_luk', 2, '', 0, 15, 25, 0, 5, 7, 9, 0, 1, 4, '', '', 0),
(317, 'npc_morman', 'dlhy_vojensky_luk', 3, '', 0, 15, 28, 0, 6, 7, 7, 0, 1, 4, '', '', 0),
(318, 'npc_morman', 'goticky_luk', 1, '', 0, 12, 28, 0, 6, 6, 5, 0, 1, 4, '', '', 0),
(319, 'npc_morman', 'tazka_kusa', 3, '', 0, 8, 24, 0, 7, 6, 5, 0, 1, 5, '', '', 0),
(320, 'npc_morman', 'dlhy_luk', 2, '', 0, 11, 20, 0, 6, 5, 3, 0, 1, 3, '', '', 0),
(321, 'npc_morman', 'kusa', 1, '', 0, 5, 17, 0, 7, 3, 3, 0, 1, 3, '', '', 0),
(322, 'npc_morman', 'kratky_vojensky_luk', 2, '', 0, 8, 14, 0, 6, 5, 3, 0, 1, 3, 'titanov', 'liecitel', 0),
(323, 'npc_morman', 'lahka_kusa', 1, '', 0, 2, 9, 0, 7, 2, 1, 0, 1, 2, '', '', 0),
(324, 'npc_morman', 'kratky_luk', 0, '', 0, 4, 7, 0, 6, 3, 1, 0, 1, 2, '', '', 0),
(330, 'npc_morman', 'sipy', 0, '', 0, 0, 0, 0, 0, 0, 0, 30, 1, 0, '', '', 0);

-- --------------------------------------------------------

--
-- Štruktúra tabuľky pre tabuľku `spells`
--

CREATE TABLE IF NOT EXISTS `spells` (
  `spell_name` varchar(32) COLLATE utf8_bin NOT NULL,
  `spell_type` int(11) NOT NULL,
  `spell_title` varchar(128) COLLATE utf8_bin NOT NULL,
  `spell_description` mediumtext COLLATE utf8_bin NOT NULL,
  `spell_ap_cost` int(11) NOT NULL,
  `spell_defense_bonus` int(11) NOT NULL,
  `spell_attack_bonus` int(11) NOT NULL,
  `spell_instant_attack` int(11) NOT NULL,
  `spell_heal` int(11) NOT NULL
) ENGINE=MyISAM DEFAULT CHARSET=utf8 COLLATE=utf8_bin;

--
-- Sťahujem dáta pre tabuľku `spells`
--

INSERT INTO `spells` (`spell_name`, `spell_type`, `spell_title`, `spell_description`, `spell_ap_cost`, `spell_defense_bonus`, `spell_attack_bonus`, `spell_instant_attack`, `spell_heal`) VALUES
('nizsie_liecenie', 0, 'Nižšie liečenie', '', 3, 0, 0, 0, 5),
('tvrda_koza', 1, 'Tvrdá koža', '', 5, 10, 0, 0, 0),
('pomoc_prirody1', 0, 'Pomoc prírody', '', 10, 0, 0, 0, 0),
('magicky_vyboj', 0, 'Magický výboj', '', 7, 0, 0, 5, 0),
('pomoc_zahrobia1', 0, 'Pomoc zo záhrobia', '', 7, 0, 0, 0, 0),
('slepota', 1, 'Slepota', '', 0, 0, 0, 0, 0);

-- --------------------------------------------------------

--
-- Štruktúra tabuľky pre tabuľku `traits`
--

CREATE TABLE IF NOT EXISTS `traits` (
  `player_id` smallint(6) NOT NULL DEFAULT '0',
  `trait_id` varchar(30) COLLATE utf8_bin NOT NULL
) ENGINE=MyISAM DEFAULT CHARSET=utf8 COLLATE=utf8_bin;

--
-- Sťahujem dáta pre tabuľku `traits`
--


-- --------------------------------------------------------

--
-- Štruktúra tabuľky pre tabuľku `zzz_map`
--

CREATE TABLE IF NOT EXISTS `zzz_map` (
  `x` smallint(6) NOT NULL DEFAULT '0',
  `y` smallint(6) NOT NULL DEFAULT '0',
  `file_name` varchar(16) COLLATE utf8_bin NOT NULL,
  `title` varchar(16) COLLATE utf8_bin NOT NULL,
  `encounter` tinyint(1) NOT NULL DEFAULT '0',
  PRIMARY KEY (`x`,`y`,`encounter`),
  KEY `SECONDARY` (`title`,`x`,`y`)
) ENGINE=MyISAM DEFAULT CHARSET=utf8 COLLATE=utf8_bin;

--
-- Sťahujem dáta pre tabuľku `zzz_map`
--

INSERT INTO `zzz_map` (`x`, `y`, `file_name`, `title`, `encounter`) VALUES
(23, 17, 'rivill.php', 'RIVILL', 0),
(0, 8, 'field.php', '', 0),
(1, 9, 'field.php', '', 0),
(1, 10, 'field.php', '', 0),
(1, 11, 'field.php', '', 0),
(2, 11, 'field.php', '', 0),
(2, 10, 'field.php', '', 0),
(3, 11, 'field.php', '', 0),
(4, 12, 'field.php', '', 0),
(5, 12, 'field.php', '', 0),
(4, 11, 'field.php', '', 0),
(5, 11, 'field.php', '', 0),
(6, 11, 'field.php', '', 0),
(6, 12, 'field.php', '', 0),
(7, 12, 'field.php', '', 0),
(8, 12, 'field.php', '', 0),
(7, 11, 'field.php', '', 0),
(8, 11, 'field.php', '', 0),
(9, 10, 'field.php', '', 0),
(9, 11, 'field.php', '', 0),
(9, 12, 'field.php', '', 0),
(10, 11, 'field.php', '', 0),
(10, 10, 'field.php', '', 0),
(11, 10, 'field.php', '', 0),
(12, 10, 'field.php', '', 0),
(13, 11, 'field.php', '', 0),
(12, 11, 'field.php', '', 0),
(11, 11, 'field.php', '', 0),
(12, 12, 'field.php', '', 0),
(13, 12, 'field.php', '', 0),
(14, 12, 'field.php', '', 0),
(14, 13, 'field.php', '', 0),
(13, 13, 'field.php', '', 0),
(12, 13, 'field.php', '', 0),
(12, 14, 'field.php', '', 0),
(13, 14, 'field.php', '', 0),
(14, 14, 'field.php', '', 0),
(15, 14, 'field.php', '', 0),
(15, 13, 'field.php', '', 0),
(15, 15, 'field.php', '', 0),
(14, 15, 'field.php', '', 0),
(13, 15, 'field.php', '', 0),
(12, 15, 'field.php', '', 0),
(11, 15, 'field.php', '', 0),
(10, 15, 'field.php', '', 0),
(9, 15, 'field.php', '', 0),
(9, 14, 'field.php', '', 0),
(9, 13, 'field.php', '', 0),
(6, 13, 'field.php', '', 0),
(6, 14, 'field.php', '', 0),
(8, 15, 'field.php', '', 0),
(7, 16, 'field.php', '', 0),
(0, 12, 'field.php', '', 0),
(1, 12, 'field.php', '', 0),
(1, 13, 'field.php', '', 0),
(2, 13, 'field.php', '', 0),
(2, 14, 'field.php', '', 0),
(1, 14, 'field.php', '', 0),
(3, 13, 'field.php', '', 0),
(8, 16, 'field.php', '', 0),
(9, 16, 'field.php', '', 0),
(3, 17, 'field.php', '', 0),
(4, 17, 'field.php', '', 0),
(5, 17, 'field.php', '', 0),
(6, 17, 'field.php', '', 0),
(7, 17, 'field.php', '', 0),
(8, 17, 'field.php', '', 0),
(9, 17, 'field.php', '', 0),
(10, 17, 'field.php', '', 0),
(10, 16, 'field.php', '', 0),
(11, 16, 'field.php', '', 0),
(11, 17, 'field.php', '', 0),
(12, 17, 'field.php', '', 0),
(13, 17, 'field.php', '', 0),
(14, 17, 'field.php', '', 0),
(15, 17, 'field.php', '', 0),
(16, 17, 'field.php', '', 0),
(17, 17, 'field.php', '', 0),
(18, 17, 'field.php', '', 0),
(19, 17, 'field.php', '', 0),
(18, 16, 'field.php', '', 0),
(17, 16, 'field.php', '', 0),
(16, 16, 'field.php', '', 0),
(15, 16, 'field.php', '', 0),
(14, 16, 'field.php', '', 0),
(13, 16, 'field.php', '', 0),
(12, 16, 'field.php', '', 0),
(8, 18, 'field.php', '', 0),
(7, 18, 'field.php', '', 0),
(6, 18, 'field.php', '', 0),
(5, 18, 'field.php', '', 0),
(4, 18, 'field.php', '', 0),
(11, 18, 'field.php', '', 0),
(12, 18, 'field.php', '', 0),
(13, 18, 'field.php', '', 0),
(14, 18, 'field.php', '', 0),
(15, 18, 'field.php', '', 0),
(16, 18, 'field.php', '', 0),
(17, 18, 'field.php', '', 0),
(18, 18, 'field.php', '', 0),
(19, 18, 'field.php', '', 0),
(20, 18, 'field.php', '', 0),
(21, 18, 'field.php', '', 0),
(22, 18, 'coast.php', '', 0),
(21, 17, 'coast.php', '', 0),
(20, 17, 'coast.php', '', 0),
(19, 16, 'coast.php', '', 0),
(18, 15, 'coast.php', '', 0),
(17, 15, 'coast.php', '', 0),
(16, 15, 'coast.php', '', 0),
(16, 14, 'coast.php', '', 0),
(16, 13, 'coast.php', '', 0),
(16, 12, 'coast.php', '', 0),
(15, 12, 'coast.php', '', 0),
(14, 11, 'coast.php', '', 0),
(14, 10, 'coast.php', '', 0),
(13, 10, 'coast.php', '', 0),
(13, 9, 'coast.php', '', 0),
(12, 9, 'coast.php', '', 0),
(11, 9, 'coast.php', '', 0),
(10, 9, 'coast.php', '', 0),
(9, 9, 'coast.php', '', 0),
(8, 10, 'coast.php', '', 0),
(7, 10, 'coast.php', '', 0),
(6, 10, 'coast.php', '', 0),
(5, 10, 'coast.php', '', 0),
(4, 10, 'coast.php', '', 0),
(3, 10, 'coast.php', '', 0),
(3, 9, 'coast.php', '', 0),
(2, 9, 'coast.php', '', 0),
(2, 8, 'coast.php', '', 0),
(1, 8, 'coast.php', '', 0),
(0, 7, 'coast.php', '', 0),
(23, 18, 'coast.php', '', 0),
(25, 19, 'coast.php', '', 0),
(24, 19, 'field.php', '', 0),
(23, 19, 'field.php', '', 0),
(22, 19, 'field.php', '', 0),
(21, 19, 'field.php', '', 0),
(20, 19, 'field.php', '', 0),
(19, 19, 'field.php', '', 0),
(18, 19, 'field.php', '', 0),
(17, 19, 'field.php', '', 0),
(16, 19, 'field.php', '', 0),
(15, 19, 'field.php', '', 0),
(14, 19, 'field.php', '', 0),
(13, 19, 'field.php', '', 0),
(12, 19, 'field.php', '', 0),
(11, 19, 'field.php', '', 0),
(24, 20, 'field.php', '', 0),
(23, 20, 'field.php', '', 0),
(22, 20, 'field.php', '', 0),
(21, 20, 'field.php', '', 0),
(20, 20, 'field.php', '', 0),
(19, 20, 'field.php', '', 0),
(18, 20, 'field.php', '', 0),
(17, 20, 'field.php', '', 0),
(16, 20, 'field.php', '', 0),
(15, 20, 'field.php', '', 0),
(14, 20, 'field.php', '', 0),
(13, 20, 'field.php', '', 0),
(12, 20, 'field.php', '', 0),
(11, 20, 'field.php', '', 0),
(10, 12, 'forest.php', '', 0),
(11, 12, 'forest.php', '', 0),
(11, 13, 'forest.php', '', 0),
(11, 14, 'forest.php', '', 0),
(10, 14, 'forest.php', '', 0),
(10, 13, 'forest.php', '', 0),
(8, 14, 'forest.php', '', 0),
(8, 13, 'forest.php', '', 0),
(7, 13, 'forest.php', '', 0),
(7, 14, 'forest.php', '', 0),
(7, 15, 'forest.php', '', 0),
(6, 15, 'forest.php', '', 0),
(6, 16, 'forest.php', '', 0),
(5, 16, 'forest.php', '', 0),
(5, 15, 'forest.php', '', 0),
(5, 14, 'forest.php', '', 0),
(5, 13, 'forest.php', '', 0),
(4, 13, 'forest.php', '', 0),
(4, 14, 'forest.php', '', 0),
(4, 15, 'forest.php', '', 0),
(4, 16, 'forest.php', '', 0),
(3, 16, 'forest.php', '', 0),
(3, 15, 'forest.php', '', 0),
(3, 14, 'forest.php', '', 0),
(2, 15, 'forest.php', '', 0),
(2, 16, 'forest.php', '', 0),
(1, 15, 'forest.php', '', 0),
(1, 16, 'forest.php', '', 0),
(0, 15, 'forest.php', '', 0),
(0, 14, 'forest.php', '', 0),
(0, 13, 'forest.php', '', 0),
(0, 11, 'forest.php', '', 0),
(0, 10, 'forest.php', '', 0),
(0, 9, 'forest.php', '', 0),
(2, 12, 'forest.php', '', 0),
(3, 12, 'forest.php', '', 0),
(1, 17, 'forest.php', '', 0),
(2, 18, 'forest.php', '', 0),
(2, 19, 'forest.php', '', 0),
(3, 19, 'forest.php', '', 0),
(2, 20, 'forest.php', '', 0),
(3, 20, 'forest.php', '', 0),
(4, 20, 'forest.php', '', 0),
(4, 21, 'forest.php', '', 0),
(3, 21, 'forest.php', '', 0),
(2, 21, 'forest.php', '', 0),
(2, 22, 'forest.php', '', 0),
(2, 17, 'desert.php', '', 0),
(3, 18, 'desert.php', '', 0),
(0, 16, 'desert.php', '', 0),
(0, 20, 'forest.php', '', 0),
(0, 21, 'forest.php', '', 0),
(1, 21, 'forest.php', '', 0),
(1, 20, 'forest.php', '', 0),
(5, 19, 'forest.php', '', 0),
(4, 19, 'forest.php', '', 0),
(5, 20, 'forest.php', '', 0),
(6, 20, 'forest.php', '', 0),
(7, 20, 'forest.php', '', 0),
(7, 19, 'forest.php', '', 0),
(8, 19, 'forest.php', '', 0),
(6, 19, 'field.php', '', 0),
(5, 21, 'forest.php', '', 0),
(6, 21, 'forest.php', '', 0),
(6, 22, 'forest.php', '', 0),
(7, 23, 'forest.php', '', 0),
(7, 22, 'forest.php', '', 0),
(8, 22, 'forest.php', '', 0),
(8, 21, 'forest.php', '', 0),
(7, 21, 'forest.php', '', 0),
(8, 20, 'forest.php', '', 0),
(9, 20, 'forest.php', '', 0),
(10, 20, 'forest.php', '', 0),
(10, 19, 'forest.php', '', 0),
(9, 19, 'forest.php', '', 0),
(9, 18, 'forest.php', '', 0),
(10, 18, 'forest.php', '', 0),
(10, 21, 'forest.php', '', 0),
(10, 22, 'forest.php', '', 0),
(9, 22, 'forest.php', '', 0),
(9, 21, 'field.php', '', 0),
(9, 23, 'forest.php', '', 0),
(10, 23, 'forest.php', '', 0),
(8, 24, 'forest.php', '', 0),
(10, 24, 'forest.php', '', 0),
(7, 24, 'forest.php', '', 0),
(11, 24, 'forest.php', '', 0),
(8, 23, 'field.php', '', 0),
(12, 23, 'forest.php', '', 0),
(13, 23, 'forest.php', '', 0),
(13, 24, 'forest.php', '', 0),
(14, 22, 'river.php', '', 0),
(15, 22, 'river.php', '', 0),
(15, 23, 'river.php', '', 0),
(15, 24, 'river.php', '', 0),
(16, 25, 'river.php', '', 0),
(17, 25, 'river.php', '', 0),
(18, 25, 'river.php', '', 0),
(18, 24, 'river.php', '', 0),
(17, 24, 'river.php', '', 0),
(19, 25, 'river.php', '', 0),
(19, 26, 'river.php', '', 0),
(19, 27, 'river.php', '', 0),
(19, 28, 'river.php', '', 0),
(20, 28, 'river.php', '', 0),
(21, 28, 'river.php', '', 0),
(21, 27, 'river.php', '', 0),
(22, 27, 'river.php', '', 0),
(22, 26, 'river.php', '', 0),
(23, 26, 'river.php', '', 0),
(23, 27, 'river.php', '', 0),
(24, 26, 'river.php', '', 0),
(24, 27, 'river.php', '', 0),
(24, 25, 'river.php', '', 0),
(24, 24, 'river.php', '', 0),
(24, 23, 'river.php', '', 0),
(25, 23, 'river.php', '', 0),
(26, 24, 'river.php', '', 0),
(28, 24, 'coast.php', '', 0),
(27, 25, 'coast.php', '', 0),
(28, 23, 'coast.php', '', 0),
(28, 22, 'coast.php', '', 0),
(27, 22, 'coast.php', '', 0),
(26, 21, 'coast.php', '', 0),
(25, 20, 'coast.php', '', 0),
(27, 26, 'coast.php', '', 0),
(27, 27, 'coast.php', '', 0),
(28, 27, 'coast.php', '', 0),
(29, 28, 'coast.php', '', 0),
(30, 27, 'coast.php', '', 0),
(31, 27, 'coast.php', '', 0),
(32, 27, 'coast.php', '', 0),
(33, 28, 'coast.php', '', 0),
(33, 29, 'coast.php', '', 0),
(34, 30, 'coast.php', '', 0),
(33, 31, 'coast.php', '', 0),
(33, 32, 'coast.php', '', 0),
(32, 33, 'coast.php', '', 0),
(27, 24, 'river.php', '', 0),
(21, 29, 'river.php', '', 0),
(21, 30, 'river.php', '', 0),
(20, 31, 'river.php', '', 0),
(19, 32, 'river.php', '', 0),
(19, 33, 'river.php', '', 0),
(19, 34, 'river.php', '', 0),
(18, 34, 'river.php', '', 0),
(17, 33, 'river.php', '', 0),
(16, 33, 'river.php', '', 0),
(15, 33, 'river.php', '', 0),
(14, 32, 'river.php', '', 0),
(15, 32, 'river.php', '', 0),
(16, 26, 'river.php', '', 0),
(16, 27, 'river.php', '', 0),
(16, 28, 'river.php', '', 0),
(15, 27, 'river.php', '', 0),
(14, 26, 'river.php', '', 0),
(13, 26, 'river.php', '', 0),
(13, 25, 'river.php', '', 0),
(12, 24, 'river.php', '', 0),
(7, 28, 'river.php', '', 0),
(6, 28, 'river.php', '', 0),
(5, 28, 'river.php', '', 0),
(4, 28, 'river.php', '', 0),
(4, 27, 'river.php', '', 0),
(3, 27, 'river.php', '', 0),
(3, 26, 'river.php', '', 0),
(3, 25, 'river.php', '', 0),
(2, 24, 'river.php', '', 0),
(2, 23, 'river.php', '', 0),
(1, 22, 'river.php', '', 0),
(0, 26, 'river.php', '', 0),
(0, 27, 'river.php', '', 0),
(1, 28, 'river.php', '', 0),
(2, 28, 'river.php', '', 0),
(2, 29, 'river.php', '', 0),
(3, 29, 'river.php', '', 0),
(4, 29, 'river.php', '', 0),
(2, 30, 'river.php', '', 0),
(2, 31, 'river.php', '', 0),
(3, 31, 'river.php', '', 0),
(3, 32, 'river.php', '', 0),
(2, 32, 'river.php', '', 0),
(2, 33, 'river.php', '', 0),
(1, 33, 'river.php', '', 0),
(0, 33, 'river.php', '', 0),
(0, 35, 'river.php', '', 0),
(1, 35, 'river.php', '', 0),
(2, 36, 'river.php', '', 0),
(2, 37, 'river.php', '', 0),
(3, 36, 'river.php', '', 0),
(4, 35, 'river.php', '', 0),
(1, 19, 'mountain.php', '', 0),
(0, 19, 'mountain.php', '', 0),
(1, 18, 'mountain.php', '', 0),
(0, 18, 'mountain.php', '', 0),
(0, 17, 'mountain.php', '', 0),
(3, 22, 'mountain.php', '', 0),
(4, 22, 'mountain.php', '', 0),
(5, 22, 'mountain.php', '', 0),
(5, 23, 'mountain.php', '', 0),
(6, 23, 'mountain.php', '', 0),
(4, 23, 'mountain.php', '', 0),
(5, 24, 'forest.php', '', 0),
(6, 24, 'forest.php', '', 0),
(4, 24, 'forest.php', '', 0),
(3, 24, 'forest.php', '', 0),
(3, 23, 'forest.php', '', 0),
(1, 23, 'forest.php', '', 0),
(0, 23, 'forest.php', '', 0),
(0, 22, 'field.php', '', 0),
(1, 24, 'field.php', '', 0),
(0, 24, 'field.php', '', 0),
(4, 25, 'field.php', '', 0),
(5, 25, 'forest.php', '', 0),
(6, 25, 'forest.php', '', 0),
(6, 26, 'forest.php', '', 0),
(5, 26, 'forest.php', '', 0),
(4, 26, 'forest.php', '', 0),
(5, 27, 'forest.php', '', 0),
(6, 27, 'forest.php', '', 0),
(7, 26, 'forest.php', '', 0),
(7, 25, 'forest.php', '', 0),
(8, 25, 'forest.php', '', 0),
(9, 24, 'forest.php', '', 0),
(9, 25, 'forest.php', '', 0),
(2, 25, 'forest.php', '', 0),
(2, 26, 'forest.php', '', 0),
(1, 26, 'forest.php', '', 0),
(1, 25, 'mountain.php', '', 0),
(0, 25, 'mountain.php', '', 0),
(7, 27, 'mountain.php', '', 0),
(8, 26, 'mountain.php', '', 0),
(8, 27, 'mountain.php', '', 0),
(9, 27, 'mountain.php', '', 0),
(9, 26, 'mountain.php', '', 0),
(10, 26, 'mountain.php', '', 0),
(10, 25, 'mountain.php', '', 0),
(11, 25, 'mountain.php', '', 0),
(8, 28, 'forest.php', '', 0),
(9, 28, 'forest.php', '', 0),
(10, 28, 'forest.php', '', 0),
(10, 27, 'forest.php', '', 0),
(11, 27, 'forest.php', '', 0),
(11, 26, 'forest.php', '', 0),
(12, 28, 'forest.php', '', 0),
(12, 27, 'forest.php', '', 0),
(11, 28, 'forest.php', '', 0),
(12, 25, 'field.php', '', 0),
(12, 26, 'field.php', '', 0),
(11, 23, 'field.php', '', 0),
(11, 22, 'field.php', '', 0),
(12, 22, 'field.php', '', 0),
(13, 22, 'field.php', '', 0),
(13, 21, 'field.php', '', 0),
(12, 21, 'field.php', '', 0),
(11, 21, 'field.php', '', 0),
(14, 21, 'field.php', '', 0),
(15, 21, 'field.php', '', 0),
(16, 21, 'field.php', '', 0),
(14, 24, 'field.php', '', 0),
(14, 25, 'field.php', '', 0),
(14, 23, 'forest.php', '', 0),
(15, 25, 'forest.php', '', 0),
(15, 26, 'forest.php', '', 0),
(16, 24, 'forest.php', '', 0),
(16, 23, 'forest.php', '', 0),
(16, 22, 'forest.php', '', 0),
(17, 22, 'forest.php', '', 0),
(17, 23, 'forest.php', '', 0),
(18, 23, 'forest.php', '', 0),
(18, 22, 'forest.php', '', 0),
(18, 21, 'forest.php', '', 0),
(17, 21, 'forest.php', '', 0),
(19, 21, 'field.php', '', 0),
(21, 21, 'field.php', '', 0),
(20, 21, 'field.php', '', 0),
(22, 21, 'field.php', '', 0),
(23, 21, 'field.php', '', 0),
(24, 21, 'field.php', '', 0),
(25, 21, 'field.php', '', 0),
(26, 22, 'field.php', '', 0),
(25, 22, 'field.php', '', 0),
(24, 22, 'field.php', '', 0),
(23, 22, 'field.php', '', 0),
(22, 22, 'field.php', '', 0),
(21, 22, 'field.php', '', 0),
(20, 22, 'field.php', '', 0),
(19, 22, 'field.php', '', 0),
(19, 23, 'field.php', '', 0),
(19, 24, 'field.php', '', 0),
(20, 24, 'field.php', '', 0),
(20, 23, 'field.php', '', 0),
(21, 23, 'field.php', '', 0),
(21, 24, 'field.php', '', 0),
(22, 23, 'field.php', '', 0),
(23, 23, 'field.php', '', 0),
(23, 24, 'field.php', '', 0),
(22, 24, 'field.php', '', 0),
(23, 25, 'field.php', '', 0),
(22, 25, 'field.php', '', 0),
(21, 25, 'field.php', '', 0),
(20, 25, 'field.php', '', 0),
(20, 26, 'field.php', '', 0),
(21, 26, 'field.php', '', 0),
(20, 27, 'field.php', '', 0),
(18, 26, 'field.php', '', 0),
(17, 26, 'field.php', '', 0),
(25, 24, 'field.php', '', 0),
(26, 23, 'field.php', '', 0),
(27, 23, 'field.php', '', 0),
(2, 27, 'field.php', '', 0),
(1, 27, 'field.php', '', 0),
(3, 28, 'field.php', '', 0),
(0, 28, 'forest.php', '', 0),
(13, 28, 'forest.php', '', 0),
(13, 27, 'forest.php', '', 0),
(14, 27, 'forest.php', '', 0),
(14, 28, 'forest.php', '', 0),
(17, 28, 'forest.php', '', 0),
(18, 28, 'forest.php', '', 0),
(18, 27, 'forest.php', '', 0),
(17, 27, 'forest.php', '', 0),
(23, 28, 'forest.php', '', 0),
(24, 28, 'forest.php', '', 0),
(25, 28, 'forest.php', '', 0),
(26, 28, 'forest.php', '', 0),
(15, 28, 'field.php', '', 0),
(22, 28, 'field.php', '', 0),
(27, 28, 'field.php', '', 0),
(28, 28, 'field.php', '', 0),
(26, 27, 'field.php', '', 0),
(26, 26, 'field.php', '', 0),
(26, 25, 'field.php', '', 0),
(25, 25, 'field.php', '', 0),
(25, 26, 'field.php', '', 0),
(25, 27, 'field.php', '', 0),
(30, 28, 'field.php', '', 0),
(31, 28, 'field.php', '', 0),
(32, 28, 'field.php', '', 0),
(52, 15, 'swamp.php', '', 0),
(52, 14, 'swamp.php', '', 0),
(53, 14, 'swamp.php', '', 0),
(53, 15, 'swamp.php', '', 0),
(54, 15, 'swamp.php', '', 0),
(54, 14, 'swamp.php', '', 0),
(51, 16, 'swamp.php', '', 0),
(50, 17, 'swamp.php', '', 0),
(52, 16, 'swamp.php', '', 0),
(55, 15, 'swamp.php', '', 0),
(55, 14, 'swamp.php', '', 0),
(56, 14, 'swamp.php', '', 0),
(56, 15, 'swamp.php', '', 0),
(57, 14, 'swamp.php', '', 0),
(57, 15, 'swamp.php', '', 0),
(57, 16, 'swamp.php', '', 0),
(56, 16, 'swamp.php', '', 0),
(58, 15, 'swamp.php', '', 0),
(59, 15, 'swamp.php', '', 0),
(59, 14, 'swamp.php', '', 0),
(60, 14, 'swamp.php', '', 0),
(60, 13, 'swamp.php', '', 0),
(61, 13, 'swamp.php', '', 0),
(61, 14, 'swamp.php', '', 0),
(61, 15, 'swamp.php', '', 0),
(60, 15, 'swamp.php', '', 0),
(60, 16, 'swamp.php', '', 0),
(61, 16, 'swamp.php', '', 0),
(59, 16, 'swamp.php', '', 0),
(58, 16, 'swamp.php', '', 0),
(57, 17, 'swamp.php', '', 0),
(57, 18, 'swamp.php', '', 0),
(56, 17, 'swamp.php', '', 0),
(56, 18, 'swamp.php', '', 0),
(49, 17, 'coast.php', '', 0),
(51, 18, 'coast.php', '', 0),
(52, 17, 'coast.php', '', 0),
(53, 16, 'coast.php', '', 0),
(54, 16, 'coast.php', '', 0),
(53, 20, 'coast.php', '', 0),
(53, 21, 'coast.php', '', 0),
(54, 21, 'coast.php', '', 0),
(55, 18, 'swamp.php', '', 0),
(54, 19, 'swamp.php', '', 0),
(54, 20, 'swamp.php', '', 0),
(55, 19, 'swamp.php', '', 0),
(55, 20, 'swamp.php', '', 0),
(56, 19, 'swamp.php', '', 0),
(57, 19, 'swamp.php', '', 0),
(57, 20, 'swamp.php', '', 0),
(57, 21, 'swamp.php', '', 0),
(56, 21, 'swamp.php', '', 0),
(55, 21, 'swamp.php', '', 0),
(55, 22, 'swamp.php', '', 0),
(56, 22, 'swamp.php', '', 0),
(57, 22, 'swamp.php', '', 0),
(57, 23, 'swamp.php', '', 0),
(58, 23, 'swamp.php', '', 0),
(58, 24, 'swamp.php', '', 0),
(59, 25, 'swamp.php', '', 0),
(59, 26, 'swamp.php', '', 0),
(58, 26, 'swamp.php', '', 0),
(59, 27, 'swamp.php', '', 0),
(58, 27, 'swamp.php', '', 0),
(58, 28, 'swamp.php', '', 0),
(59, 28, 'swamp.php', '', 0),
(60, 27, 'swamp.php', '', 0),
(61, 27, 'swamp.php', '', 0),
(61, 26, 'swamp.php', '', 0),
(60, 26, 'swamp.php', '', 0),
(60, 25, 'swamp.php', '', 0),
(61, 25, 'swamp.php', '', 0),
(61, 24, 'swamp.php', '', 0),
(60, 24, 'swamp.php', '', 0),
(59, 24, 'swamp.php', '', 0),
(59, 23, 'swamp.php', '', 0),
(60, 23, 'swamp.php', '', 0),
(61, 23, 'swamp.php', '', 0),
(61, 22, 'swamp.php', '', 0),
(60, 22, 'swamp.php', '', 0),
(59, 22, 'swamp.php', '', 0),
(58, 22, 'swamp.php', '', 0),
(58, 21, 'swamp.php', '', 0),
(59, 21, 'swamp.php', '', 0),
(60, 21, 'swamp.php', '', 0),
(61, 21, 'swamp.php', '', 0),
(60, 20, 'swamp.php', '', 0),
(61, 20, 'swamp.php', '', 0),
(59, 20, 'swamp.php', '', 0),
(58, 20, 'swamp.php', '', 0),
(58, 19, 'swamp.php', '', 0),
(58, 18, 'swamp.php', '', 0),
(59, 18, 'swamp.php', '', 0),
(60, 18, 'swamp.php', '', 0),
(61, 18, 'swamp.php', '', 0),
(61, 17, 'swamp.php', '', 0),
(60, 17, 'swamp.php', '', 0),
(60, 19, 'swamp.php', '', 0),
(61, 19, 'swamp.php', '', 0),
(59, 19, 'swamp.php', '', 0),
(58, 25, 'swamp.php', '', 0),
(0, 138, 'snow.php', '', 0),
(0, 137, 'snow.php', '', 0),
(0, 136, 'snow.php', '', 0),
(0, 135, 'snow.php', '', 0),
(1, 135, 'snow.php', '', 0),
(1, 134, 'snow.php', '', 0),
(0, 134, 'snow.php', '', 0),
(0, 133, 'snow.php', '', 0),
(0, 132, 'snow.php', '', 0),
(1, 132, 'snow.php', '', 0),
(1, 131, 'snow.php', '', 0),
(0, 131, 'snow.php', '', 0),
(0, 130, 'snow.php', '', 0),
(1, 130, 'snow.php', '', 0),
(2, 130, 'snow.php', '', 0),
(2, 129, 'snow.php', '', 0),
(1, 129, 'snow.php', '', 0),
(0, 129, 'snow.php', '', 0),
(0, 128, 'snow.php', '', 0),
(1, 127, 'snow.php', '', 0),
(1, 128, 'snow.php', '', 0),
(2, 128, 'snow.php', '', 0),
(2, 127, 'snow.php', '', 0),
(2, 126, 'snow.php', '', 0),
(1, 126, 'snow.php', '', 0),
(2, 125, 'snow.php', '', 0),
(3, 125, 'snow.php', '', 0),
(3, 126, 'snow.php', '', 0),
(3, 127, 'snow.php', '', 0),
(3, 128, 'snow.php', '', 0),
(3, 129, 'snow.php', '', 0),
(3, 130, 'snow.php', '', 0),
(4, 130, 'snow.php', '', 0),
(4, 131, 'snow.php', '', 0),
(4, 132, 'snow.php', '', 0),
(4, 133, 'snow.php', '', 0),
(4, 134, 'snow.php', '', 0),
(4, 135, 'snow.php', '', 0),
(5, 136, 'snow.php', '', 0),
(5, 135, 'snow.php', '', 0),
(5, 134, 'snow.php', '', 0),
(5, 133, 'snow.php', '', 0),
(5, 132, 'snow.php', '', 0),
(5, 131, 'snow.php', '', 0),
(5, 130, 'snow.php', '', 0),
(5, 129, 'snow.php', '', 0),
(5, 128, 'snow.php', '', 0),
(4, 129, 'snow.php', '', 0),
(4, 128, 'snow.php', '', 0),
(4, 127, 'snow.php', '', 0),
(4, 126, 'snow.php', '', 0),
(4, 125, 'snow.php', '', 0),
(4, 124, 'snow.php', '', 0),
(3, 124, 'snow.php', '', 0),
(2, 124, 'snow.php', '', 0),
(2, 123, 'snow.php', '', 0),
(3, 123, 'snow.php', '', 0),
(4, 123, 'snow.php', '', 0),
(4, 122, 'snow.php', '', 0),
(3, 122, 'snow.php', '', 0),
(2, 122, 'snow.php', '', 0),
(2, 121, 'snow.php', '', 0),
(3, 121, 'snow.php', '', 0),
(4, 121, 'snow.php', '', 0),
(5, 121, 'snow.php', '', 0),
(5, 122, 'snow.php', '', 0),
(5, 123, 'snow.php', '', 0),
(5, 124, 'snow.php', '', 0),
(5, 125, 'snow.php', '', 0),
(6, 125, 'snow.php', '', 0),
(6, 124, 'snow.php', '', 0),
(6, 123, 'snow.php', '', 0),
(6, 122, 'snow.php', '', 0),
(6, 121, 'snow.php', '', 0),
(6, 136, 'snow.php', '', 0),
(7, 136, 'snow.php', '', 0),
(7, 137, 'snow.php', '', 0),
(8, 136, 'snow.php', '', 0),
(9, 136, 'snow.php', '', 0),
(10, 136, 'snow.php', '', 0),
(10, 135, 'snow.php', '', 0),
(9, 135, 'snow.php', '', 0),
(8, 135, 'snow.php', '', 0),
(7, 135, 'snow.php', '', 0),
(6, 135, 'snow.php', '', 0),
(7, 134, 'snow.php', '', 0),
(6, 134, 'snow.php', '', 0),
(8, 134, 'snow.php', '', 0),
(8, 133, 'snow.php', '', 0),
(7, 133, 'snow.php', '', 0),
(6, 133, 'snow.php', '', 0),
(6, 132, 'snow.php', '', 0),
(7, 132, 'snow.php', '', 0),
(7, 131, 'snow.php', '', 0),
(6, 131, 'snow.php', '', 0),
(6, 130, 'snow.php', '', 0),
(6, 129, 'snow.php', '', 0),
(11, 135, 'snow.php', '', 0),
(11, 134, 'snow.php', '', 0),
(12, 134, 'snow.php', '', 0),
(12, 135, 'snow.php', '', 0),
(13, 134, 'snow.php', '', 0),
(13, 133, 'snow.php', '', 0),
(12, 133, 'snow.php', '', 0),
(14, 134, 'snow.php', '', 0),
(14, 133, 'snow.php', '', 0),
(14, 132, 'snow.php', '', 0),
(13, 132, 'snow.php', '', 0),
(12, 132, 'snow.php', '', 0),
(11, 132, 'snow.php', '', 0),
(10, 132, 'snow.php', '', 0),
(9, 131, 'snow.php', '', 0),
(10, 131, 'snow.php', '', 0),
(11, 131, 'snow.php', '', 0),
(12, 131, 'snow.php', '', 0),
(13, 131, 'snow.php', '', 0),
(14, 131, 'snow.php', '', 0),
(15, 131, 'snow.php', '', 0),
(15, 132, 'snow.php', '', 0),
(15, 133, 'snow.php', '', 0),
(16, 133, 'snow.php', '', 0),
(16, 132, 'snow.php', '', 0),
(16, 131, 'snow.php', '', 0),
(17, 131, 'snow.php', '', 0),
(17, 132, 'snow.php', '', 0),
(17, 133, 'snow.php', '', 0),
(18, 133, 'snow.php', '', 0),
(18, 132, 'snow.php', '', 0),
(18, 131, 'snow.php', '', 0),
(19, 132, 'snow.php', '', 0),
(19, 131, 'snow.php', '', 0),
(20, 131, 'snow.php', '', 0),
(20, 130, 'snow.php', '', 0),
(19, 130, 'snow.php', '', 0),
(19, 129, 'snow.php', '', 0),
(18, 130, 'snow.php', '', 0),
(18, 129, 'snow.php', '', 0),
(17, 129, 'snow.php', '', 0),
(17, 130, 'snow.php', '', 0),
(16, 130, 'snow.php', '', 0),
(16, 129, 'snow.php', '', 0),
(15, 129, 'snow.php', '', 0),
(15, 130, 'snow.php', '', 0),
(14, 130, 'snow.php', '', 0),
(14, 129, 'snow.php', '', 0),
(13, 129, 'snow.php', '', 0),
(13, 130, 'snow.php', '', 0),
(12, 130, 'snow.php', '', 0),
(12, 129, 'snow.php', '', 0),
(11, 129, 'snow.php', '', 0),
(11, 130, 'snow.php', '', 0),
(10, 130, 'snow.php', '', 0),
(10, 129, 'snow.php', '', 0),
(9, 130, 'snow.php', '', 0),
(9, 129, 'snow.php', '', 0),
(8, 129, 'snow.php', '', 0),
(8, 128, 'snow.php', '', 0),
(9, 128, 'snow.php', '', 0),
(10, 128, 'snow.php', '', 0),
(11, 128, 'snow.php', '', 0),
(12, 128, 'snow.php', '', 0),
(14, 128, 'snow.php', '', 0),
(13, 128, 'snow.php', '', 0),
(15, 128, 'snow.php', '', 0),
(16, 128, 'snow.php', '', 0),
(17, 128, 'snow.php', '', 0),
(18, 128, 'snow.php', '', 0),
(19, 128, 'snow.php', '', 0),
(20, 129, 'snow.php', '', 0),
(20, 128, 'snow.php', '', 0),
(21, 128, 'snow.php', '', 0),
(22, 128, 'snow.php', '', 0),
(22, 127, 'snow.php', '', 0),
(21, 127, 'snow.php', '', 0),
(21, 126, 'snow.php', '', 0),
(20, 127, 'snow.php', '', 0),
(20, 126, 'snow.php', '', 0),
(19, 126, 'snow.php', '', 0),
(19, 127, 'snow.php', '', 0),
(18, 127, 'snow.php', '', 0),
(18, 126, 'snow.php', '', 0),
(17, 126, 'snow.php', '', 0),
(17, 127, 'snow.php', '', 0),
(16, 127, 'snow.php', '', 0),
(16, 126, 'snow.php', '', 0),
(21, 125, 'snow.php', '', 0),
(20, 125, 'snow.php', '', 0),
(20, 124, 'snow.php', '', 0),
(19, 123, 'snow.php', '', 0),
(19, 124, 'snow.php', '', 0),
(19, 125, 'snow.php', '', 0),
(18, 125, 'snow.php', '', 0),
(18, 124, 'snow.php', '', 0),
(18, 123, 'snow.php', '', 0),
(18, 122, 'snow.php', '', 0),
(19, 122, 'snow.php', '', 0),
(17, 122, 'snow.php', '', 0),
(17, 123, 'snow.php', '', 0),
(17, 124, 'snow.php', '', 0),
(17, 125, 'snow.php', '', 0),
(16, 125, 'snow.php', '', 0),
(16, 124, 'snow.php', '', 0),
(16, 123, 'snow.php', '', 0),
(16, 122, 'snow.php', '', 0),
(16, 121, 'snow.php', '', 0),
(15, 121, 'snow.php', '', 0),
(15, 122, 'snow.php', '', 0),
(15, 123, 'snow.php', '', 0),
(15, 124, 'snow.php', '', 0),
(15, 125, 'snow.php', '', 0),
(15, 126, 'snow.php', '', 0),
(15, 127, 'snow.php', '', 0),
(14, 127, 'snow.php', '', 0),
(14, 126, 'snow.php', '', 0),
(14, 125, 'snow.php', '', 0),
(14, 124, 'snow.php', '', 0),
(14, 123, 'snow.php', '', 0),
(13, 125, 'snow.php', '', 0),
(13, 126, 'snow.php', '', 0),
(13, 127, 'snow.php', '', 0),
(12, 127, 'snow.php', '', 0),
(12, 126, 'snow.php', '', 0),
(12, 125, 'snow.php', '', 0),
(11, 125, 'snow.php', '', 0),
(11, 126, 'snow.php', '', 0),
(11, 127, 'snow.php', '', 0),
(10, 127, 'snow.php', '', 0),
(10, 126, 'snow.php', '', 0),
(9, 127, 'snow.php', '', 0),
(7, 129, 'snow.php', '', 0),
(7, 130, 'snow.php', '', 0),
(21, 124, 'snow.php', '', 0),
(21, 123, 'snow.php', '', 0),
(22, 123, 'snow.php', '', 0),
(22, 124, 'snow.php', '', 0),
(23, 124, 'snow.php', '', 0),
(23, 123, 'snow.php', '', 0),
(24, 123, 'snow.php', '', 0),
(23, 122, 'snow.php', '', 0),
(22, 122, 'snow.php', '', 0),
(21, 122, 'snow.php', '', 0),
(20, 122, 'snow.php', '', 0),
(20, 123, 'snow.php', '', 0),
(20, 121, 'snow.php', '', 0),
(19, 121, 'snow.php', '', 0),
(18, 121, 'snow.php', '', 0),
(19, 120, 'snow.php', '', 0),
(20, 120, 'snow.php', '', 0),
(19, 119, 'snow.php', '', 0),
(18, 119, 'snow.php', '', 0),
(20, 119, 'snow.php', '', 0),
(21, 119, 'snow.php', '', 0),
(21, 120, 'snow.php', '', 0),
(21, 121, 'snow.php', '', 0),
(22, 121, 'snow.php', '', 0),
(22, 119, 'snow.php', '', 0),
(22, 120, 'snow.php', '', 0),
(23, 119, 'snow.php', '', 0),
(24, 120, 'snow.php', '', 0),
(23, 121, 'snow.php', '', 0),
(23, 120, 'snow.php', '', 0),
(24, 121, 'snow.php', '', 0),
(24, 122, 'snow.php', '', 0),
(25, 122, 'snow.php', '', 0),
(25, 121, 'snow.php', '', 0),
(25, 120, 'snow.php', '', 0),
(24, 119, 'snow.php', '', 0),
(24, 118, 'snow.php', '', 0),
(24, 117, 'snow.php', '', 0),
(23, 117, 'snow.php', '', 0),
(23, 118, 'snow.php', '', 0),
(22, 118, 'snow.php', '', 0),
(22, 117, 'snow.php', '', 0),
(21, 117, 'snow.php', '', 0),
(21, 118, 'snow.php', '', 0),
(20, 118, 'snow.php', '', 0),
(20, 117, 'snow.php', '', 0),
(19, 117, 'snow.php', '', 0),
(19, 118, 'snow.php', '', 0),
(18, 117, 'snow.php', '', 0),
(18, 116, 'snow.php', '', 0),
(19, 116, 'snow.php', '', 0),
(20, 116, 'snow.php', '', 0),
(21, 116, 'snow.php', '', 0),
(22, 116, 'snow.php', '', 0),
(23, 116, 'snow.php', '', 0),
(22, 115, 'snow.php', '', 0),
(21, 115, 'snow.php', '', 0),
(20, 115, 'snow.php', '', 0),
(19, 115, 'snow.php', '', 0),
(18, 115, 'snow.php', '', 0),
(18, 114, 'snow.php', '', 0),
(17, 114, 'snow.php', '', 0),
(19, 114, 'snow.php', '', 0),
(20, 114, 'snow.php', '', 0),
(21, 114, 'snow.php', '', 0),
(22, 114, 'snow.php', '', 0),
(22, 113, 'snow.php', '', 0),
(22, 112, 'snow.php', '', 0),
(21, 112, 'snow.php', '', 0),
(21, 113, 'snow.php', '', 0),
(20, 113, 'snow.php', '', 0),
(20, 112, 'snow.php', '', 0),
(21, 111, 'snow.php', '', 0),
(20, 111, 'snow.php', '', 0),
(19, 110, 'snow.php', '', 0),
(19, 111, 'snow.php', '', 0),
(19, 112, 'snow.php', '', 0),
(19, 113, 'snow.php', '', 0),
(18, 113, 'snow.php', '', 0),
(18, 112, 'snow.php', '', 0),
(18, 111, 'snow.php', '', 0),
(18, 110, 'snow.php', '', 0),
(17, 110, 'snow.php', '', 0),
(17, 111, 'snow.php', '', 0),
(17, 112, 'snow.php', '', 0),
(17, 113, 'snow.php', '', 0),
(16, 112, 'snow.php', '', 0),
(16, 111, 'snow.php', '', 0),
(15, 111, 'snow.php', '', 0),
(14, 111, 'snow.php', '', 0),
(15, 113, 'snow.php', '', 0),
(14, 112, 'snow.php', '', 0),
(14, 113, 'snow.php', '', 0),
(15, 114, 'snow.php', '', 0),
(15, 115, 'snow.php', '', 0),
(15, 116, 'snow.php', '', 0),
(15, 117, 'snow.php', '', 0),
(15, 118, 'snow.php', '', 0),
(14, 118, 'snow.php', '', 0),
(14, 117, 'snow.php', '', 0),
(14, 116, 'snow.php', '', 0),
(14, 115, 'snow.php', '', 0),
(14, 114, 'snow.php', '', 0),
(13, 111, 'snow.php', '', 0),
(13, 112, 'snow.php', '', 0),
(13, 113, 'snow.php', '', 0),
(13, 114, 'snow.php', '', 0),
(13, 115, 'snow.php', '', 0),
(13, 116, 'snow.php', '', 0),
(13, 117, 'snow.php', '', 0),
(13, 118, 'snow.php', '', 0),
(14, 119, 'snow.php', '', 0),
(12, 119, 'snow.php', '', 0),
(12, 118, 'snow.php', '', 0),
(12, 117, 'snow.php', '', 0),
(12, 116, 'snow.php', '', 0),
(12, 115, 'snow.php', '', 0),
(12, 114, 'snow.php', '', 0),
(12, 113, 'snow.php', '', 0),
(12, 112, 'snow.php', '', 0),
(12, 111, 'snow.php', '', 0),
(11, 111, 'snow.php', '', 0),
(11, 112, 'snow.php', '', 0),
(10, 111, 'snow.php', '', 0),
(10, 112, 'snow.php', '', 0),
(11, 113, 'snow.php', '', 0),
(10, 113, 'snow.php', '', 0),
(9, 112, 'snow.php', '', 0),
(9, 111, 'snow.php', '', 0),
(8, 112, 'snow.php', '', 0),
(11, 114, 'snow.php', '', 0),
(10, 114, 'snow.php', '', 0),
(9, 113, 'snow.php', '', 0),
(9, 114, 'snow.php', '', 0),
(9, 115, 'snow.php', '', 0),
(10, 115, 'snow.php', '', 0),
(11, 115, 'snow.php', '', 0),
(11, 116, 'snow.php', '', 0),
(10, 116, 'snow.php', '', 0),
(9, 116, 'snow.php', '', 0),
(9, 117, 'snow.php', '', 0),
(8, 117, 'snow.php', '', 0),
(8, 118, 'snow.php', '', 0),
(8, 119, 'snow.php', '', 0),
(7, 120, 'snow.php', '', 0),
(7, 121, 'snow.php', '', 0),
(7, 122, 'snow.php', '', 0),
(8, 122, 'snow.php', '', 0),
(8, 123, 'snow.php', '', 0),
(9, 123, 'snow.php', '', 0),
(10, 123, 'snow.php', '', 0),
(10, 122, 'snow.php', '', 0),
(9, 122, 'snow.php', '', 0),
(11, 122, 'snow.php', '', 0),
(12, 121, 'snow.php', '', 0),
(12, 120, 'snow.php', '', 0),
(11, 120, 'snow.php', '', 0),
(11, 121, 'snow.php', '', 0),
(10, 121, 'snow.php', '', 0),
(10, 119, 'snow.php', '', 0),
(10, 120, 'snow.php', '', 0),
(9, 121, 'snow.php', '', 0),
(8, 121, 'snow.php', '', 0),
(8, 120, 'snow.php', '', 0),
(9, 120, 'snow.php', '', 0),
(9, 119, 'snow.php', '', 0),
(11, 119, 'snow.php', '', 0),
(11, 118, 'snow.php', '', 0),
(11, 117, 'snow.php', '', 0),
(10, 118, 'snow.php', '', 0),
(10, 117, 'snow.php', '', 0),
(9, 118, 'snow.php', '', 0),
(16, 115, 'snow.php', '', 0),
(11, 110, 'snow.php', '', 0),
(11, 109, 'snow.php', '', 0),
(11, 108, 'snow.php', '', 0),
(10, 108, 'snow.php', '', 0),
(11, 107, 'snow.php', '', 0),
(12, 107, 'snow.php', '', 0),
(12, 108, 'snow.php', '', 0),
(12, 109, 'snow.php', '', 0),
(12, 110, 'snow.php', '', 0),
(13, 110, 'snow.php', '', 0),
(13, 109, 'snow.php', '', 0),
(13, 108, 'snow.php', '', 0),
(13, 107, 'snow.php', '', 0),
(15, 107, 'snow.php', '', 0),
(14, 108, 'snow.php', '', 0),
(14, 107, 'snow.php', '', 0),
(15, 108, 'snow.php', '', 0),
(15, 109, 'snow.php', '', 0),
(14, 109, 'snow.php', '', 0),
(14, 110, 'snow.php', '', 0),
(15, 110, 'snow.php', '', 0),
(16, 110, 'snow.php', '', 0),
(17, 109, 'snow.php', '', 0),
(16, 109, 'snow.php', '', 0),
(16, 108, 'snow.php', '', 0),
(16, 107, 'snow.php', '', 0),
(17, 107, 'snow.php', '', 0),
(17, 108, 'snow.php', '', 0),
(18, 109, 'snow.php', '', 0),
(19, 109, 'snow.php', '', 0),
(19, 108, 'snow.php', '', 0),
(18, 108, 'snow.php', '', 0),
(18, 107, 'snow.php', '', 0),
(19, 107, 'snow.php', '', 0),
(20, 107, 'snow.php', '', 0),
(20, 106, 'snow.php', '', 0),
(19, 106, 'snow.php', '', 0),
(18, 106, 'snow.php', '', 0),
(17, 106, 'snow.php', '', 0),
(16, 106, 'snow.php', '', 0),
(15, 106, 'snow.php', '', 0),
(14, 106, 'snow.php', '', 0),
(13, 106, 'snow.php', '', 0),
(12, 106, 'snow.php', '', 0),
(12, 105, 'snow.php', '', 0),
(14, 105, 'snow.php', '', 0),
(13, 104, 'snow.php', '', 0),
(13, 105, 'snow.php', '', 0),
(14, 104, 'snow.php', '', 0),
(15, 105, 'snow.php', '', 0),
(15, 104, 'snow.php', '', 0),
(16, 104, 'snow.php', '', 0),
(17, 105, 'snow.php', '', 0),
(16, 105, 'snow.php', '', 0),
(17, 104, 'snow.php', '', 0),
(18, 105, 'snow.php', '', 0),
(18, 104, 'snow.php', '', 0),
(19, 104, 'snow.php', '', 0),
(19, 105, 'snow.php', '', 0),
(20, 105, 'snow.php', '', 0),
(20, 104, 'snow.php', '', 0),
(20, 103, 'snow.php', '', 0),
(19, 103, 'snow.php', '', 0),
(18, 103, 'snow.php', '', 0),
(17, 103, 'snow.php', '', 0),
(16, 103, 'snow.php', '', 0),
(15, 103, 'snow.php', '', 0),
(14, 103, 'snow.php', '', 0),
(15, 102, 'snow.php', '', 0),
(16, 102, 'snow.php', '', 0),
(17, 102, 'snow.php', '', 0),
(18, 102, 'snow.php', '', 0),
(19, 102, 'snow.php', '', 0),
(20, 102, 'snow.php', '', 0),
(21, 101, 'snow.php', '', 0),
(20, 101, 'snow.php', '', 0),
(19, 101, 'snow.php', '', 0),
(18, 101, 'snow.php', '', 0),
(17, 101, 'snow.php', '', 0),
(16, 101, 'snow.php', '', 0),
(16, 100, 'snow.php', '', 0),
(17, 100, 'snow.php', '', 0),
(15, 100, 'snow.php', '', 0),
(18, 100, 'snow.php', '', 0),
(19, 100, 'snow.php', '', 0),
(20, 100, 'snow.php', '', 0),
(20, 99, 'snow.php', '', 0),
(19, 99, 'snow.php', '', 0),
(18, 99, 'snow.php', '', 0),
(17, 99, 'snow.php', '', 0),
(16, 99, 'snow.php', '', 0),
(15, 99, 'snow.php', '', 0),
(14, 99, 'snow.php', '', 0),
(13, 99, 'snow.php', '', 0),
(12, 99, 'snow.php', '', 0),
(11, 99, 'snow.php', '', 0),
(11, 98, 'snow.php', '', 0),
(12, 98, 'snow.php', '', 0),
(13, 98, 'snow.php', '', 0),
(14, 98, 'snow.php', '', 0),
(15, 98, 'snow.php', '', 0),
(16, 98, 'snow.php', '', 0),
(17, 98, 'snow.php', '', 0),
(18, 98, 'snow.php', '', 0),
(19, 98, 'snow.php', '', 0),
(19, 97, 'snow.php', '', 0),
(20, 97, 'snow.php', '', 0),
(18, 97, 'snow.php', '', 0),
(17, 97, 'snow.php', '', 0),
(16, 97, 'snow.php', '', 0),
(15, 97, 'snow.php', '', 0),
(14, 97, 'snow.php', '', 0),
(13, 97, 'snow.php', '', 0),
(12, 97, 'snow.php', '', 0),
(11, 97, 'snow.php', '', 0),
(11, 96, 'snow.php', '', 0),
(12, 96, 'snow.php', '', 0),
(13, 96, 'snow.php', '', 0),
(14, 96, 'snow.php', '', 0),
(15, 96, 'snow.php', '', 0),
(16, 96, 'snow.php', '', 0),
(17, 96, 'snow.php', '', 0),
(18, 96, 'snow.php', '', 0),
(19, 96, 'snow.php', '', 0),
(19, 95, 'snow.php', '', 0),
(20, 95, 'snow.php', '', 0),
(20, 94, 'snow.php', '', 0),
(19, 94, 'snow.php', '', 0),
(18, 95, 'snow.php', '', 0),
(16, 95, 'snow.php', '', 0),
(16, 94, 'snow.php', '', 0),
(16, 93, 'snow.php', '', 0),
(15, 93, 'snow.php', '', 0),
(15, 94, 'snow.php', '', 0),
(15, 95, 'snow.php', '', 0),
(14, 95, 'snow.php', '', 0),
(14, 94, 'snow.php', '', 0),
(14, 93, 'snow.php', '', 0),
(13, 93, 'snow.php', '', 0),
(13, 94, 'snow.php', '', 0),
(13, 95, 'snow.php', '', 0),
(12, 95, 'snow.php', '', 0),
(12, 94, 'snow.php', '', 0),
(11, 95, 'snow.php', '', 0),
(14, 92, 'snow.php', '', 0),
(15, 92, 'snow.php', '', 0),
(16, 92, 'snow.php', '', 0),
(17, 92, 'snow.php', '', 0),
(17, 91, 'snow.php', '', 0),
(16, 91, 'snow.php', '', 0),
(15, 91, 'snow.php', '', 0),
(14, 91, 'snow.php', '', 0),
(14, 90, 'snow.php', '', 0),
(15, 90, 'snow.php', '', 0),
(12, 91, 'snow.php', '', 0),
(11, 91, 'snow.php', '', 0),
(11, 90, 'snow.php', '', 0),
(12, 90, 'snow.php', '', 0),
(12, 89, 'snow.php', '', 0),
(13, 90, 'snow.php', '', 0),
(16, 90, 'snow.php', '', 0),
(17, 90, 'snow.php', '', 0),
(18, 90, 'snow.php', '', 0),
(17, 89, 'snow.php', '', 0),
(16, 89, 'snow.php', '', 0),
(15, 89, 'snow.php', '', 0),
(14, 89, 'snow.php', '', 0),
(13, 89, 'snow.php', '', 0),
(15, 88, 'snow.php', '', 0),
(16, 88, 'snow.php', '', 0),
(17, 88, 'snow.php', '', 0),
(14, 88, 'snow.php', '', 0),
(14, 87, 'snow.php', '', 0),
(13, 87, 'snow.php', '', 0),
(15, 87, 'snow.php', '', 0),
(16, 87, 'snow.php', '', 0),
(16, 86, 'snow.php', '', 0),
(15, 86, 'snow.php', '', 0),
(14, 86, 'snow.php', '', 0),
(13, 86, 'snow.php', '', 0),
(13, 85, 'snow.php', '', 0),
(14, 85, 'snow.php', '', 0),
(15, 85, 'snow.php', '', 0),
(16, 85, 'snow.php', '', 0),
(15, 84, 'snow.php', '', 0),
(14, 84, 'snow.php', '', 0),
(13, 84, 'snow.php', '', 0),
(12, 84, 'snow.php', '', 0),
(12, 83, 'snow.php', '', 0),
(13, 83, 'snow.php', '', 0),
(14, 83, 'snow.php', '', 0),
(15, 83, 'snow.php', '', 0),
(12, 85, 'snow.php', '', 0),
(12, 82, 'snow.php', '', 0),
(13, 82, 'snow.php', '', 0),
(14, 82, 'snow.php', '', 0),
(15, 81, 'snow.php', '', 0),
(14, 81, 'snow.php', '', 0),
(13, 81, 'snow.php', '', 0),
(12, 81, 'snow.php', '', 0),
(13, 80, 'snow.php', '', 0),
(14, 80, 'snow.php', '', 0),
(15, 80, 'snow.php', '', 0),
(15, 79, 'snow.php', '', 0),
(14, 79, 'snow.php', '', 0),
(13, 79, 'snow.php', '', 0),
(13, 78, 'snow.php', '', 0),
(14, 78, 'snow.php', '', 0),
(14, 77, 'snow.php', '', 0),
(31, 34, 'coast.php', '', 0),
(30, 35, 'coast.php', '', 0),
(30, 36, 'coast.php', '', 0),
(29, 36, 'coast.php', '', 0),
(29, 37, 'coast.php', '', 0),
(29, 38, 'coast.php', '', 0),
(28, 39, 'coast.php', '', 0),
(28, 40, 'coast.php', '', 0),
(28, 41, 'coast.php', '', 0),
(28, 42, 'coast.php', '', 0),
(28, 43, 'coast.php', '', 0),
(28, 44, 'coast.php', '', 0),
(28, 45, 'coast.php', '', 0),
(27, 45, 'coast.php', '', 0),
(27, 46, 'coast.php', '', 0),
(27, 47, 'coast.php', '', 0),
(27, 48, 'coast.php', '', 0),
(27, 49, 'coast.php', '', 0),
(28, 50, 'coast.php', '', 0),
(28, 51, 'coast.php', '', 0),
(28, 52, 'coast.php', '', 0),
(28, 53, 'coast.php', '', 0),
(28, 54, 'coast.php', '', 0),
(27, 55, 'coast.php', '', 0),
(27, 56, 'coast.php', '', 0),
(28, 57, 'coast.php', '', 0),
(0, 42, 'river.php', '', 0),
(1, 43, 'river.php', '', 0),
(0, 43, 'river.php', '', 0),
(0, 44, 'river.php', '', 0),
(1, 44, 'river.php', '', 0),
(1, 45, 'river.php', '', 0),
(1, 46, 'river.php', '', 0),
(0, 46, 'river.php', '', 0),
(0, 47, 'river.php', '', 0),
(1, 47, 'river.php', '', 0),
(2, 48, 'river.php', '', 0),
(1, 48, 'river.php', '', 0),
(0, 48, 'river.php', '', 0),
(0, 49, 'river.php', '', 0),
(0, 45, 'field.php', '', 0),
(1, 42, 'field.php', '', 0),
(1, 41, 'field.php', '', 0),
(0, 41, 'field.php', '', 0),
(0, 40, 'field.php', '', 0),
(1, 40, 'field.php', '', 0),
(0, 36, 'field.php', '', 0),
(1, 36, 'field.php', '', 0),
(1, 34, 'field.php', '', 0),
(0, 34, 'field.php', '', 0),
(0, 29, 'field.php', '', 0),
(1, 29, 'field.php', '', 0),
(8, 29, 'field.php', '', 0),
(9, 29, 'field.php', '', 0),
(10, 29, 'field.php', '', 0),
(11, 29, 'field.php', '', 0),
(12, 29, 'field.php', '', 0),
(16, 29, 'field.php', '', 0),
(17, 29, 'field.php', '', 0),
(22, 29, 'field.php', '', 0),
(24, 29, 'field.php', '', 0),
(30, 29, 'field.php', '', 0),
(31, 29, 'field.php', '', 0),
(32, 29, 'field.php', '', 0),
(5, 29, 'forest.php', '', 0),
(6, 29, 'forest.php', '', 0),
(7, 29, 'forest.php', '', 0),
(3, 30, 'forest.php', '', 0),
(4, 30, 'forest.php', '', 0),
(5, 30, 'forest.php', '', 0),
(1, 30, 'forest.php', '', 0),
(0, 30, 'forest.php', '', 0),
(1, 31, 'forest.php', '', 0),
(0, 31, 'forest.php', '', 0),
(0, 32, 'forest.php', '', 0),
(1, 32, 'forest.php', '', 0),
(4, 31, 'forest.php', '', 0),
(6, 30, 'forest.php', '', 0),
(7, 30, 'forest.php', '', 0),
(5, 32, 'forest.php', '', 0),
(4, 32, 'forest.php', '', 0),
(4, 33, 'forest.php', '', 0),
(3, 33, 'forest.php', '', 0),
(5, 33, 'forest.php', '', 0),
(6, 33, 'forest.php', '', 0),
(5, 35, 'forest.php', '', 0),
(5, 36, 'forest.php', '', 0),
(4, 36, 'forest.php', '', 0),
(3, 35, 'forest.php', '', 0),
(2, 34, 'forest.php', '', 0),
(2, 35, 'forest.php', '', 0),
(9, 31, 'forest.php', '', 0),
(9, 30, 'forest.php', '', 0),
(9, 32, 'forest.php', '', 0),
(11, 30, 'forest.php', '', 0),
(12, 30, 'forest.php', '', 0),
(13, 30, 'forest.php', '', 0),
(13, 29, 'forest.php', '', 0),
(14, 29, 'forest.php', '', 0),
(15, 29, 'forest.php', '', 0),
(15, 30, 'forest.php', '', 0),
(14, 30, 'forest.php', '', 0),
(15, 31, 'forest.php', '', 0),
(16, 31, 'forest.php', '', 0),
(17, 31, 'forest.php', '', 0),
(17, 32, 'forest.php', '', 0),
(16, 32, 'forest.php', '', 0),
(13, 32, 'forest.php', '', 0),
(13, 31, 'forest.php', '', 0),
(12, 31, 'forest.php', '', 0),
(12, 32, 'forest.php', '', 0),
(11, 32, 'forest.php', '', 0),
(11, 33, 'forest.php', '', 0),
(12, 33, 'forest.php', '', 0),
(13, 34, 'forest.php', '', 0),
(12, 34, 'forest.php', '', 0),
(14, 33, 'forest.php', '', 0),
(14, 34, 'forest.php', '', 0),
(14, 35, 'forest.php', '', 0),
(14, 36, 'forest.php', '', 0),
(13, 35, 'forest.php', '', 0),
(13, 36, 'forest.php', '', 0),
(12, 36, 'forest.php', '', 0),
(12, 35, 'forest.php', '', 0),
(11, 35, 'forest.php', '', 0),
(10, 35, 'forest.php', '', 0),
(9, 34, 'forest.php', '', 0),
(9, 35, 'forest.php', '', 0),
(7, 35, 'forest.php', '', 0),
(8, 36, 'forest.php', '', 0),
(7, 36, 'forest.php', '', 0),
(7, 37, 'forest.php', '', 0),
(8, 37, 'forest.php', '', 0),
(8, 38, 'forest.php', '', 0),
(7, 38, 'forest.php', '', 0),
(7, 39, 'forest.php', '', 0),
(8, 39, 'forest.php', '', 0),
(8, 40, 'forest.php', '', 0),
(7, 40, 'forest.php', '', 0),
(7, 41, 'forest.php', '', 0),
(8, 41, 'forest.php', '', 0),
(9, 41, 'forest.php', '', 0),
(9, 40, 'forest.php', '', 0),
(10, 39, 'forest.php', '', 0),
(9, 39, 'forest.php', '', 0),
(9, 38, 'forest.php', '', 0),
(10, 38, 'forest.php', '', 0),
(11, 40, 'forest.php', '', 0),
(12, 40, 'forest.php', '', 0),
(12, 39, 'forest.php', '', 0),
(11, 39, 'forest.php', '', 0),
(11, 41, 'forest.php', '', 0),
(10, 41, 'forest.php', '', 0),
(9, 42, 'forest.php', '', 0),
(8, 42, 'forest.php', '', 0),
(7, 42, 'forest.php', '', 0),
(6, 42, 'forest.php', '', 0),
(6, 41, 'forest.php', '', 0),
(5, 41, 'forest.php', '', 0),
(5, 42, 'forest.php', '', 0),
(5, 43, 'forest.php', '', 0),
(6, 43, 'forest.php', '', 0),
(7, 43, 'forest.php', '', 0),
(8, 43, 'forest.php', '', 0),
(9, 43, 'forest.php', '', 0),
(8, 44, 'forest.php', '', 0),
(7, 44, 'forest.php', '', 0),
(6, 44, 'forest.php', '', 0),
(5, 44, 'forest.php', '', 0),
(4, 44, 'forest.php', '', 0),
(3, 44, 'forest.php', '', 0),
(3, 45, 'forest.php', '', 0),
(4, 45, 'forest.php', '', 0),
(5, 45, 'forest.php', '', 0),
(6, 45, 'forest.php', '', 0),
(7, 45, 'forest.php', '', 0),
(8, 45, 'forest.php', '', 0),
(7, 46, 'forest.php', '', 0),
(6, 46, 'forest.php', '', 0),
(6, 47, 'forest.php', '', 0),
(4, 46, 'forest.php', '', 0),
(3, 46, 'forest.php', '', 0),
(3, 47, 'forest.php', '', 0),
(4, 47, 'forest.php', '', 0),
(3, 48, 'forest.php', '', 0),
(3, 49, 'forest.php', '', 0),
(4, 49, 'forest.php', '', 0),
(5, 48, 'forest.php', '', 0),
(5, 49, 'forest.php', '', 0),
(7, 48, 'forest.php', '', 0),
(8, 48, 'forest.php', '', 0),
(8, 49, 'forest.php', '', 0),
(7, 49, 'forest.php', '', 0),
(7, 50, 'forest.php', '', 0),
(8, 50, 'forest.php', '', 0),
(9, 50, 'forest.php', '', 0),
(9, 49, 'forest.php', '', 0),
(10, 49, 'forest.php', '', 0),
(10, 50, 'forest.php', '', 0),
(11, 50, 'forest.php', '', 0),
(11, 49, 'forest.php', '', 0),
(12, 49, 'forest.php', '', 0),
(13, 49, 'forest.php', '', 0),
(13, 48, 'forest.php', '', 0),
(12, 48, 'forest.php', '', 0),
(11, 48, 'forest.php', '', 0),
(10, 48, 'forest.php', '', 0),
(9, 47, 'forest.php', '', 0),
(9, 48, 'forest.php', '', 0),
(10, 46, 'forest.php', '', 0),
(10, 47, 'forest.php', '', 0),
(11, 47, 'forest.php', '', 0),
(11, 46, 'forest.php', '', 0),
(12, 46, 'forest.php', '', 0),
(12, 47, 'forest.php', '', 0),
(13, 47, 'forest.php', '', 0),
(13, 46, 'forest.php', '', 0),
(14, 46, 'forest.php', '', 0),
(14, 47, 'forest.php', '', 0),
(15, 46, 'forest.php', '', 0),
(15, 47, 'forest.php', '', 0),
(9, 46, 'forest.php', '', 0),
(10, 45, 'forest.php', '', 0),
(10, 44, 'forest.php', '', 0),
(11, 43, 'forest.php', '', 0),
(12, 42, 'forest.php', '', 0),
(13, 42, 'forest.php', '', 0),
(14, 42, 'forest.php', '', 0),
(14, 43, 'forest.php', '', 0),
(13, 43, 'forest.php', '', 0),
(12, 43, 'forest.php', '', 0),
(11, 44, 'forest.php', '', 0),
(11, 45, 'forest.php', '', 0),
(12, 45, 'forest.php', '', 0),
(12, 44, 'forest.php', '', 0),
(13, 44, 'forest.php', '', 0),
(13, 45, 'forest.php', '', 0),
(14, 45, 'forest.php', '', 0),
(14, 44, 'forest.php', '', 0),
(15, 44, 'forest.php', '', 0),
(16, 43, 'forest.php', '', 0),
(16, 42, 'forest.php', '', 0),
(16, 41, 'forest.php', '', 0),
(15, 41, 'forest.php', '', 0),
(15, 40, 'forest.php', '', 0),
(14, 40, 'forest.php', '', 0),
(14, 39, 'forest.php', '', 0),
(15, 39, 'forest.php', '', 0),
(16, 39, 'forest.php', '', 0),
(16, 40, 'forest.php', '', 0),
(17, 40, 'forest.php', '', 0),
(17, 41, 'forest.php', '', 0),
(17, 42, 'forest.php', '', 0),
(17, 43, 'forest.php', '', 0),
(17, 44, 'forest.php', '', 0),
(17, 35, 'forest.php', '', 0),
(17, 34, 'forest.php', '', 0),
(16, 35, 'forest.php', '', 0),
(16, 34, 'forest.php', '', 0),
(19, 35, 'forest.php', '', 0),
(18, 33, 'forest.php', '', 0),
(18, 32, 'forest.php', '', 0),
(20, 30, 'forest.php', '', 0),
(19, 30, 'forest.php', '', 0),
(20, 29, 'forest.php', '', 0),
(19, 29, 'forest.php', '', 0),
(18, 29, 'forest.php', '', 0),
(23, 29, 'forest.php', '', 0),
(25, 29, 'forest.php', '', 0),
(26, 29, 'forest.php', '', 0),
(27, 29, 'forest.php', '', 0),
(28, 29, 'forest.php', '', 0),
(29, 29, 'forest.php', '', 0),
(29, 30, 'forest.php', '', 0),
(28, 30, 'forest.php', '', 0),
(27, 30, 'forest.php', '', 0),
(26, 30, 'forest.php', '', 0),
(26, 31, 'forest.php', '', 0),
(25, 31, 'forest.php', '', 0),
(24, 31, 'forest.php', '', 0),
(27, 31, 'forest.php', '', 0),
(28, 31, 'forest.php', '', 0),
(29, 31, 'forest.php', '', 0),
(30, 31, 'forest.php', '', 0),
(30, 32, 'forest.php', '', 0),
(30, 33, 'forest.php', '', 0),
(29, 33, 'forest.php', '', 0),
(29, 32, 'forest.php', '', 0),
(28, 32, 'forest.php', '', 0),
(28, 33, 'forest.php', '', 0),
(28, 34, 'forest.php', '', 0),
(27, 33, 'forest.php', '', 0),
(27, 32, 'forest.php', '', 0),
(25, 32, 'forest.php', '', 0),
(26, 33, 'forest.php', '', 0),
(26, 32, 'forest.php', '', 0),
(25, 33, 'forest.php', '', 0),
(26, 34, 'forest.php', '', 0),
(25, 34, 'forest.php', '', 0),
(27, 35, 'forest.php', '', 0),
(26, 36, 'forest.php', '', 0),
(25, 35, 'forest.php', '', 0),
(24, 37, 'forest.php', '', 0),
(24, 38, 'forest.php', '', 0),
(23, 36, 'forest.php', '', 0),
(24, 36, 'forest.php', '', 0),
(23, 35, 'forest.php', '', 0),
(23, 34, 'forest.php', '', 0),
(21, 33, 'forest.php', '', 0),
(22, 33, 'forest.php', '', 0),
(22, 32, 'forest.php', '', 0),
(22, 31, 'forest.php', '', 0),
(24, 39, 'forest.php', '', 0),
(22, 39, 'forest.php', '', 0),
(22, 40, 'forest.php', '', 0),
(22, 38, 'forest.php', '', 0),
(21, 38, 'forest.php', '', 0),
(21, 37, 'forest.php', '', 0),
(21, 36, 'forest.php', '', 0),
(22, 36, 'forest.php', '', 0),
(20, 37, 'forest.php', '', 0),
(20, 38, 'forest.php', '', 0),
(19, 38, 'forest.php', '', 0),
(19, 39, 'forest.php', '', 0),
(19, 40, 'forest.php', '', 0),
(20, 40, 'forest.php', '', 0),
(19, 41, 'forest.php', '', 0),
(20, 41, 'forest.php', '', 0),
(19, 42, 'forest.php', '', 0),
(20, 42, 'forest.php', '', 0),
(20, 43, 'forest.php', '', 0),
(20, 44, 'forest.php', '', 0),
(19, 44, 'forest.php', '', 0),
(19, 43, 'forest.php', '', 0),
(18, 43, 'forest.php', '', 0),
(18, 44, 'forest.php', '', 0),
(21, 42, 'forest.php', '', 0),
(21, 43, 'forest.php', '', 0),
(23, 42, 'forest.php', '', 0),
(23, 43, 'forest.php', '', 0),
(24, 43, 'forest.php', '', 0),
(24, 45, 'forest.php', '', 0),
(22, 45, 'forest.php', '', 0),
(23, 45, 'forest.php', '', 0),
(22, 44, 'forest.php', '', 0),
(21, 45, 'forest.php', '', 0),
(20, 45, 'forest.php', '', 0),
(19, 45, 'forest.php', '', 0),
(18, 45, 'forest.php', '', 0),
(17, 45, 'forest.php', '', 0),
(16, 45, 'forest.php', '', 0),
(17, 46, 'forest.php', '', 0),
(16, 46, 'forest.php', '', 0),
(17, 47, 'forest.php', '', 0),
(18, 47, 'forest.php', '', 0),
(20, 48, 'forest.php', '', 0),
(19, 46, 'forest.php', '', 0),
(21, 46, 'forest.php', '', 0),
(22, 46, 'forest.php', '', 0),
(23, 46, 'forest.php', '', 0),
(24, 46, 'forest.php', '', 0),
(24, 47, 'forest.php', '', 0),
(23, 47, 'forest.php', '', 0),
(22, 47, 'forest.php', '', 0),
(15, 48, 'forest.php', '', 0),
(14, 49, 'forest.php', '', 0),
(15, 49, 'forest.php', '', 0),
(16, 49, 'forest.php', '', 0),
(16, 50, 'forest.php', '', 0),
(15, 50, 'forest.php', '', 0),
(14, 50, 'forest.php', '', 0),
(14, 51, 'forest.php', '', 0),
(15, 51, 'forest.php', '', 0),
(16, 51, 'forest.php', '', 0),
(17, 51, 'forest.php', '', 0),
(17, 50, 'forest.php', '', 0),
(18, 49, 'forest.php', '', 0),
(19, 49, 'forest.php', '', 0),
(19, 50, 'forest.php', '', 0),
(23, 48, 'forest.php', '', 0),
(24, 48, 'forest.php', '', 0),
(25, 48, 'forest.php', '', 0),
(25, 49, 'forest.php', '', 0),
(25, 50, 'forest.php', '', 0),
(24, 50, 'forest.php', '', 0),
(24, 49, 'forest.php', '', 0),
(19, 51, 'forest.php', '', 0),
(18, 52, 'forest.php', '', 0),
(19, 52, 'forest.php', '', 0),
(20, 52, 'forest.php', '', 0),
(20, 53, 'forest.php', '', 0),
(19, 53, 'forest.php', '', 0),
(19, 54, 'forest.php', '', 0),
(18, 54, 'forest.php', '', 0),
(18, 53, 'forest.php', '', 0),
(17, 52, 'forest.php', '', 0),
(17, 53, 'forest.php', '', 0),
(17, 54, 'forest.php', '', 0),
(16, 53, 'forest.php', '', 0),
(16, 54, 'forest.php', '', 0),
(16, 52, 'forest.php', '', 0),
(15, 52, 'forest.php', '', 0),
(14, 52, 'forest.php', '', 0),
(14, 53, 'forest.php', '', 0),
(15, 54, 'forest.php', '', 0),
(14, 54, 'forest.php', '', 0),
(15, 53, 'forest.php', '', 0),
(13, 52, 'forest.php', '', 0),
(13, 53, 'forest.php', '', 0),
(12, 54, 'forest.php', '', 0),
(12, 53, 'forest.php', '', 0),
(12, 52, 'forest.php', '', 0),
(12, 51, 'forest.php', '', 0),
(12, 50, 'forest.php', '', 0),
(11, 51, 'forest.php', '', 0),
(11, 52, 'forest.php', '', 0),
(10, 51, 'forest.php', '', 0),
(10, 52, 'forest.php', '', 0),
(9, 52, 'forest.php', '', 0),
(8, 51, 'forest.php', '', 0),
(8, 52, 'forest.php', '', 0),
(11, 53, 'forest.php', '', 0),
(11, 54, 'forest.php', '', 0),
(10, 54, 'forest.php', '', 0),
(9, 54, 'forest.php', '', 0),
(9, 53, 'forest.php', '', 0),
(8, 53, 'forest.php', '', 0),
(8, 54, 'forest.php', '', 0),
(9, 55, 'forest.php', '', 0),
(10, 55, 'forest.php', '', 0),
(8, 55, 'forest.php', '', 0),
(7, 55, 'forest.php', '', 0),
(7, 54, 'forest.php', '', 0),
(7, 53, 'forest.php', '', 0),
(7, 52, 'forest.php', '', 0),
(7, 51, 'forest.php', '', 0),
(6, 51, 'forest.php', '', 0),
(5, 51, 'forest.php', '', 0),
(4, 51, 'forest.php', '', 0),
(3, 51, 'forest.php', '', 0),
(5, 52, 'forest.php', '', 0),
(4, 52, 'forest.php', '', 0),
(3, 52, 'forest.php', '', 0),
(3, 53, 'forest.php', '', 0),
(4, 53, 'forest.php', '', 0),
(6, 53, 'forest.php', '', 0),
(5, 53, 'forest.php', '', 0),
(6, 54, 'forest.php', '', 0),
(5, 54, 'forest.php', '', 0),
(4, 55, 'forest.php', '', 0),
(5, 55, 'forest.php', '', 0),
(6, 55, 'forest.php', '', 0),
(6, 56, 'forest.php', '', 0),
(5, 56, 'forest.php', '', 0),
(4, 56, 'forest.php', '', 0),
(7, 56, 'forest.php', '', 0),
(8, 56, 'forest.php', '', 0),
(9, 56, 'forest.php', '', 0),
(3, 55, 'forest.php', '', 0),
(2, 55, 'forest.php', '', 0),
(2, 54, 'forest.php', '', 0),
(3, 54, 'forest.php', '', 0),
(0, 53, 'forest.php', '', 0),
(1, 52, 'forest.php', '', 0),
(0, 52, 'forest.php', '', 0),
(1, 51, 'forest.php', '', 0),
(3, 50, 'forest.php', '', 0),
(5, 50, 'forest.php', '', 0),
(3, 42, 'forest.php', '', 0),
(3, 41, 'forest.php', '', 0),
(2, 41, 'forest.php', '', 0),
(2, 42, 'forest.php', '', 0),
(2, 43, 'forest.php', '', 0),
(2, 39, 'forest.php', '', 0),
(2, 38, 'forest.php', '', 0),
(1, 38, 'forest.php', '', 0),
(0, 38, 'forest.php', '', 0),
(1, 37, 'forest.php', '', 0),
(0, 37, 'forest.php', '', 0),
(5, 39, 'forest.php', '', 0),
(21, 40, 'forest.php', '', 0),
(12, 37, 'forest.php', '', 0),
(20, 54, 'forest.php', '', 0),
(21, 55, 'forest.php', '', 0),
(20, 55, 'forest.php', '', 0),
(19, 55, 'forest.php', '', 0),
(18, 55, 'forest.php', '', 0),
(17, 55, 'forest.php', '', 0),
(16, 55, 'forest.php', '', 0),
(14, 55, 'forest.php', '', 0),
(13, 55, 'forest.php', '', 0),
(13, 56, 'forest.php', '', 0),
(12, 56, 'forest.php', '', 0),
(11, 56, 'forest.php', '', 0),
(15, 56, 'forest.php', '', 0),
(17, 56, 'forest.php', '', 0),
(18, 56, 'forest.php', '', 0),
(19, 56, 'forest.php', '', 0),
(20, 56, 'forest.php', '', 0),
(21, 56, 'forest.php', '', 0),
(22, 56, 'forest.php', '', 0),
(22, 54, 'forest.php', '', 0),
(33, 30, 'field.php', '', 0),
(32, 30, 'field.php', '', 0),
(32, 31, 'field.php', '', 0),
(31, 30, 'field.php', '', 0),
(30, 30, 'field.php', '', 0),
(31, 31, 'field.php', '', 0),
(31, 32, 'field.php', '', 0),
(32, 32, 'field.php', '', 0),
(31, 33, 'field.php', '', 0),
(30, 34, 'field.php', '', 0),
(29, 34, 'field.php', '', 0),
(29, 35, 'field.php', '', 0),
(28, 35, 'field.php', '', 0),
(27, 34, 'field.php', '', 0),
(26, 35, 'field.php', '', 0),
(24, 35, 'field.php', '', 0),
(24, 34, 'field.php', '', 0),
(28, 36, 'field.php', '', 0),
(28, 37, 'field.php', '', 0),
(26, 48, 'field.php', '', 0),
(26, 49, 'field.php', '', 0),
(26, 50, 'field.php', '', 0),
(26, 47, 'field.php', '', 0),
(26, 46, 'field.php', '', 0),
(26, 45, 'field.php', '', 0),
(26, 44, 'field.php', '', 0),
(27, 44, 'field.php', '', 0),
(26, 43, 'field.php', '', 0),
(26, 42, 'field.php', '', 0),
(26, 41, 'field.php', '', 0),
(26, 40, 'field.php', '', 0),
(26, 39, 'field.php', '', 0),
(27, 39, 'field.php', '', 0),
(27, 40, 'field.php', '', 0),
(28, 38, 'field.php', '', 0),
(27, 38, 'field.php', '', 0),
(27, 37, 'field.php', '', 0),
(27, 36, 'field.php', '', 0),
(27, 41, 'field.php', '', 0),
(27, 42, 'field.php', '', 0),
(27, 43, 'field.php', '', 0),
(27, 50, 'field.php', '', 0),
(26, 51, 'field.php', '', 0),
(27, 51, 'field.php', '', 0),
(27, 52, 'field.php', '', 0),
(26, 52, 'field.php', '', 0),
(25, 52, 'field.php', '', 0),
(25, 51, 'field.php', '', 0),
(24, 52, 'field.php', '', 0),
(24, 53, 'field.php', '', 0),
(25, 53, 'field.php', '', 0),
(26, 53, 'field.php', '', 0),
(27, 53, 'field.php', '', 0),
(27, 54, 'field.php', '', 0),
(26, 54, 'field.php', '', 0),
(25, 54, 'field.php', '', 0),
(24, 54, 'field.php', '', 0),
(24, 55, 'field.php', '', 0),
(25, 55, 'field.php', '', 0),
(26, 55, 'field.php', '', 0),
(26, 56, 'field.php', '', 0),
(25, 56, 'field.php', '', 0),
(24, 56, 'field.php', '', 0),
(25, 36, 'field.php', '', 0),
(25, 37, 'field.php', '', 0);
INSERT INTO `zzz_map` (`x`, `y`, `file_name`, `title`, `encounter`) VALUES
(26, 37, 'field.php', '', 0),
(26, 38, 'field.php', '', 0),
(25, 38, 'field.php', '', 0),
(25, 39, 'field.php', '', 0),
(25, 40, 'field.php', '', 0),
(25, 41, 'field.php', '', 0),
(25, 47, 'field.php', '', 0),
(25, 46, 'field.php', '', 0),
(25, 45, 'field.php', '', 0),
(25, 44, 'field.php', '', 0),
(25, 43, 'field.php', '', 0),
(25, 42, 'field.php', '', 0),
(24, 44, 'field.php', '', 0),
(23, 44, 'field.php', '', 0),
(22, 43, 'field.php', '', 0),
(21, 44, 'field.php', '', 0),
(22, 42, 'field.php', '', 0),
(22, 41, 'field.php', '', 0),
(21, 41, 'field.php', '', 0),
(23, 41, 'field.php', '', 0),
(24, 41, 'field.php', '', 0),
(24, 42, 'field.php', '', 0),
(24, 40, 'field.php', '', 0),
(23, 40, 'field.php', '', 0),
(23, 39, 'field.php', '', 0),
(23, 38, 'field.php', '', 0),
(23, 37, 'field.php', '', 0),
(22, 37, 'field.php', '', 0),
(22, 35, 'field.php', '', 0),
(22, 34, 'field.php', '', 0),
(23, 33, 'field.php', '', 0),
(24, 33, 'field.php', '', 0),
(24, 32, 'field.php', '', 0),
(23, 32, 'field.php', '', 0),
(23, 31, 'field.php', '', 0),
(23, 30, 'field.php', '', 0),
(24, 30, 'field.php', '', 0),
(25, 30, 'field.php', '', 0),
(22, 30, 'field.php', '', 0),
(21, 32, 'field.php', '', 0),
(20, 32, 'field.php', '', 0),
(18, 31, 'field.php', '', 0),
(18, 30, 'field.php', '', 0),
(17, 30, 'field.php', '', 0),
(16, 30, 'field.php', '', 0),
(21, 31, 'field.php', '', 0),
(19, 31, 'field.php', '', 0),
(20, 33, 'field.php', '', 0),
(20, 34, 'field.php', '', 0),
(21, 34, 'field.php', '', 0),
(21, 35, 'field.php', '', 0),
(20, 35, 'field.php', '', 0),
(20, 36, 'field.php', '', 0),
(19, 36, 'field.php', '', 0),
(18, 35, 'field.php', '', 0),
(18, 36, 'field.php', '', 0),
(15, 34, 'field.php', '', 0),
(15, 35, 'field.php', '', 0),
(14, 31, 'field.php', '', 0),
(13, 33, 'field.php', '', 0),
(11, 31, 'field.php', '', 0),
(10, 30, 'field.php', '', 0),
(10, 31, 'field.php', '', 0),
(5, 31, 'field.php', '', 0),
(6, 31, 'field.php', '', 0),
(6, 32, 'field.php', '', 0),
(7, 31, 'field.php', '', 0),
(7, 32, 'field.php', '', 0),
(8, 32, 'field.php', '', 0),
(8, 31, 'field.php', '', 0),
(8, 30, 'field.php', '', 0),
(3, 34, 'mountain.php', '', 0),
(4, 34, 'mountain.php', '', 0),
(5, 34, 'mountain.php', '', 0),
(6, 34, 'mountain.php', '', 0),
(2, 44, 'field.php', '', 0),
(2, 45, 'field.php', '', 0),
(2, 46, 'field.php', '', 0),
(2, 47, 'field.php', '', 0),
(2, 49, 'field.php', '', 0),
(1, 49, 'field.php', '', 0),
(0, 50, 'field.php', '', 0),
(1, 50, 'field.php', '', 0),
(2, 50, 'field.php', '', 0),
(2, 51, 'field.php', '', 0),
(0, 51, 'field.php', '', 0),
(5, 47, 'field.php', '', 0),
(4, 48, 'field.php', '', 0),
(6, 48, 'field.php', '', 0),
(6, 49, 'field.php', '', 0),
(6, 50, 'field.php', '', 0),
(4, 50, 'field.php', '', 0),
(6, 52, 'field.php', '', 0),
(9, 51, 'field.php', '', 0),
(2, 52, 'field.php', '', 0),
(2, 53, 'field.php', '', 0),
(1, 53, 'field.php', '', 0),
(5, 46, 'field.php', '', 0),
(8, 47, 'field.php', '', 0),
(7, 47, 'field.php', '', 0),
(8, 46, 'field.php', '', 0),
(9, 45, 'field.php', '', 0),
(9, 44, 'field.php', '', 0),
(10, 43, 'field.php', '', 0),
(11, 42, 'field.php', '', 0),
(10, 42, 'field.php', '', 0),
(10, 40, 'field.php', '', 0),
(3, 43, 'field.php', '', 0),
(4, 43, 'field.php', '', 0),
(4, 42, 'field.php', '', 0),
(4, 41, 'field.php', '', 0),
(2, 40, 'field.php', '', 0),
(3, 40, 'field.php', '', 0),
(3, 39, 'field.php', '', 0),
(4, 39, 'field.php', '', 0),
(4, 40, 'field.php', '', 0),
(5, 40, 'field.php', '', 0),
(6, 40, 'field.php', '', 0),
(6, 39, 'field.php', '', 0),
(6, 38, 'field.php', '', 0),
(5, 38, 'field.php', '', 0),
(4, 38, 'field.php', '', 0),
(3, 38, 'field.php', '', 0),
(3, 37, 'field.php', '', 0),
(4, 37, 'field.php', '', 0),
(6, 35, 'field.php', '', 0),
(6, 36, 'field.php', '', 0),
(6, 37, 'field.php', '', 0),
(5, 37, 'field.php', '', 0),
(7, 34, 'field.php', '', 0),
(8, 34, 'field.php', '', 0),
(8, 35, 'field.php', '', 0),
(8, 33, 'field.php', '', 0),
(7, 33, 'field.php', '', 0),
(9, 33, 'field.php', '', 0),
(10, 33, 'field.php', '', 0),
(10, 32, 'field.php', '', 0),
(10, 34, 'field.php', '', 0),
(11, 34, 'field.php', '', 0),
(9, 36, 'field.php', '', 0),
(10, 36, 'field.php', '', 0),
(10, 37, 'field.php', '', 0),
(9, 37, 'field.php', '', 0),
(11, 36, 'field.php', '', 0),
(11, 37, 'field.php', '', 0),
(11, 38, 'field.php', '', 0),
(13, 38, 'field.php', '', 0),
(12, 38, 'field.php', '', 0),
(13, 39, 'field.php', '', 0),
(13, 40, 'field.php', '', 0),
(12, 41, 'field.php', '', 0),
(13, 41, 'field.php', '', 0),
(14, 41, 'field.php', '', 0),
(14, 38, 'field.php', '', 0),
(13, 37, 'field.php', '', 0),
(14, 37, 'field.php', '', 0),
(15, 36, 'field.php', '', 0),
(15, 37, 'field.php', '', 0),
(16, 36, 'field.php', '', 0),
(17, 36, 'field.php', '', 0),
(17, 37, 'field.php', '', 0),
(16, 37, 'field.php', '', 0),
(15, 38, 'field.php', '', 0),
(16, 38, 'field.php', '', 0),
(17, 38, 'field.php', '', 0),
(18, 38, 'field.php', '', 0),
(18, 39, 'field.php', '', 0),
(17, 39, 'field.php', '', 0),
(18, 40, 'field.php', '', 0),
(18, 41, 'field.php', '', 0),
(18, 42, 'field.php', '', 0),
(20, 39, 'field.php', '', 0),
(21, 39, 'field.php', '', 0),
(19, 37, 'field.php', '', 0),
(18, 37, 'field.php', '', 0),
(15, 42, 'field.php', '', 0),
(15, 43, 'field.php', '', 0),
(18, 46, 'field.php', '', 0),
(16, 44, 'field.php', '', 0),
(15, 45, 'field.php', '', 0),
(20, 46, 'field.php', '', 0),
(20, 47, 'field.php', '', 0),
(19, 47, 'field.php', '', 0),
(19, 48, 'field.php', '', 0),
(18, 48, 'field.php', '', 0),
(17, 48, 'field.php', '', 0),
(16, 48, 'field.php', '', 0),
(16, 47, 'field.php', '', 0),
(14, 48, 'field.php', '', 0),
(13, 50, 'field.php', '', 0),
(13, 51, 'field.php', '', 0),
(17, 49, 'field.php', '', 0),
(18, 50, 'field.php', '', 0),
(18, 51, 'field.php', '', 0),
(21, 49, 'field.php', '', 0),
(20, 49, 'field.php', '', 0),
(20, 50, 'field.php', '', 0),
(21, 50, 'field.php', '', 0),
(21, 51, 'field.php', '', 0),
(20, 51, 'field.php', '', 0),
(21, 52, 'field.php', '', 0),
(21, 53, 'field.php', '', 0),
(21, 54, 'field.php', '', 0),
(22, 53, 'field.php', '', 0),
(22, 52, 'field.php', '', 0),
(22, 51, 'field.php', '', 0),
(22, 50, 'field.php', '', 0),
(22, 49, 'field.php', '', 0),
(22, 48, 'field.php', '', 0),
(21, 48, 'field.php', '', 0),
(21, 47, 'field.php', '', 0),
(23, 49, 'field.php', '', 0),
(23, 50, 'field.php', '', 0),
(23, 51, 'field.php', '', 0),
(24, 51, 'field.php', '', 0),
(23, 52, 'field.php', '', 0),
(23, 56, 'field.php', '', 0),
(23, 55, 'field.php', '', 0),
(22, 55, 'field.php', '', 0),
(23, 54, 'field.php', '', 0),
(23, 53, 'field.php', '', 0),
(15, 55, 'field.php', '', 0),
(16, 56, 'field.php', '', 0),
(14, 56, 'field.php', '', 0),
(13, 54, 'field.php', '', 0),
(12, 55, 'field.php', '', 0),
(11, 55, 'field.php', '', 0),
(10, 56, 'field.php', '', 0),
(10, 53, 'field.php', '', 0),
(4, 54, 'field.php', '', 0),
(3, 56, 'field.php', '', 0),
(2, 56, 'field.php', '', 0),
(1, 56, 'field.php', '', 0),
(0, 56, 'field.php', '', 0),
(0, 55, 'field.php', '', 0),
(1, 55, 'field.php', '', 0),
(1, 54, 'field.php', '', 0),
(0, 54, 'field.php', '', 0),
(51, 17, 'field.php', '', 0),
(50, 16, 'field.php', '', 0),
(49, 16, 'field.php', '', 0),
(49, 15, 'field.php', '', 0),
(50, 15, 'field.php', '', 0),
(51, 15, 'field.php', '', 0),
(51, 14, 'field.php', '', 0),
(50, 14, 'field.php', '', 0),
(49, 14, 'field.php', '', 0),
(49, 13, 'field.php', '', 0),
(50, 13, 'field.php', '', 0),
(51, 13, 'field.php', '', 0),
(52, 13, 'field.php', '', 0),
(53, 13, 'field.php', '', 0),
(54, 11, 'field.php', '', 0),
(53, 11, 'field.php', '', 0),
(52, 11, 'field.php', '', 0),
(52, 12, 'field.php', '', 0),
(51, 12, 'field.php', '', 0),
(51, 11, 'field.php', '', 0),
(50, 11, 'field.php', '', 0),
(50, 12, 'field.php', '', 0),
(55, 11, 'field.php', '', 0),
(56, 13, 'field.php', '', 0),
(57, 13, 'field.php', '', 0),
(58, 13, 'field.php', '', 0),
(58, 14, 'field.php', '', 0),
(59, 13, 'field.php', '', 0),
(60, 12, 'field.php', '', 0),
(61, 12, 'field.php', '', 0),
(61, 11, 'field.php', '', 0),
(60, 11, 'field.php', '', 0),
(60, 10, 'field.php', '', 0),
(60, 9, 'field.php', '', 0),
(59, 9, 'field.php', '', 0),
(59, 8, 'field.php', '', 0),
(60, 8, 'field.php', '', 0),
(61, 8, 'field.php', '', 0),
(55, 10, 'field.php', '', 0),
(55, 9, 'field.php', '', 0),
(55, 8, 'field.php', '', 0),
(56, 8, 'field.php', '', 0),
(55, 7, 'field.php', '', 0),
(54, 7, 'field.php', '', 0),
(54, 8, 'field.php', '', 0),
(54, 9, 'field.php', '', 0),
(54, 10, 'field.php', '', 0),
(53, 10, 'field.php', '', 0),
(53, 9, 'field.php', '', 0),
(48, 13, 'field.php', '', 0),
(47, 10, 'field.php', '', 0),
(46, 10, 'field.php', '', 0),
(45, 10, 'field.php', '', 0),
(45, 11, 'field.php', '', 0),
(44, 12, 'field.php', '', 0),
(44, 11, 'field.php', '', 0),
(44, 10, 'field.php', '', 0),
(44, 13, 'field.php', '', 0),
(44, 14, 'field.php', '', 0),
(45, 14, 'field.php', '', 0),
(43, 15, 'field.php', '', 0),
(43, 14, 'field.php', '', 0),
(43, 13, 'field.php', '', 0),
(43, 12, 'field.php', '', 0),
(43, 11, 'field.php', '', 0),
(46, 12, 'field.php', '', 0),
(47, 9, 'field.php', '', 0),
(47, 8, 'field.php', '', 0),
(48, 8, 'field.php', '', 0),
(49, 9, 'field.php', '', 0),
(48, 7, 'field.php', '', 0),
(47, 7, 'field.php', '', 0),
(47, 6, 'field.php', '', 0),
(46, 6, 'field.php', '', 0),
(46, 7, 'field.php', '', 0),
(46, 8, 'field.php', '', 0),
(46, 9, 'field.php', '', 0),
(45, 9, 'field.php', '', 0),
(45, 8, 'field.php', '', 0),
(45, 7, 'field.php', '', 0),
(44, 7, 'field.php', '', 0),
(44, 8, 'field.php', '', 0),
(44, 9, 'field.php', '', 0),
(43, 8, 'field.php', '', 0),
(43, 7, 'field.php', '', 0),
(43, 6, 'field.php', '', 0),
(42, 11, 'field.php', '', 0),
(42, 12, 'field.php', '', 0),
(42, 13, 'field.php', '', 0),
(41, 13, 'field.php', '', 0),
(41, 12, 'field.php', '', 0),
(41, 11, 'field.php', '', 0),
(40, 9, 'field.php', '', 0),
(39, 10, 'field.php', '', 0),
(39, 11, 'field.php', '', 0),
(39, 12, 'field.php', '', 0),
(40, 12, 'field.php', '', 0),
(40, 13, 'field.php', '', 0),
(39, 13, 'field.php', '', 0),
(38, 13, 'field.php', '', 0),
(38, 14, 'field.php', '', 0),
(38, 15, 'field.php', '', 0),
(38, 16, 'field.php', '', 0),
(39, 16, 'field.php', '', 0),
(40, 16, 'field.php', '', 0),
(41, 16, 'field.php', '', 0),
(41, 14, 'field.php', '', 0),
(41, 15, 'field.php', '', 0),
(42, 16, 'field.php', '', 0),
(41, 17, 'field.php', '', 0),
(40, 17, 'field.php', '', 0),
(39, 17, 'field.php', '', 0),
(38, 17, 'field.php', '', 0),
(37, 17, 'field.php', '', 0),
(37, 16, 'field.php', '', 0),
(37, 18, 'field.php', '', 0),
(38, 18, 'field.php', '', 0),
(36, 18, 'field.php', '', 0),
(36, 17, 'field.php', '', 0),
(36, 16, 'field.php', '', 0),
(35, 16, 'field.php', '', 0),
(35, 15, 'field.php', '', 0),
(35, 14, 'field.php', '', 0),
(34, 14, 'field.php', '', 0),
(34, 15, 'field.php', '', 0),
(34, 16, 'field.php', '', 0),
(33, 16, 'field.php', '', 0),
(33, 15, 'field.php', '', 0),
(33, 14, 'field.php', '', 0),
(32, 14, 'field.php', '', 0),
(32, 15, 'field.php', '', 0),
(32, 16, 'field.php', '', 0),
(31, 16, 'field.php', '', 0),
(31, 15, 'field.php', '', 0),
(31, 14, 'field.php', '', 0),
(31, 13, 'field.php', '', 0),
(30, 13, 'field.php', '', 0),
(30, 12, 'field.php', '', 0),
(31, 12, 'field.php', '', 0),
(30, 11, 'field.php', '', 0),
(29, 10, 'field.php', '', 0),
(48, 16, 'coast.php', '', 0),
(48, 15, 'coast.php', '', 0),
(48, 14, 'coast.php', '', 0),
(47, 13, 'coast.php', '', 0),
(46, 13, 'coast.php', '', 0),
(46, 14, 'coast.php', '', 0),
(45, 15, 'coast.php', '', 0),
(44, 15, 'coast.php', '', 0),
(43, 16, 'coast.php', '', 0),
(42, 17, 'coast.php', '', 0),
(43, 17, 'coast.php', '', 0),
(41, 18, 'coast.php', '', 0),
(40, 18, 'coast.php', '', 0),
(39, 18, 'coast.php', '', 0),
(38, 19, 'coast.php', '', 0),
(37, 19, 'coast.php', '', 0),
(36, 19, 'coast.php', '', 0),
(35, 19, 'coast.php', '', 0),
(34, 20, 'coast.php', '', 0),
(33, 20, 'coast.php', '', 0),
(32, 19, 'coast.php', '', 0),
(31, 19, 'coast.php', '', 0),
(31, 20, 'coast.php', '', 0),
(30, 20, 'coast.php', '', 0),
(29, 20, 'coast.php', '', 0),
(28, 19, 'coast.php', '', 0),
(27, 18, 'coast.php', '', 0),
(26, 17, 'coast.php', '', 0),
(25, 17, 'coast.php', '', 0),
(23, 16, 'coast.php', '', 0),
(24, 15, 'coast.php', '', 0),
(25, 15, 'coast.php', '', 0),
(25, 14, 'coast.php', '', 0),
(24, 13, 'coast.php', '', 0),
(24, 16, 'field.php', '', 0),
(25, 16, 'field.php', '', 0),
(26, 16, 'field.php', '', 0),
(27, 16, 'field.php', '', 0),
(27, 17, 'field.php', '', 0),
(28, 18, 'field.php', '', 0),
(29, 19, 'field.php', '', 0),
(30, 19, 'field.php', '', 0),
(28, 17, 'field.php', '', 0),
(28, 16, 'field.php', '', 0),
(29, 16, 'field.php', '', 0),
(29, 15, 'field.php', '', 0),
(30, 15, 'field.php', '', 0),
(30, 14, 'field.php', '', 0),
(27, 15, 'field.php', '', 0),
(26, 13, 'field.php', '', 0),
(25, 13, 'field.php', '', 0),
(24, 12, 'field.php', '', 0),
(24, 11, 'coast.php', '', 0),
(24, 10, 'coast.php', '', 0),
(25, 11, 'coast.php', '', 0),
(26, 12, 'coast.php', '', 0),
(27, 11, 'coast.php', '', 0),
(27, 12, 'coast.php', '', 0),
(27, 10, 'coast.php', '', 0),
(26, 9, 'coast.php', '', 0),
(25, 8, 'coast.php', '', 0),
(25, 7, 'coast.php', '', 0),
(26, 6, 'coast.php', '', 0),
(27, 6, 'coast.php', '', 0),
(28, 4, 'coast.php', '', 0),
(29, 4, 'coast.php', '', 0),
(30, 4, 'coast.php', '', 0),
(31, 4, 'coast.php', '', 0),
(32, 4, 'coast.php', '', 0),
(33, 4, 'coast.php', '', 0),
(33, 5, 'coast.php', '', 0),
(34, 6, 'coast.php', '', 0),
(35, 6, 'coast.php', '', 0),
(36, 6, 'coast.php', '', 0),
(37, 5, 'coast.php', '', 0),
(38, 4, 'coast.php', '', 0),
(39, 4, 'coast.php', '', 0),
(40, 4, 'coast.php', '', 0),
(41, 4, 'coast.php', '', 0),
(40, 5, 'coast.php', '', 0),
(40, 3, 'coast.php', '', 0),
(41, 3, 'coast.php', '', 0),
(42, 3, 'coast.php', '', 0),
(43, 3, 'coast.php', '', 0),
(40, 2, 'coast.php', '', 0),
(39, 2, 'coast.php', '', 0),
(39, 1, 'coast.php', '', 0),
(40, 0, 'coast.php', '', 0),
(42, 0, 'coast.php', '', 0),
(44, 0, 'coast.php', '', 0),
(26, 8, 'field.php', '', 0),
(26, 7, 'field.php', '', 0),
(28, 6, 'field.php', '', 0),
(28, 5, 'field.php', '', 0),
(29, 5, 'field.php', '', 0),
(31, 5, 'field.php', '', 0),
(32, 5, 'field.php', '', 0),
(33, 6, 'field.php', '', 0),
(33, 7, 'field.php', '', 0),
(35, 7, 'field.php', '', 0),
(36, 7, 'field.php', '', 0),
(38, 5, 'field.php', '', 0),
(38, 6, 'field.php', '', 0),
(41, 2, 'field.php', '', 0),
(40, 1, 'field.php', '', 0),
(41, 0, 'field.php', '', 0),
(41, 1, 'field.php', '', 0),
(42, 1, 'field.php', '', 0),
(42, 2, 'field.php', '', 0),
(43, 1, 'field.php', '', 0),
(43, 2, 'field.php', '', 0),
(45, 0, 'field.php', '', 0),
(46, 0, 'field.php', '', 0),
(47, 0, 'field.php', '', 0),
(48, 0, 'field.php', '', 0),
(48, 1, 'field.php', '', 0),
(47, 1, 'field.php', '', 0),
(47, 2, 'field.php', '', 0),
(46, 3, 'field.php', '', 0),
(47, 3, 'field.php', '', 0),
(47, 4, 'field.php', '', 0),
(46, 4, 'field.php', '', 0),
(48, 3, 'field.php', '', 0),
(48, 2, 'field.php', '', 0),
(49, 0, 'field.php', '', 0),
(46, 2, 'field.php', '', 0),
(27, 9, 'river.php', '', 0),
(28, 9, 'river.php', '', 0),
(29, 8, 'river.php', '', 0),
(30, 8, 'river.php', '', 0),
(31, 8, 'river.php', '', 0),
(32, 8, 'river.php', '', 0),
(33, 8, 'river.php', '', 0),
(33, 9, 'river.php', '', 0),
(34, 9, 'river.php', '', 0),
(35, 9, 'river.php', '', 0),
(35, 8, 'river.php', '', 0),
(36, 8, 'river.php', '', 0),
(37, 9, 'river.php', '', 0),
(37, 8, 'river.php', '', 0),
(38, 8, 'river.php', '', 0),
(38, 7, 'river.php', '', 0),
(39, 7, 'river.php', '', 0),
(40, 6, 'coast.php', '', 0),
(42, 6, 'coast.php', '', 0),
(43, 5, 'coast.php', '', 0),
(43, 4, 'coast.php', '', 0),
(41, 7, 'river.php', '', 0),
(41, 8, 'river.php', '', 0),
(44, 5, 'river.php', '', 0),
(45, 6, 'river.php', '', 0),
(44, 6, 'river.php', '', 0),
(45, 5, 'river.php', '', 0),
(46, 5, 'river.php', '', 0),
(47, 5, 'river.php', '', 0),
(48, 5, 'river.php', '', 0),
(48, 4, 'river.php', '', 0),
(49, 3, 'river.php', '', 0),
(50, 4, 'river.php', '', 0),
(51, 4, 'river.php', '', 0),
(52, 4, 'river.php', '', 0),
(53, 5, 'river.php', '', 0),
(52, 5, 'river.php', '', 0),
(54, 5, 'river.php', '', 0),
(55, 5, 'river.php', '', 0),
(55, 6, 'river.php', '', 0),
(56, 6, 'river.php', '', 0),
(57, 7, 'river.php', '', 0),
(57, 6, 'river.php', '', 0),
(57, 5, 'river.php', '', 0),
(57, 4, 'river.php', '', 0),
(57, 3, 'river.php', '', 0),
(58, 3, 'river.php', '', 0),
(58, 2, 'river.php', '', 0),
(58, 1, 'river.php', '', 0),
(59, 1, 'river.php', '', 0),
(60, 1, 'river.php', '', 0),
(61, 0, 'river.php', '', 0),
(61, 1, 'river.php', '', 0),
(61, 2, 'river.php', '', 0),
(58, 7, 'river.php', '', 0),
(59, 6, 'river.php', '', 0),
(60, 5, 'river.php', '', 0),
(60, 6, 'desert.php', '', 0),
(61, 6, 'desert.php', '', 0),
(60, 7, 'forest.php', '', 0),
(59, 7, 'forest.php', '', 0),
(61, 5, 'forest.php', '', 0),
(59, 4, 'forest.php', '', 0),
(59, 3, 'forest.php', '', 0),
(59, 2, 'forest.php', '', 0),
(60, 2, 'forest.php', '', 0),
(58, 4, 'forest.php', '', 0),
(61, 7, 'field.php', '', 0),
(42, 7, 'field.php', '', 0),
(42, 8, 'field.php', '', 0),
(60, 4, 'field.php', '', 0),
(61, 4, 'field.php', '', 0),
(61, 3, 'field.php', '', 0),
(60, 3, 'field.php', '', 0),
(58, 5, 'field.php', '', 0),
(58, 6, 'field.php', '', 0),
(58, 0, 'field.php', '', 0),
(57, 2, 'field.php', '', 0),
(49, 2, 'field.php', '', 0),
(59, 5, 'field.php', '', 0),
(59, 0, 'forest.php', '', 0),
(60, 0, 'forest.php', '', 0),
(57, 1, 'forest.php', '', 0),
(57, 0, 'forest.php', '', 0),
(56, 0, 'forest.php', '', 0),
(56, 1, 'forest.php', '', 0),
(56, 2, 'forest.php', '', 0),
(56, 3, 'forest.php', '', 0),
(56, 4, 'forest.php', '', 0),
(56, 5, 'forest.php', '', 0),
(55, 4, 'forest.php', '', 0),
(55, 3, 'forest.php', '', 0),
(54, 4, 'forest.php', '', 0),
(54, 3, 'forest.php', '', 0),
(53, 4, 'forest.php', '', 0),
(53, 3, 'forest.php', '', 0),
(52, 3, 'forest.php', '', 0),
(51, 3, 'forest.php', '', 0),
(50, 3, 'forest.php', '', 0),
(50, 2, 'forest.php', '', 0),
(51, 2, 'forest.php', '', 0),
(52, 2, 'forest.php', '', 0),
(53, 2, 'forest.php', '', 0),
(54, 2, 'forest.php', '', 0),
(55, 2, 'forest.php', '', 0),
(55, 1, 'forest.php', '', 0),
(55, 0, 'forest.php', '', 0),
(54, 0, 'forest.php', '', 0),
(54, 1, 'forest.php', '', 0),
(53, 1, 'forest.php', '', 0),
(53, 0, 'forest.php', '', 0),
(52, 0, 'forest.php', '', 0),
(52, 1, 'forest.php', '', 0),
(51, 1, 'forest.php', '', 0),
(51, 0, 'forest.php', '', 0),
(50, 0, 'forest.php', '', 0),
(50, 1, 'forest.php', '', 0),
(49, 1, 'forest.php', '', 0),
(49, 4, 'forest.php', '', 0),
(49, 5, 'forest.php', '', 0),
(50, 5, 'forest.php', '', 0),
(51, 5, 'forest.php', '', 0),
(51, 6, 'forest.php', '', 0),
(52, 6, 'forest.php', '', 0),
(53, 6, 'forest.php', '', 0),
(53, 7, 'forest.php', '', 0),
(53, 8, 'forest.php', '', 0),
(52, 8, 'forest.php', '', 0),
(52, 7, 'forest.php', '', 0),
(51, 7, 'forest.php', '', 0),
(51, 8, 'forest.php', '', 0),
(50, 8, 'forest.php', '', 0),
(50, 7, 'forest.php', '', 0),
(50, 6, 'forest.php', '', 0),
(49, 6, 'forest.php', '', 0),
(49, 7, 'forest.php', '', 0),
(49, 8, 'forest.php', '', 0),
(48, 6, 'forest.php', '', 0),
(54, 6, 'field.php', '', 0),
(56, 7, 'field.php', '', 0),
(57, 8, 'field.php', '', 0),
(58, 8, 'field.php', '', 0),
(30, 7, 'field.php', '', 0),
(29, 7, 'field.php', '', 0),
(40, 7, 'field.php', '', 0),
(52, 9, 'forest.php', '', 0),
(52, 10, 'forest.php', '', 0),
(51, 10, 'forest.php', '', 0),
(51, 9, 'forest.php', '', 0),
(50, 9, 'forest.php', '', 0),
(50, 10, 'forest.php', '', 0),
(49, 10, 'forest.php', '', 0),
(49, 11, 'forest.php', '', 0),
(49, 12, 'forest.php', '', 0),
(48, 12, 'forest.php', '', 0),
(48, 11, 'forest.php', '', 0),
(48, 10, 'forest.php', '', 0),
(48, 9, 'forest.php', '', 0),
(47, 11, 'forest.php', '', 0),
(47, 12, 'forest.php', '', 0),
(46, 11, 'forest.php', '', 0),
(45, 12, 'forest.php', '', 0),
(45, 13, 'forest.php', '', 0),
(53, 12, 'forest.php', '', 0),
(54, 12, 'forest.php', '', 0),
(54, 13, 'forest.php', '', 0),
(55, 13, 'forest.php', '', 0),
(55, 12, 'forest.php', '', 0),
(56, 12, 'forest.php', '', 0),
(57, 12, 'forest.php', '', 0),
(58, 12, 'forest.php', '', 0),
(59, 12, 'forest.php', '', 0),
(59, 11, 'forest.php', '', 0),
(58, 11, 'forest.php', '', 0),
(57, 11, 'forest.php', '', 0),
(56, 11, 'forest.php', '', 0),
(56, 10, 'forest.php', '', 0),
(58, 10, 'forest.php', '', 0),
(59, 10, 'forest.php', '', 0),
(58, 9, 'forest.php', '', 0),
(57, 9, 'forest.php', '', 0),
(56, 9, 'forest.php', '', 0),
(57, 10, 'forest.php', '', 0),
(61, 9, 'forest.php', '', 0),
(61, 10, 'forest.php', '', 0),
(43, 10, 'forest.php', '', 0),
(43, 9, 'forest.php', '', 0),
(42, 9, 'forest.php', '', 0),
(42, 10, 'forest.php', '', 0),
(41, 10, 'forest.php', '', 0),
(41, 9, 'forest.php', '', 0),
(40, 10, 'forest.php', '', 0),
(40, 11, 'forest.php', '', 0),
(38, 12, 'forest.php', '', 0),
(38, 11, 'forest.php', '', 0),
(38, 10, 'forest.php', '', 0),
(38, 9, 'forest.php', '', 0),
(39, 9, 'forest.php', '', 0),
(39, 8, 'forest.php', '', 0),
(40, 8, 'forest.php', '', 0),
(37, 10, 'forest.php', '', 0),
(37, 11, 'forest.php', '', 0),
(37, 12, 'forest.php', '', 0),
(37, 13, 'forest.php', '', 0),
(37, 14, 'forest.php', '', 0),
(37, 15, 'forest.php', '', 0),
(36, 15, 'forest.php', '', 0),
(36, 13, 'forest.php', '', 0),
(36, 14, 'forest.php', '', 0),
(36, 12, 'forest.php', '', 0),
(36, 11, 'forest.php', '', 0),
(36, 10, 'forest.php', '', 0),
(36, 9, 'forest.php', '', 0),
(42, 14, 'forest.php', '', 0),
(42, 15, 'forest.php', '', 0),
(40, 15, 'forest.php', '', 0),
(40, 14, 'forest.php', '', 0),
(39, 14, 'forest.php', '', 0),
(39, 15, 'forest.php', '', 0),
(35, 13, 'forest.php', '', 0),
(35, 12, 'forest.php', '', 0),
(35, 11, 'forest.php', '', 0),
(35, 10, 'forest.php', '', 0),
(34, 10, 'forest.php', '', 0),
(34, 11, 'forest.php', '', 0),
(34, 12, 'forest.php', '', 0),
(34, 13, 'forest.php', '', 0),
(33, 13, 'forest.php', '', 0),
(33, 12, 'forest.php', '', 0),
(33, 11, 'forest.php', '', 0),
(33, 10, 'forest.php', '', 0),
(32, 9, 'forest.php', '', 0),
(32, 10, 'forest.php', '', 0),
(32, 11, 'forest.php', '', 0),
(32, 12, 'forest.php', '', 0),
(32, 13, 'forest.php', '', 0),
(31, 11, 'forest.php', '', 0),
(31, 10, 'forest.php', '', 0),
(31, 9, 'forest.php', '', 0),
(30, 9, 'forest.php', '', 0),
(30, 10, 'forest.php', '', 0),
(29, 9, 'forest.php', '', 0),
(32, 7, 'forest.php', '', 0),
(32, 6, 'forest.php', '', 0),
(31, 6, 'forest.php', '', 0),
(31, 7, 'forest.php', '', 0),
(30, 6, 'forest.php', '', 0),
(29, 6, 'forest.php', '', 0),
(30, 5, 'forest.php', '', 0),
(34, 7, 'forest.php', '', 0),
(34, 8, 'forest.php', '', 0),
(37, 7, 'forest.php', '', 0),
(37, 6, 'forest.php', '', 0),
(39, 6, 'forest.php', '', 0),
(39, 5, 'forest.php', '', 0),
(44, 1, 'forest.php', '', 0),
(45, 1, 'forest.php', '', 0),
(46, 1, 'forest.php', '', 0),
(45, 2, 'forest.php', '', 0),
(45, 3, 'forest.php', '', 0),
(45, 4, 'forest.php', '', 0),
(44, 4, 'forest.php', '', 0),
(44, 3, 'forest.php', '', 0),
(44, 2, 'forest.php', '', 0),
(35, 17, 'forest.php', '', 0),
(35, 18, 'forest.php', '', 0),
(34, 19, 'forest.php', '', 0),
(34, 18, 'forest.php', '', 0),
(34, 17, 'forest.php', '', 0),
(33, 17, 'forest.php', '', 0),
(33, 18, 'forest.php', '', 0),
(33, 19, 'forest.php', '', 0),
(32, 18, 'forest.php', '', 0),
(32, 17, 'forest.php', '', 0),
(31, 17, 'forest.php', '', 0),
(31, 18, 'forest.php', '', 0),
(30, 18, 'forest.php', '', 0),
(30, 17, 'forest.php', '', 0),
(30, 16, 'forest.php', '', 0),
(29, 17, 'forest.php', '', 0),
(29, 18, 'forest.php', '', 0),
(28, 15, 'forest.php', '', 0),
(28, 14, 'forest.php', '', 0),
(26, 14, 'forest.php', '', 0),
(26, 15, 'forest.php', '', 0),
(27, 14, 'forest.php', '', 0),
(27, 13, 'forest.php', '', 0),
(28, 13, 'forest.php', '', 0),
(29, 13, 'forest.php', '', 0),
(29, 14, 'forest.php', '', 0),
(29, 12, 'forest.php', '', 0),
(29, 11, 'forest.php', '', 0),
(28, 10, 'forest.php', '', 0),
(28, 11, 'forest.php', '', 0),
(28, 12, 'forest.php', '', 0),
(28, 8, 'forest.php', '', 0),
(28, 7, 'forest.php', '', 0),
(27, 7, 'forest.php', '', 0),
(27, 8, 'forest.php', '', 0),
(25, 12, 'field.php', '', 0),
(28, 58, 'coast.php', '', 0),
(28, 59, 'coast.php', '', 0),
(28, 60, 'coast.php', '', 0),
(28, 61, 'coast.php', '', 0),
(28, 62, 'coast.php', '', 0),
(28, 63, 'coast.php', '', 0),
(29, 64, 'coast.php', '', 0),
(30, 65, 'coast.php', '', 0),
(31, 66, 'coast.php', '', 0),
(32, 66, 'coast.php', '', 0),
(32, 67, 'coast.php', '', 0),
(32, 68, 'coast.php', '', 0),
(31, 69, 'coast.php', '', 0),
(31, 70, 'coast.php', '', 0),
(30, 71, 'coast.php', '', 0),
(29, 71, 'coast.php', '', 0),
(29, 72, 'coast.php', '', 0),
(30, 73, 'coast.php', '', 0),
(31, 74, 'coast.php', '', 0),
(32, 75, 'coast.php', '', 0),
(33, 76, 'coast.php', '', 0),
(34, 77, 'coast.php', '', 0),
(35, 77, 'coast.php', '', 0),
(36, 78, 'coast.php', '', 0),
(36, 79, 'coast.php', '', 0),
(36, 80, 'coast.php', '', 0),
(35, 81, 'coast.php', '', 0),
(35, 82, 'coast.php', '', 0),
(35, 83, 'coast.php', '', 0),
(36, 84, 'coast.php', '', 0),
(35, 85, 'coast.php', '', 0),
(36, 86, 'coast.php', '', 0),
(37, 87, 'coast.php', '', 0),
(38, 87, 'coast.php', '', 0),
(39, 87, 'coast.php', '', 0),
(40, 87, 'coast.php', '', 0),
(41, 87, 'coast.php', '', 0),
(42, 88, 'coast.php', '', 0),
(43, 89, 'coast.php', '', 0),
(44, 89, 'coast.php', '', 0),
(45, 89, 'coast.php', '', 0),
(46, 89, 'coast.php', '', 0),
(48, 89, 'coast.php', '', 0),
(49, 89, 'coast.php', '', 0),
(47, 90, 'coast.php', '', 0),
(50, 89, 'coast.php', '', 0),
(51, 89, 'coast.php', '', 0),
(52, 89, 'coast.php', '', 0),
(53, 89, 'coast.php', '', 0),
(54, 89, 'coast.php', '', 0),
(54, 88, 'coast.php', '', 0),
(55, 88, 'coast.php', '', 0),
(56, 88, 'coast.php', '', 0),
(56, 89, 'coast.php', '', 0),
(55, 89, 'coast.php', '', 0),
(54, 90, 'coast.php', '', 0),
(54, 91, 'coast.php', '', 0),
(55, 91, 'coast.php', '', 0),
(56, 92, 'coast.php', '', 0),
(57, 93, 'coast.php', '', 0),
(57, 94, 'coast.php', '', 0),
(58, 94, 'coast.php', '', 0),
(59, 94, 'coast.php', '', 0),
(60, 95, 'coast.php', '', 0),
(60, 96, 'coast.php', '', 0),
(60, 97, 'coast.php', '', 0),
(59, 97, 'coast.php', '', 0),
(58, 97, 'coast.php', '', 0),
(57, 97, 'coast.php', '', 0),
(56, 97, 'coast.php', '', 0),
(55, 98, 'coast.php', '', 0),
(54, 98, 'coast.php', '', 0),
(54, 99, 'coast.php', '', 0),
(55, 100, 'coast.php', '', 0),
(55, 101, 'coast.php', '', 0),
(55, 102, 'coast.php', '', 0),
(56, 103, 'coast.php', '', 0),
(56, 104, 'coast.php', '', 0),
(55, 104, 'coast.php', '', 0),
(54, 103, 'coast.php', '', 0),
(53, 103, 'coast.php', '', 0),
(52, 103, 'coast.php', '', 0),
(51, 104, 'coast.php', '', 0),
(50, 103, 'coast.php', '', 0),
(49, 104, 'coast.php', '', 0),
(50, 105, 'coast.php', '', 0),
(50, 106, 'coast.php', '', 0),
(50, 107, 'coast.php', '', 0),
(49, 107, 'coast.php', '', 0),
(48, 106, 'coast.php', '', 0),
(47, 105, 'coast.php', '', 0),
(46, 105, 'coast.php', '', 0),
(46, 106, 'coast.php', '', 0),
(45, 106, 'coast.php', '', 0),
(45, 107, 'coast.php', '', 0),
(44, 108, 'coast.php', '', 0),
(44, 109, 'coast.php', '', 0),
(44, 110, 'coast.php', '', 0),
(43, 111, 'coast.php', '', 0),
(42, 112, 'coast.php', '', 0),
(41, 112, 'coast.php', '', 0),
(40, 112, 'coast.php', '', 0),
(39, 112, 'coast.php', '', 0),
(38, 112, 'coast.php', '', 0),
(38, 113, 'coast.php', '', 0),
(38, 114, 'coast.php', '', 0),
(38, 115, 'coast.php', '', 0),
(37, 116, 'coast.php', '', 0),
(36, 117, 'coast.php', '', 0),
(36, 118, 'coast.php', '', 0),
(37, 119, 'coast.php', '', 0),
(38, 120, 'coast.php', '', 0),
(38, 121, 'coast.php', '', 0),
(38, 122, 'coast.php', '', 0),
(39, 122, 'coast.php', '', 0),
(39, 123, 'coast.php', '', 0),
(38, 124, 'coast.php', '', 0),
(38, 125, 'coast.php', '', 0),
(37, 126, 'coast.php', '', 0),
(38, 127, 'coast.php', '', 0),
(39, 128, 'coast.php', '', 0),
(40, 129, 'coast.php', '', 0),
(40, 130, 'coast.php', '', 0),
(40, 131, 'coast.php', '', 0),
(40, 132, 'coast.php', '', 0),
(40, 133, 'coast.php', '', 0),
(39, 134, 'coast.php', '', 0),
(39, 135, 'coast.php', '', 0),
(39, 136, 'coast.php', '', 0),
(39, 137, 'coast.php', '', 0),
(39, 138, 'coast.php', '', 0),
(38, 138, 'coast.php', '', 0),
(37, 139, 'coast.php', '', 0),
(36, 139, 'coast.php', '', 0),
(35, 140, 'coast.php', '', 0),
(35, 141, 'coast.php', '', 0),
(35, 142, 'coast.php', '', 0),
(34, 143, 'coast.php', '', 0),
(43, 143, 'coast.php', '', 0),
(43, 142, 'coast.php', '', 0),
(43, 141, 'coast.php', '', 0),
(44, 140, 'coast.php', '', 0),
(45, 140, 'coast.php', '', 0),
(46, 140, 'coast.php', '', 0),
(47, 140, 'coast.php', '', 0),
(48, 140, 'coast.php', '', 0),
(48, 139, 'coast.php', '', 0),
(49, 139, 'coast.php', '', 0),
(50, 139, 'coast.php', '', 0),
(51, 139, 'coast.php', '', 0),
(51, 138, 'coast.php', '', 0),
(51, 137, 'coast.php', '', 0),
(51, 136, 'coast.php', '', 0),
(51, 135, 'coast.php', '', 0),
(51, 134, 'coast.php', '', 0),
(52, 133, 'coast.php', '', 0),
(53, 132, 'coast.php', '', 0),
(54, 131, 'coast.php', '', 0),
(55, 131, 'coast.php', '', 0),
(56, 130, 'coast.php', '', 0),
(57, 129, 'coast.php', '', 0),
(58, 129, 'coast.php', '', 0),
(59, 128, 'coast.php', '', 0),
(60, 128, 'coast.php', '', 0),
(60, 127, 'coast.php', '', 0),
(61, 126, 'coast.php', '', 0),
(61, 87, 'coast.php', '', 0),
(60, 86, 'coast.php', '', 0),
(59, 85, 'coast.php', '', 0),
(58, 85, 'coast.php', '', 0),
(57, 85, 'coast.php', '', 0),
(56, 86, 'coast.php', '', 0),
(55, 86, 'coast.php', '', 0),
(54, 86, 'coast.php', '', 0),
(54, 85, 'coast.php', '', 0),
(53, 85, 'coast.php', '', 0),
(52, 85, 'coast.php', '', 0),
(51, 85, 'coast.php', '', 0),
(50, 85, 'coast.php', '', 0),
(49, 85, 'coast.php', '', 0),
(48, 84, 'coast.php', '', 0),
(47, 84, 'coast.php', '', 0),
(46, 83, 'coast.php', '', 0),
(45, 82, 'coast.php', '', 0),
(44, 81, 'coast.php', '', 0),
(43, 81, 'coast.php', '', 0),
(42, 80, 'coast.php', '', 0),
(43, 79, 'coast.php', '', 0),
(42, 78, 'coast.php', '', 0),
(41, 77, 'coast.php', '', 0),
(42, 77, 'coast.php', '', 0),
(43, 76, 'coast.php', '', 0),
(43, 75, 'coast.php', '', 0),
(42, 74, 'coast.php', '', 0),
(41, 74, 'coast.php', '', 0),
(41, 73, 'coast.php', '', 0),
(41, 72, 'coast.php', '', 0),
(41, 71, 'coast.php', '', 0),
(42, 70, 'coast.php', '', 0),
(43, 70, 'coast.php', '', 0),
(43, 71, 'coast.php', '', 0),
(43, 72, 'coast.php', '', 0),
(44, 73, 'coast.php', '', 0),
(45, 74, 'coast.php', '', 0),
(44, 74, 'coast.php', '', 0),
(45, 73, 'coast.php', '', 0),
(47, 74, 'coast.php', '', 0),
(46, 74, 'coast.php', '', 0),
(48, 74, 'coast.php', '', 0),
(49, 74, 'coast.php', '', 0),
(50, 74, 'coast.php', '', 0),
(51, 74, 'coast.php', '', 0),
(52, 74, 'coast.php', '', 0),
(53, 73, 'coast.php', '', 0),
(53, 72, 'coast.php', '', 0),
(52, 71, 'coast.php', '', 0),
(53, 70, 'coast.php', '', 0),
(53, 69, 'coast.php', '', 0),
(54, 71, 'coast.php', '', 0),
(54, 72, 'coast.php', '', 0),
(55, 73, 'coast.php', '', 0),
(55, 74, 'coast.php', '', 0),
(56, 74, 'coast.php', '', 0),
(57, 74, 'coast.php', '', 0),
(58, 74, 'coast.php', '', 0),
(59, 73, 'coast.php', '', 0),
(59, 72, 'coast.php', '', 0),
(60, 71, 'coast.php', '', 0),
(61, 70, 'coast.php', '', 0),
(61, 28, 'coast.php', '', 0),
(60, 29, 'coast.php', '', 0),
(61, 29, 'coast.php', '', 0),
(61, 30, 'coast.php', '', 0),
(61, 31, 'coast.php', '', 0),
(61, 32, 'coast.php', '', 0),
(60, 33, 'coast.php', '', 0),
(60, 34, 'coast.php', '', 0),
(60, 35, 'coast.php', '', 0),
(59, 36, 'coast.php', '', 0),
(58, 37, 'coast.php', '', 0),
(58, 38, 'coast.php', '', 0),
(57, 39, 'coast.php', '', 0),
(58, 39, 'coast.php', '', 0),
(59, 39, 'coast.php', '', 0),
(60, 38, 'coast.php', '', 0),
(61, 38, 'coast.php', '', 0),
(60, 36, 'forest.php', '', 0),
(60, 37, 'forest.php', '', 0),
(59, 37, 'field.php', '', 0),
(59, 38, 'field.php', '', 0),
(61, 37, 'field.php', '', 0),
(61, 36, 'field.php', '', 0),
(61, 35, 'field.php', '', 0),
(61, 34, 'field.php', '', 0),
(61, 33, 'field.php', '', 0),
(60, 28, 'coast.php', '', 0),
(9, 62, 'mountain.php', '', 0),
(8, 62, 'mountain.php', '', 0),
(8, 63, 'mountain.php', '', 0),
(9, 63, 'mountain.php', '', 0),
(10, 63, 'mountain.php', '', 0),
(10, 64, 'mountain.php', '', 0),
(9, 64, 'mountain.php', '', 0),
(8, 64, 'mountain.php', '', 0),
(11, 64, 'mountain.php', '', 0),
(12, 64, 'mountain.php', '', 0),
(13, 64, 'mountain.php', '', 0),
(14, 64, 'mountain.php', '', 0),
(15, 64, 'mountain.php', '', 0),
(15, 65, 'mountain.php', '', 0),
(14, 65, 'mountain.php', '', 0),
(12, 65, 'river.php', '', 0),
(12, 66, 'river.php', '', 0),
(12, 67, 'river.php', '', 0),
(13, 67, 'river.php', '', 0),
(14, 67, 'river.php', '', 0),
(15, 66, 'river.php', '', 0),
(16, 66, 'river.php', '', 0),
(17, 67, 'river.php', '', 0),
(17, 68, 'river.php', '', 0),
(17, 69, 'river.php', '', 0),
(18, 70, 'river.php', '', 0),
(19, 70, 'river.php', '', 0),
(20, 69, 'river.php', '', 0),
(20, 68, 'river.php', '', 0),
(21, 68, 'river.php', '', 0),
(22, 68, 'river.php', '', 0),
(22, 69, 'river.php', '', 0),
(22, 70, 'river.php', '', 0),
(22, 71, 'river.php', '', 0),
(22, 72, 'river.php', '', 0),
(23, 73, 'river.php', '', 0),
(22, 73, 'river.php', '', 0),
(24, 73, 'river.php', '', 0),
(25, 72, 'river.php', '', 0),
(26, 72, 'river.php', '', 0),
(27, 72, 'river.php', '', 0),
(27, 73, 'river.php', '', 0),
(30, 74, 'river.php', '', 0),
(22, 74, 'river.php', '', 0),
(21, 74, 'river.php', '', 0),
(21, 75, 'river.php', '', 0),
(21, 76, 'river.php', '', 0),
(20, 76, 'river.php', '', 0),
(19, 76, 'river.php', '', 0),
(18, 76, 'river.php', '', 0),
(17, 76, 'river.php', '', 0),
(16, 77, 'river.php', '', 0),
(12, 80, 'river.php', '', 0),
(11, 80, 'river.php', '', 0),
(9, 80, 'river.php', '', 0),
(10, 81, 'river.php', '', 0),
(10, 82, 'river.php', '', 0),
(9, 82, 'river.php', '', 0),
(8, 82, 'river.php', '', 0),
(7, 82, 'river.php', '', 0),
(7, 81, 'river.php', '', 0),
(8, 80, 'river.php', '', 0),
(7, 79, 'river.php', '', 0),
(8, 78, 'river.php', '', 0),
(9, 77, 'river.php', '', 0),
(10, 77, 'river.php', '', 0),
(11, 76, 'river.php', '', 0),
(8, 77, 'river.php', '', 0),
(7, 76, 'river.php', '', 0),
(6, 76, 'river.php', '', 0),
(5, 77, 'river.php', '', 0),
(4, 78, 'river.php', '', 0),
(4, 79, 'river.php', '', 0),
(3, 79, 'river.php', '', 0),
(2, 79, 'river.php', '', 0),
(1, 79, 'river.php', '', 0),
(0, 78, 'river.php', '', 0),
(1, 77, 'river.php', '', 0),
(2, 76, 'river.php', '', 0),
(2, 75, 'river.php', '', 0),
(1, 74, 'river.php', '', 0),
(0, 73, 'river.php', '', 0),
(19, 86, 'river.php', '', 0),
(20, 87, 'river.php', '', 0),
(20, 88, 'river.php', '', 0),
(21, 89, 'river.php', '', 0),
(22, 89, 'river.php', '', 0),
(23, 90, 'river.php', '', 0),
(24, 90, 'river.php', '', 0),
(22, 90, 'river.php', '', 0),
(21, 91, 'river.php', '', 0),
(21, 92, 'river.php', '', 0),
(21, 93, 'river.php', '', 0),
(21, 94, 'river.php', '', 0),
(20, 93, 'river.php', '', 0),
(19, 93, 'river.php', '', 0),
(18, 94, 'river.php', '', 0),
(17, 95, 'river.php', '', 0),
(21, 95, 'river.php', '', 0),
(22, 96, 'river.php', '', 0),
(22, 97, 'river.php', '', 0),
(21, 98, 'river.php', '', 0),
(22, 99, 'river.php', '', 0),
(21, 99, 'river.php', '', 0),
(23, 99, 'river.php', '', 0),
(24, 99, 'river.php', '', 0),
(27, 97, 'river.php', '', 0),
(27, 96, 'river.php', '', 0),
(27, 95, 'river.php', '', 0),
(25, 91, 'river.php', '', 0),
(25, 90, 'river.php', '', 0),
(25, 92, 'river.php', '', 0),
(25, 93, 'river.php', '', 0),
(26, 93, 'river.php', '', 0),
(27, 93, 'river.php', '', 0),
(28, 92, 'river.php', '', 0),
(29, 91, 'river.php', '', 0),
(30, 92, 'river.php', '', 0),
(31, 92, 'river.php', '', 0),
(32, 93, 'river.php', '', 0),
(28, 95, 'river.php', '', 0),
(29, 95, 'river.php', '', 0),
(30, 95, 'river.php', '', 0),
(31, 95, 'river.php', '', 0),
(32, 94, 'river.php', '', 0),
(33, 94, 'river.php', '', 0),
(34, 94, 'river.php', '', 0),
(35, 93, 'river.php', '', 0),
(36, 93, 'river.php', '', 0),
(37, 93, 'river.php', '', 0),
(38, 94, 'river.php', '', 0),
(39, 94, 'river.php', '', 0),
(40, 95, 'river.php', '', 0),
(41, 95, 'river.php', '', 0),
(42, 96, 'river.php', '', 0),
(43, 97, 'river.php', '', 0),
(44, 98, 'river.php', '', 0),
(45, 98, 'river.php', '', 0),
(46, 98, 'river.php', '', 0),
(47, 98, 'river.php', '', 0),
(48, 98, 'river.php', '', 0),
(49, 98, 'river.php', '', 0),
(50, 98, 'river.php', '', 0),
(51, 99, 'river.php', '', 0),
(51, 100, 'river.php', '', 0),
(51, 101, 'river.php', '', 0),
(51, 102, 'river.php', '', 0),
(51, 103, 'river.php', '', 0),
(0, 101, 'river.php', '', 0),
(0, 99, 'river.php', '', 0),
(1, 98, 'river.php', '', 0),
(2, 99, 'river.php', '', 0),
(2, 98, 'river.php', '', 0),
(3, 98, 'river.php', '', 0),
(3, 100, 'river.php', '', 0),
(4, 100, 'river.php', '', 0),
(5, 100, 'river.php', '', 0),
(6, 100, 'river.php', '', 0),
(7, 100, 'river.php', '', 0),
(8, 100, 'river.php', '', 0),
(9, 100, 'river.php', '', 0),
(10, 99, 'river.php', '', 0),
(9, 101, 'river.php', '', 0),
(10, 102, 'river.php', '', 0),
(11, 101, 'river.php', '', 0),
(11, 100, 'river.php', '', 0),
(12, 100, 'river.php', '', 0),
(13, 100, 'river.php', '', 0),
(14, 100, 'river.php', '', 0),
(10, 103, 'river.php', '', 0),
(10, 104, 'river.php', '', 0),
(9, 108, 'river.php', '', 0),
(8, 107, 'river.php', '', 0),
(7, 106, 'river.php', '', 0),
(6, 106, 'river.php', '', 0),
(6, 107, 'river.php', '', 0),
(6, 108, 'river.php', '', 0),
(5, 109, 'river.php', '', 0),
(4, 108, 'river.php', '', 0),
(4, 107, 'river.php', '', 0),
(3, 106, 'river.php', '', 0),
(4, 105, 'river.php', '', 0),
(5, 104, 'river.php', '', 0),
(3, 105, 'river.php', '', 0),
(3, 104, 'river.php', '', 0),
(2, 104, 'river.php', '', 0),
(1, 105, 'river.php', '', 0),
(0, 105, 'river.php', '', 0),
(4, 120, 'river.php', '', 0),
(3, 120, 'river.php', '', 0),
(2, 120, 'river.php', '', 0),
(1, 120, 'river.php', '', 0),
(0, 120, 'river.php', '', 0),
(0, 119, 'river.php', '', 0),
(1, 118, 'river.php', '', 0),
(1, 117, 'river.php', '', 0),
(2, 116, 'river.php', '', 0),
(3, 115, 'river.php', '', 0),
(4, 115, 'river.php', '', 0),
(5, 115, 'river.php', '', 0),
(6, 114, 'river.php', '', 0),
(7, 113, 'river.php', '', 0),
(8, 113, 'river.php', '', 0),
(26, 109, 'river.php', '', 0),
(27, 109, 'river.php', '', 0),
(28, 109, 'river.php', '', 0),
(29, 109, 'river.php', '', 0),
(30, 109, 'river.php', '', 0),
(31, 110, 'river.php', '', 0),
(32, 111, 'river.php', '', 0),
(33, 111, 'river.php', '', 0),
(32, 112, 'river.php', '', 0),
(31, 113, 'river.php', '', 0),
(30, 113, 'river.php', '', 0),
(29, 113, 'river.php', '', 0),
(28, 114, 'river.php', '', 0),
(27, 115, 'river.php', '', 0),
(34, 111, 'river.php', '', 0),
(35, 110, 'river.php', '', 0),
(35, 108, 'river.php', '', 0),
(36, 109, 'river.php', '', 0),
(37, 109, 'river.php', '', 0),
(38, 109, 'river.php', '', 0),
(39, 110, 'river.php', '', 0),
(39, 111, 'river.php', '', 0),
(2, 131, 'river.php', '', 0),
(2, 132, 'river.php', '', 0),
(3, 132, 'river.php', '', 0),
(3, 133, 'river.php', '', 0),
(3, 134, 'river.php', '', 0),
(3, 135, 'river.php', '', 0),
(2, 136, 'river.php', '', 0),
(2, 137, 'river.php', '', 0),
(2, 138, 'river.php', '', 0),
(3, 139, 'river.php', '', 0),
(3, 140, 'river.php', '', 0),
(3, 141, 'river.php', '', 0),
(2, 141, 'river.php', '', 0),
(2, 142, 'river.php', '', 0),
(1, 143, 'river.php', '', 0),
(14, 141, 'river.php', '', 0),
(13, 141, 'river.php', '', 0),
(14, 140, 'river.php', '', 0),
(15, 140, 'river.php', '', 0),
(16, 139, 'river.php', '', 0),
(17, 139, 'river.php', '', 0),
(18, 139, 'river.php', '', 0),
(17, 138, 'river.php', '', 0),
(17, 137, 'river.php', '', 0),
(16, 136, 'river.php', '', 0),
(16, 135, 'river.php', '', 0),
(19, 139, 'river.php', '', 0),
(20, 138, 'river.php', '', 0),
(20, 137, 'river.php', '', 0),
(21, 137, 'river.php', '', 0),
(22, 137, 'river.php', '', 0),
(23, 137, 'river.php', '', 0),
(23, 136, 'river.php', '', 0),
(23, 135, 'river.php', '', 0),
(24, 134, 'river.php', '', 0),
(24, 133, 'river.php', '', 0),
(24, 132, 'river.php', '', 0),
(24, 131, 'river.php', '', 0),
(22, 131, 'river.php', '', 0),
(21, 131, 'river.php', '', 0),
(21, 130, 'river.php', '', 0),
(24, 138, 'river.php', '', 0),
(25, 138, 'river.php', '', 0),
(26, 138, 'river.php', '', 0),
(27, 138, 'river.php', '', 0),
(28, 138, 'river.php', '', 0),
(29, 138, 'river.php', '', 0),
(30, 138, 'river.php', '', 0),
(31, 139, 'river.php', '', 0),
(32, 140, 'river.php', '', 0),
(33, 140, 'river.php', '', 0),
(34, 140, 'river.php', '', 0),
(53, 133, 'river.php', '', 0),
(54, 133, 'river.php', '', 0),
(54, 134, 'river.php', '', 0),
(55, 134, 'river.php', '', 0),
(56, 133, 'river.php', '', 0),
(55, 133, 'river.php', '', 0),
(57, 134, 'river.php', '', 0),
(58, 134, 'river.php', '', 0),
(59, 133, 'river.php', '', 0),
(60, 132, 'river.php', '', 0),
(61, 132, 'river.php', '', 0),
(44, 77, 'river.php', '', 0),
(44, 78, 'river.php', '', 0),
(47, 79, 'river.php', '', 0),
(48, 78, 'river.php', '', 0),
(48, 79, 'river.php', '', 0),
(49, 80, 'river.php', '', 0),
(49, 81, 'river.php', '', 0),
(49, 82, 'river.php', '', 0),
(50, 82, 'river.php', '', 0),
(49, 77, 'river.php', '', 0),
(50, 77, 'river.php', '', 0),
(52, 78, 'river.php', '', 0),
(53, 79, 'river.php', '', 0),
(53, 78, 'river.php', '', 0),
(53, 80, 'river.php', '', 0),
(54, 81, 'river.php', '', 0),
(55, 81, 'river.php', '', 0),
(56, 81, 'river.php', '', 0),
(56, 80, 'river.php', '', 0),
(57, 79, 'river.php', '', 0),
(57, 80, 'river.php', '', 0),
(58, 79, 'river.php', '', 0),
(60, 80, 'river.php', '', 0),
(60, 81, 'river.php', '', 0),
(61, 82, 'river.php', '', 0),
(54, 79, 'river.php', '', 0),
(54, 78, 'river.php', '', 0),
(54, 77, 'river.php', '', 0),
(57, 76, 'river.php', '', 0),
(58, 76, 'river.php', '', 0),
(16, 67, 'desert.php', '', 0),
(16, 68, 'desert.php', '', 0),
(16, 69, 'desert.php', '', 0),
(16, 70, 'desert.php', '', 0),
(17, 70, 'desert.php', '', 0),
(17, 71, 'desert.php', '', 0),
(17, 72, 'desert.php', '', 0),
(18, 72, 'desert.php', '', 0),
(18, 73, 'desert.php', '', 0),
(17, 73, 'desert.php', '', 0),
(17, 74, 'desert.php', '', 0),
(15, 70, 'desert.php', '', 0),
(17, 75, 'desert.php', '', 0),
(18, 77, 'desert.php', '', 0),
(19, 77, 'desert.php', '', 0),
(19, 78, 'desert.php', '', 0),
(19, 79, 'desert.php', '', 0),
(7, 68, 'desert.php', '', 0),
(7, 69, 'desert.php', '', 0),
(7, 70, 'desert.php', '', 0),
(7, 71, 'desert.php', '', 0),
(6, 70, 'desert.php', '', 0),
(6, 69, 'desert.php', '', 0),
(9, 74, 'desert.php', '', 0),
(9, 75, 'desert.php', '', 0),
(7, 83, 'desert.php', '', 0),
(34, 95, 'desert.php', '', 0),
(33, 95, 'desert.php', '', 0),
(38, 95, 'desert.php', '', 0),
(3, 91, 'desert.php', '', 0),
(3, 92, 'desert.php', '', 0),
(0, 93, 'desert.php', '', 0),
(0, 94, 'desert.php', '', 0),
(34, 102, 'desert.php', '', 0),
(33, 102, 'desert.php', '', 0),
(33, 103, 'desert.php', '', 0),
(32, 103, 'desert.php', '', 0),
(31, 104, 'desert.php', '', 0),
(35, 99, 'desert.php', '', 0),
(36, 99, 'desert.php', '', 0),
(10, 65, 'mountain.php', '', 0),
(9, 65, 'mountain.php', '', 0),
(8, 66, 'mountain.php', '', 0),
(9, 66, 'mountain.php', '', 0),
(10, 66, 'mountain.php', '', 0),
(10, 67, 'mountain.php', '', 0),
(9, 67, 'mountain.php', '', 0),
(8, 67, 'mountain.php', '', 0),
(10, 68, 'mountain.php', '', 0),
(11, 68, 'mountain.php', '', 0),
(11, 67, 'mountain.php', '', 0),
(12, 68, 'mountain.php', '', 0),
(11, 69, 'mountain.php', '', 0),
(10, 69, 'mountain.php', '', 0),
(11, 70, 'mountain.php', '', 0),
(11, 71, 'mountain.php', '', 0),
(12, 71, 'mountain.php', '', 0),
(12, 72, 'mountain.php', '', 0),
(11, 72, 'mountain.php', '', 0),
(11, 73, 'mountain.php', '', 0),
(12, 73, 'mountain.php', '', 0),
(13, 73, 'mountain.php', '', 0),
(10, 73, 'mountain.php', '', 0),
(11, 74, 'mountain.php', '', 0),
(12, 74, 'mountain.php', '', 0),
(13, 74, 'mountain.php', '', 0),
(14, 75, 'mountain.php', '', 0),
(13, 75, 'mountain.php', '', 0),
(12, 75, 'mountain.php', '', 0),
(12, 76, 'mountain.php', '', 0),
(13, 76, 'mountain.php', '', 0),
(14, 76, 'mountain.php', '', 0),
(13, 77, 'mountain.php', '', 0),
(12, 79, 'mountain.php', '', 0),
(11, 79, 'mountain.php', '', 0),
(11, 81, 'mountain.php', '', 0),
(11, 82, 'mountain.php', '', 0),
(9, 81, 'mountain.php', '', 0),
(10, 83, 'mountain.php', '', 0),
(10, 84, 'mountain.php', '', 0),
(9, 84, 'mountain.php', '', 0),
(9, 83, 'mountain.php', '', 0),
(17, 85, 'mountain.php', '', 0),
(17, 86, 'mountain.php', '', 0),
(18, 86, 'mountain.php', '', 0),
(18, 85, 'mountain.php', '', 0),
(18, 87, 'mountain.php', '', 0),
(18, 88, 'mountain.php', '', 0),
(19, 88, 'mountain.php', '', 0),
(17, 87, 'mountain.php', '', 0),
(11, 86, 'mountain.php', '', 0),
(12, 86, 'mountain.php', '', 0),
(11, 87, 'mountain.php', '', 0),
(11, 88, 'mountain.php', '', 0),
(10, 88, 'mountain.php', '', 0),
(10, 87, 'mountain.php', '', 0),
(9, 87, 'mountain.php', '', 0),
(9, 88, 'mountain.php', '', 0),
(8, 88, 'mountain.php', '', 0),
(8, 87, 'mountain.php', '', 0),
(18, 89, 'mountain.php', '', 0),
(19, 89, 'mountain.php', '', 0),
(20, 89, 'mountain.php', '', 0),
(20, 90, 'mountain.php', '', 0),
(19, 90, 'mountain.php', '', 0),
(19, 91, 'mountain.php', '', 0),
(19, 92, 'mountain.php', '', 0),
(18, 92, 'mountain.php', '', 0),
(18, 91, 'mountain.php', '', 0),
(17, 93, 'mountain.php', '', 0),
(18, 93, 'mountain.php', '', 0),
(17, 94, 'mountain.php', '', 0),
(22, 91, 'mountain.php', '', 0),
(22, 92, 'mountain.php', '', 0),
(23, 92, 'mountain.php', '', 0),
(24, 92, 'mountain.php', '', 0),
(24, 93, 'mountain.php', '', 0),
(23, 93, 'mountain.php', '', 0),
(22, 93, 'mountain.php', '', 0),
(23, 94, 'mountain.php', '', 0),
(22, 94, 'mountain.php', '', 0),
(24, 94, 'mountain.php', '', 0),
(23, 95, 'mountain.php', '', 0),
(24, 95, 'mountain.php', '', 0),
(25, 95, 'mountain.php', '', 0),
(23, 96, 'mountain.php', '', 0),
(24, 96, 'mountain.php', '', 0),
(25, 96, 'mountain.php', '', 0),
(26, 97, 'mountain.php', '', 0),
(25, 97, 'mountain.php', '', 0),
(24, 97, 'mountain.php', '', 0),
(25, 98, 'mountain.php', '', 0),
(26, 98, 'mountain.php', '', 0),
(25, 99, 'mountain.php', '', 0),
(26, 99, 'mountain.php', '', 0),
(27, 99, 'mountain.php', '', 0),
(27, 98, 'mountain.php', '', 0),
(28, 98, 'mountain.php', '', 0),
(28, 99, 'mountain.php', '', 0),
(28, 97, 'mountain.php', '', 0),
(29, 97, 'mountain.php', '', 0),
(30, 97, 'mountain.php', '', 0),
(30, 96, 'mountain.php', '', 0),
(31, 96, 'mountain.php', '', 0),
(31, 97, 'mountain.php', '', 0),
(32, 97, 'mountain.php', '', 0),
(32, 96, 'mountain.php', '', 0),
(33, 96, 'mountain.php', '', 0),
(33, 97, 'mountain.php', '', 0),
(34, 96, 'mountain.php', '', 0),
(35, 96, 'mountain.php', '', 0),
(36, 96, 'mountain.php', '', 0),
(37, 97, 'mountain.php', '', 0),
(37, 96, 'mountain.php', '', 0),
(33, 98, 'mountain.php', '', 0),
(32, 98, 'mountain.php', '', 0),
(31, 98, 'mountain.php', '', 0),
(31, 99, 'mountain.php', '', 0),
(32, 99, 'mountain.php', '', 0),
(32, 100, 'mountain.php', '', 0),
(31, 100, 'mountain.php', '', 0),
(30, 100, 'mountain.php', '', 0),
(30, 101, 'mountain.php', '', 0),
(31, 101, 'mountain.php', '', 0),
(32, 101, 'mountain.php', '', 0),
(32, 102, 'mountain.php', '', 0),
(31, 102, 'mountain.php', '', 0),
(30, 102, 'mountain.php', '', 0),
(29, 102, 'mountain.php', '', 0),
(11, 92, 'mountain.php', '', 0),
(11, 93, 'mountain.php', '', 0),
(10, 92, 'mountain.php', '', 0),
(10, 93, 'mountain.php', '', 0),
(10, 94, 'mountain.php', '', 0),
(11, 94, 'mountain.php', '', 0),
(9, 94, 'mountain.php', '', 0),
(9, 95, 'mountain.php', '', 0),
(10, 95, 'mountain.php', '', 0),
(9, 96, 'mountain.php', '', 0),
(8, 96, 'mountain.php', '', 0),
(9, 97, 'mountain.php', '', 0),
(8, 97, 'mountain.php', '', 0),
(9, 98, 'mountain.php', '', 0),
(10, 98, 'mountain.php', '', 0),
(7, 97, 'mountain.php', '', 0),
(7, 98, 'mountain.php', '', 0),
(6, 98, 'mountain.php', '', 0),
(6, 97, 'mountain.php', '', 0),
(6, 96, 'mountain.php', '', 0),
(6, 95, 'mountain.php', '', 0),
(7, 95, 'mountain.php', '', 0),
(7, 94, 'mountain.php', '', 0),
(6, 94, 'mountain.php', '', 0),
(6, 93, 'mountain.php', '', 0),
(7, 93, 'mountain.php', '', 0),
(8, 92, 'mountain.php', '', 0),
(8, 91, 'mountain.php', '', 0),
(9, 90, 'mountain.php', '', 0),
(8, 90, 'mountain.php', '', 0),
(7, 90, 'mountain.php', '', 0),
(6, 90, 'mountain.php', '', 0),
(6, 91, 'mountain.php', '', 0),
(7, 91, 'mountain.php', '', 0),
(7, 92, 'mountain.php', '', 0),
(6, 92, 'mountain.php', '', 0),
(5, 91, 'mountain.php', '', 0),
(5, 92, 'mountain.php', '', 0),
(5, 93, 'mountain.php', '', 0),
(5, 94, 'mountain.php', '', 0),
(4, 94, 'mountain.php', '', 0),
(3, 94, 'mountain.php', '', 0),
(3, 95, 'mountain.php', '', 0),
(4, 95, 'mountain.php', '', 0),
(5, 95, 'mountain.php', '', 0),
(5, 96, 'mountain.php', '', 0),
(4, 96, 'mountain.php', '', 0),
(3, 96, 'mountain.php', '', 0),
(2, 96, 'mountain.php', '', 0),
(3, 97, 'mountain.php', '', 0),
(4, 97, 'mountain.php', '', 0),
(5, 97, 'mountain.php', '', 0),
(5, 98, 'mountain.php', '', 0),
(4, 98, 'mountain.php', '', 0),
(5, 99, 'mountain.php', '', 0),
(4, 99, 'mountain.php', '', 0),
(6, 99, 'mountain.php', '', 0),
(6, 101, 'mountain.php', '', 0),
(5, 101, 'mountain.php', '', 0),
(4, 101, 'mountain.php', '', 0),
(5, 102, 'mountain.php', '', 0),
(6, 102, 'mountain.php', '', 0),
(7, 102, 'mountain.php', '', 0),
(7, 101, 'mountain.php', '', 0),
(8, 103, 'mountain.php', '', 0),
(7, 103, 'mountain.php', '', 0),
(6, 103, 'mountain.php', '', 0),
(6, 104, 'mountain.php', '', 0),
(7, 104, 'mountain.php', '', 0),
(8, 104, 'mountain.php', '', 0),
(7, 105, 'mountain.php', '', 0),
(6, 105, 'mountain.php', '', 0),
(11, 106, 'mountain.php', '', 0),
(10, 106, 'mountain.php', '', 0),
(10, 105, 'mountain.php', '', 0),
(11, 105, 'mountain.php', '', 0),
(11, 104, 'mountain.php', '', 0),
(12, 104, 'mountain.php', '', 0),
(12, 103, 'mountain.php', '', 0),
(13, 103, 'mountain.php', '', 0),
(14, 102, 'mountain.php', '', 0),
(13, 102, 'mountain.php', '', 0),
(12, 102, 'mountain.php', '', 0),
(13, 101, 'mountain.php', '', 0),
(14, 101, 'mountain.php', '', 0),
(15, 101, 'mountain.php', '', 0),
(24, 100, 'mountain.php', '', 0),
(23, 100, 'mountain.php', '', 0),
(23, 101, 'mountain.php', '', 0),
(24, 101, 'mountain.php', '', 0),
(22, 100, 'mountain.php', '', 0),
(22, 101, 'mountain.php', '', 0),
(22, 102, 'mountain.php', '', 0),
(28, 100, 'mountain.php', '', 0),
(27, 100, 'mountain.php', '', 0),
(26, 100, 'mountain.php', '', 0),
(26, 101, 'mountain.php', '', 0),
(27, 101, 'mountain.php', '', 0),
(28, 101, 'mountain.php', '', 0),
(28, 102, 'mountain.php', '', 0),
(27, 102, 'mountain.php', '', 0),
(26, 102, 'mountain.php', '', 0),
(25, 102, 'mountain.php', '', 0),
(25, 103, 'mountain.php', '', 0),
(26, 103, 'mountain.php', '', 0),
(27, 103, 'mountain.php', '', 0),
(24, 103, 'mountain.php', '', 0),
(24, 104, 'mountain.php', '', 0),
(23, 104, 'mountain.php', '', 0),
(25, 104, 'mountain.php', '', 0),
(26, 104, 'mountain.php', '', 0),
(27, 104, 'mountain.php', '', 0),
(26, 105, 'mountain.php', '', 0),
(25, 105, 'mountain.php', '', 0),
(24, 105, 'mountain.php', '', 0),
(23, 105, 'mountain.php', '', 0),
(23, 106, 'mountain.php', '', 0),
(24, 106, 'mountain.php', '', 0),
(25, 106, 'mountain.php', '', 0),
(26, 106, 'mountain.php', '', 0),
(26, 107, 'mountain.php', '', 0),
(25, 107, 'mountain.php', '', 0),
(24, 107, 'mountain.php', '', 0),
(23, 107, 'mountain.php', '', 0),
(22, 106, 'mountain.php', '', 0),
(22, 107, 'mountain.php', '', 0),
(21, 107, 'mountain.php', '', 0),
(23, 108, 'mountain.php', '', 0),
(24, 108, 'mountain.php', '', 0),
(25, 108, 'mountain.php', '', 0),
(26, 108, 'mountain.php', '', 0),
(25, 109, 'mountain.php', '', 0),
(25, 110, 'mountain.php', '', 0),
(24, 110, 'mountain.php', '', 0),
(24, 109, 'mountain.php', '', 0),
(23, 109, 'mountain.php', '', 0),
(22, 109, 'mountain.php', '', 0),
(23, 110, 'mountain.php', '', 0),
(23, 111, 'mountain.php', '', 0),
(24, 111, 'mountain.php', '', 0),
(25, 111, 'mountain.php', '', 0),
(25, 112, 'mountain.php', '', 0),
(24, 112, 'mountain.php', '', 0),
(23, 112, 'mountain.php', '', 0),
(23, 113, 'mountain.php', '', 0),
(24, 113, 'mountain.php', '', 0),
(25, 113, 'mountain.php', '', 0),
(26, 114, 'mountain.php', '', 0),
(25, 114, 'mountain.php', '', 0),
(24, 114, 'mountain.php', '', 0),
(23, 114, 'mountain.php', '', 0),
(24, 115, 'mountain.php', '', 0),
(25, 115, 'mountain.php', '', 0),
(26, 115, 'mountain.php', '', 0),
(27, 116, 'mountain.php', '', 0),
(26, 116, 'mountain.php', '', 0),
(25, 116, 'mountain.php', '', 0),
(26, 117, 'mountain.php', '', 0),
(27, 117, 'mountain.php', '', 0),
(27, 118, 'mountain.php', '', 0),
(26, 118, 'mountain.php', '', 0),
(25, 118, 'mountain.php', '', 0),
(25, 119, 'mountain.php', '', 0),
(26, 119, 'mountain.php', '', 0),
(27, 119, 'mountain.php', '', 0),
(28, 119, 'mountain.php', '', 0),
(28, 120, 'mountain.php', '', 0),
(27, 121, 'mountain.php', '', 0),
(27, 122, 'mountain.php', '', 0),
(26, 122, 'mountain.php', '', 0),
(27, 123, 'mountain.php', '', 0),
(26, 123, 'mountain.php', '', 0),
(27, 124, 'mountain.php', '', 0),
(26, 124, 'mountain.php', '', 0),
(25, 124, 'mountain.php', '', 0),
(25, 125, 'mountain.php', '', 0),
(26, 125, 'mountain.php', '', 0),
(27, 125, 'mountain.php', '', 0),
(27, 126, 'mountain.php', '', 0),
(26, 126, 'mountain.php', '', 0),
(25, 126, 'mountain.php', '', 0),
(24, 126, 'mountain.php', '', 0),
(24, 125, 'mountain.php', '', 0),
(22, 129, 'mountain.php', '', 0),
(21, 129, 'mountain.php', '', 0),
(22, 130, 'mountain.php', '', 0),
(23, 130, 'mountain.php', '', 0),
(23, 129, 'mountain.php', '', 0),
(10, 109, 'mountain.php', '', 0),
(10, 110, 'mountain.php', '', 0),
(9, 110, 'mountain.php', '', 0),
(9, 109, 'mountain.php', '', 0),
(8, 109, 'mountain.php', '', 0),
(8, 108, 'mountain.php', '', 0),
(7, 109, 'mountain.php', '', 0);
INSERT INTO `zzz_map` (`x`, `y`, `file_name`, `title`, `encounter`) VALUES
(7, 110, 'mountain.php', '', 0),
(8, 110, 'mountain.php', '', 0),
(8, 111, 'mountain.php', '', 0),
(6, 111, 'mountain.php', '', 0),
(5, 111, 'mountain.php', '', 0),
(5, 112, 'mountain.php', '', 0),
(6, 112, 'mountain.php', '', 0),
(4, 113, 'mountain.php', '', 0),
(4, 112, 'mountain.php', '', 0),
(4, 111, 'mountain.php', '', 0),
(3, 112, 'mountain.php', '', 0),
(3, 113, 'mountain.php', '', 0),
(4, 114, 'mountain.php', '', 0),
(2, 113, 'mountain.php', '', 0),
(2, 114, 'mountain.php', '', 0),
(8, 114, 'mountain.php', '', 0),
(8, 115, 'mountain.php', '', 0),
(8, 116, 'mountain.php', '', 0),
(7, 114, 'mountain.php', '', 0),
(7, 115, 'mountain.php', '', 0),
(7, 116, 'mountain.php', '', 0),
(7, 117, 'mountain.php', '', 0),
(7, 118, 'mountain.php', '', 0),
(7, 119, 'mountain.php', '', 0),
(6, 119, 'mountain.php', '', 0),
(6, 118, 'mountain.php', '', 0),
(6, 117, 'mountain.php', '', 0),
(6, 116, 'mountain.php', '', 0),
(6, 115, 'mountain.php', '', 0),
(5, 116, 'mountain.php', '', 0),
(5, 117, 'mountain.php', '', 0),
(5, 118, 'mountain.php', '', 0),
(5, 119, 'mountain.php', '', 0),
(6, 120, 'mountain.php', '', 0),
(5, 120, 'mountain.php', '', 0),
(4, 119, 'mountain.php', '', 0),
(3, 119, 'mountain.php', '', 0),
(4, 118, 'mountain.php', '', 0),
(4, 117, 'mountain.php', '', 0),
(8, 124, 'mountain.php', '', 0),
(9, 124, 'mountain.php', '', 0),
(8, 125, 'mountain.php', '', 0),
(7, 125, 'mountain.php', '', 0),
(8, 126, 'mountain.php', '', 0),
(7, 126, 'mountain.php', '', 0),
(6, 126, 'mountain.php', '', 0),
(6, 127, 'mountain.php', '', 0),
(7, 127, 'mountain.php', '', 0),
(8, 127, 'mountain.php', '', 0),
(1, 122, 'mountain.php', '', 0),
(0, 122, 'mountain.php', '', 0),
(1, 123, 'mountain.php', '', 0),
(0, 124, 'mountain.php', '', 0),
(0, 123, 'mountain.php', '', 0),
(0, 125, 'mountain.php', '', 0),
(1, 124, 'mountain.php', '', 0),
(0, 126, 'mountain.php', '', 0),
(0, 127, 'mountain.php', '', 0),
(21, 132, 'mountain.php', '', 0),
(23, 132, 'mountain.php', '', 0),
(22, 133, 'mountain.php', '', 0),
(22, 134, 'mountain.php', '', 0),
(21, 133, 'mountain.php', '', 0),
(20, 133, 'mountain.php', '', 0),
(19, 133, 'mountain.php', '', 0),
(19, 134, 'mountain.php', '', 0),
(19, 135, 'mountain.php', '', 0),
(19, 136, 'mountain.php', '', 0),
(20, 136, 'mountain.php', '', 0),
(18, 136, 'mountain.php', '', 0),
(18, 135, 'mountain.php', '', 0),
(18, 134, 'mountain.php', '', 0),
(17, 134, 'mountain.php', '', 0),
(17, 135, 'mountain.php', '', 0),
(17, 136, 'mountain.php', '', 0),
(16, 134, 'mountain.php', '', 0),
(15, 134, 'mountain.php', '', 0),
(15, 135, 'mountain.php', '', 0),
(15, 136, 'mountain.php', '', 0),
(15, 137, 'mountain.php', '', 0),
(15, 138, 'mountain.php', '', 0),
(14, 138, 'mountain.php', '', 0),
(14, 137, 'mountain.php', '', 0),
(14, 136, 'mountain.php', '', 0),
(14, 135, 'mountain.php', '', 0),
(13, 135, 'mountain.php', '', 0),
(13, 137, 'mountain.php', '', 0),
(13, 138, 'mountain.php', '', 0),
(14, 139, 'mountain.php', '', 0),
(13, 140, 'mountain.php', '', 0),
(13, 139, 'mountain.php', '', 0),
(12, 138, 'mountain.php', '', 0),
(12, 139, 'mountain.php', '', 0),
(12, 140, 'mountain.php', '', 0),
(12, 141, 'mountain.php', '', 0),
(12, 142, 'mountain.php', '', 0),
(13, 142, 'mountain.php', '', 0),
(14, 142, 'mountain.php', '', 0),
(13, 143, 'mountain.php', '', 0),
(11, 142, 'mountain.php', '', 0),
(11, 141, 'mountain.php', '', 0),
(11, 140, 'mountain.php', '', 0),
(10, 140, 'mountain.php', '', 0),
(10, 141, 'mountain.php', '', 0),
(9, 141, 'mountain.php', '', 0),
(9, 140, 'mountain.php', '', 0),
(8, 141, 'mountain.php', '', 0),
(7, 141, 'mountain.php', '', 0),
(6, 140, 'mountain.php', '', 0),
(6, 141, 'mountain.php', '', 0),
(6, 142, 'mountain.php', '', 0),
(6, 143, 'mountain.php', '', 0),
(5, 143, 'mountain.php', '', 0),
(5, 142, 'mountain.php', '', 0),
(4, 142, 'mountain.php', '', 0),
(3, 143, 'mountain.php', '', 0),
(3, 142, 'mountain.php', '', 0),
(0, 143, 'mountain.php', '', 0),
(1, 142, 'mountain.php', '', 0),
(0, 142, 'mountain.php', '', 0),
(0, 141, 'mountain.php', '', 0),
(1, 141, 'mountain.php', '', 0),
(0, 140, 'mountain.php', '', 0),
(1, 140, 'mountain.php', '', 0),
(2, 140, 'mountain.php', '', 0),
(2, 139, 'mountain.php', '', 0),
(1, 139, 'mountain.php', '', 0),
(5, 141, 'mountain.php', '', 0),
(4, 141, 'mountain.php', '', 0),
(5, 140, 'mountain.php', '', 0),
(6, 139, 'mountain.php', '', 0),
(5, 139, 'mountain.php', '', 0),
(5, 138, 'mountain.php', '', 0),
(4, 138, 'mountain.php', '', 0),
(5, 137, 'mountain.php', '', 0),
(4, 137, 'mountain.php', '', 0),
(4, 136, 'mountain.php', '', 0),
(2, 57, 'forest.php', '', 0),
(3, 57, 'forest.php', '', 0),
(4, 57, 'forest.php', '', 0),
(5, 57, 'forest.php', '', 0),
(6, 57, 'forest.php', '', 0),
(7, 57, 'forest.php', '', 0),
(8, 57, 'forest.php', '', 0),
(11, 57, 'forest.php', '', 0),
(12, 57, 'forest.php', '', 0),
(12, 58, 'forest.php', '', 0),
(10, 58, 'forest.php', '', 0),
(9, 59, 'forest.php', '', 0),
(8, 58, 'forest.php', '', 0),
(8, 59, 'forest.php', '', 0),
(8, 60, 'forest.php', '', 0),
(9, 60, 'forest.php', '', 0),
(7, 60, 'forest.php', '', 0),
(7, 59, 'forest.php', '', 0),
(7, 58, 'forest.php', '', 0),
(6, 59, 'forest.php', '', 0),
(5, 59, 'forest.php', '', 0),
(5, 60, 'forest.php', '', 0),
(6, 60, 'forest.php', '', 0),
(6, 61, 'forest.php', '', 0),
(6, 62, 'forest.php', '', 0),
(4, 62, 'forest.php', '', 0),
(4, 61, 'forest.php', '', 0),
(4, 60, 'forest.php', '', 0),
(4, 58, 'forest.php', '', 0),
(3, 58, 'forest.php', '', 0),
(5, 58, 'forest.php', '', 0),
(6, 63, 'forest.php', '', 0),
(7, 62, 'forest.php', '', 0),
(7, 61, 'forest.php', '', 0),
(8, 61, 'forest.php', '', 0),
(9, 61, 'forest.php', '', 0),
(10, 61, 'forest.php', '', 0),
(11, 61, 'forest.php', '', 0),
(11, 62, 'forest.php', '', 0),
(12, 62, 'forest.php', '', 0),
(12, 63, 'forest.php', '', 0),
(11, 63, 'forest.php', '', 0),
(13, 63, 'forest.php', '', 0),
(12, 61, 'forest.php', '', 0),
(12, 60, 'forest.php', '', 0),
(11, 60, 'forest.php', '', 0),
(11, 59, 'forest.php', '', 0),
(12, 59, 'forest.php', '', 0),
(13, 59, 'forest.php', '', 0),
(13, 58, 'forest.php', '', 0),
(13, 57, 'forest.php', '', 0),
(14, 57, 'forest.php', '', 0),
(14, 58, 'forest.php', '', 0),
(14, 59, 'forest.php', '', 0),
(15, 59, 'forest.php', '', 0),
(15, 60, 'forest.php', '', 0),
(14, 60, 'forest.php', '', 0),
(13, 61, 'forest.php', '', 0),
(14, 61, 'forest.php', '', 0),
(14, 62, 'forest.php', '', 0),
(15, 62, 'forest.php', '', 0),
(15, 61, 'forest.php', '', 0),
(16, 61, 'forest.php', '', 0),
(17, 61, 'forest.php', '', 0),
(17, 60, 'forest.php', '', 0),
(16, 60, 'forest.php', '', 0),
(16, 59, 'forest.php', '', 0),
(17, 59, 'forest.php', '', 0),
(17, 58, 'forest.php', '', 0),
(16, 58, 'forest.php', '', 0),
(15, 58, 'forest.php', '', 0),
(15, 57, 'forest.php', '', 0),
(17, 57, 'forest.php', '', 0),
(18, 57, 'forest.php', '', 0),
(19, 57, 'forest.php', '', 0),
(19, 58, 'forest.php', '', 0),
(18, 58, 'forest.php', '', 0),
(20, 58, 'forest.php', '', 0),
(21, 58, 'forest.php', '', 0),
(21, 57, 'forest.php', '', 0),
(20, 57, 'forest.php', '', 0),
(22, 57, 'forest.php', '', 0),
(22, 58, 'forest.php', '', 0),
(22, 59, 'forest.php', '', 0),
(23, 60, 'forest.php', '', 0),
(22, 60, 'forest.php', '', 0),
(21, 60, 'forest.php', '', 0),
(18, 60, 'forest.php', '', 0),
(18, 61, 'forest.php', '', 0),
(20, 61, 'forest.php', '', 0),
(20, 62, 'forest.php', '', 0),
(19, 62, 'forest.php', '', 0),
(19, 63, 'forest.php', '', 0),
(20, 63, 'forest.php', '', 0),
(17, 63, 'forest.php', '', 0),
(16, 63, 'forest.php', '', 0),
(16, 64, 'forest.php', '', 0),
(16, 65, 'forest.php', '', 0),
(21, 62, 'forest.php', '', 0),
(21, 63, 'forest.php', '', 0),
(22, 62, 'forest.php', '', 0),
(22, 63, 'forest.php', '', 0),
(23, 61, 'forest.php', '', 0),
(26, 60, 'forest.php', '', 0),
(0, 59, 'forest.php', '', 0),
(0, 60, 'forest.php', '', 0),
(7, 66, 'forest.php', '', 0),
(7, 67, 'forest.php', '', 0),
(8, 68, 'forest.php', '', 0),
(9, 68, 'forest.php', '', 0),
(11, 66, 'forest.php', '', 0),
(11, 65, 'forest.php', '', 0),
(13, 65, 'forest.php', '', 0),
(13, 66, 'forest.php', '', 0),
(14, 66, 'forest.php', '', 0),
(13, 68, 'forest.php', '', 0),
(14, 68, 'forest.php', '', 0),
(15, 68, 'forest.php', '', 0),
(15, 67, 'forest.php', '', 0),
(8, 70, 'forest.php', '', 0),
(9, 70, 'forest.php', '', 0),
(10, 70, 'forest.php', '', 0),
(12, 70, 'forest.php', '', 0),
(12, 69, 'forest.php', '', 0),
(13, 69, 'forest.php', '', 0),
(13, 70, 'forest.php', '', 0),
(14, 69, 'forest.php', '', 0),
(14, 71, 'forest.php', '', 0),
(13, 71, 'forest.php', '', 0),
(13, 72, 'forest.php', '', 0),
(14, 72, 'forest.php', '', 0),
(16, 71, 'forest.php', '', 0),
(16, 72, 'forest.php', '', 0),
(14, 73, 'forest.php', '', 0),
(14, 74, 'forest.php', '', 0),
(15, 73, 'forest.php', '', 0),
(15, 74, 'forest.php', '', 0),
(16, 74, 'forest.php', '', 0),
(10, 72, 'forest.php', '', 0),
(10, 71, 'forest.php', '', 0),
(9, 71, 'forest.php', '', 0),
(9, 72, 'forest.php', '', 0),
(9, 73, 'forest.php', '', 0),
(8, 72, 'forest.php', '', 0),
(8, 71, 'forest.php', '', 0),
(10, 74, 'forest.php', '', 0),
(11, 75, 'forest.php', '', 0),
(10, 75, 'forest.php', '', 0),
(10, 76, 'forest.php', '', 0),
(9, 76, 'forest.php', '', 0),
(8, 74, 'forest.php', '', 0),
(18, 74, 'forest.php', '', 0),
(18, 75, 'forest.php', '', 0),
(19, 75, 'forest.php', '', 0),
(16, 75, 'forest.php', '', 0),
(15, 75, 'forest.php', '', 0),
(15, 76, 'forest.php', '', 0),
(16, 76, 'forest.php', '', 0),
(15, 77, 'forest.php', '', 0),
(17, 77, 'forest.php', '', 0),
(18, 78, 'forest.php', '', 0),
(17, 78, 'forest.php', '', 0),
(18, 79, 'forest.php', '', 0),
(17, 79, 'forest.php', '', 0),
(16, 79, 'forest.php', '', 0),
(16, 78, 'forest.php', '', 0),
(11, 77, 'forest.php', '', 0),
(12, 77, 'forest.php', '', 0),
(12, 78, 'forest.php', '', 0),
(11, 78, 'forest.php', '', 0),
(10, 78, 'forest.php', '', 0),
(9, 78, 'forest.php', '', 0),
(8, 79, 'forest.php', '', 0),
(9, 79, 'forest.php', '', 0),
(10, 79, 'forest.php', '', 0),
(10, 80, 'forest.php', '', 0),
(7, 78, 'forest.php', '', 0),
(7, 77, 'forest.php', '', 0),
(6, 77, 'forest.php', '', 0),
(6, 78, 'forest.php', '', 0),
(7, 75, 'forest.php', '', 0),
(5, 76, 'forest.php', '', 0),
(7, 80, 'forest.php', '', 0),
(6, 80, 'forest.php', '', 0),
(6, 81, 'forest.php', '', 0),
(8, 81, 'forest.php', '', 0),
(6, 82, 'forest.php', '', 0),
(6, 84, 'forest.php', '', 0),
(6, 83, 'forest.php', '', 0),
(5, 84, 'forest.php', '', 0),
(5, 83, 'forest.php', '', 0),
(5, 82, 'forest.php', '', 0),
(5, 81, 'forest.php', '', 0),
(4, 77, 'forest.php', '', 0),
(3, 78, 'forest.php', '', 0),
(2, 77, 'forest.php', '', 0),
(1, 78, 'forest.php', '', 0),
(1, 75, 'forest.php', '', 0),
(2, 73, 'forest.php', '', 0),
(1, 73, 'forest.php', '', 0),
(1, 72, 'forest.php', '', 0),
(0, 70, 'forest.php', '', 0),
(0, 69, 'forest.php', '', 0),
(2, 80, 'forest.php', '', 0),
(3, 80, 'forest.php', '', 0),
(2, 81, 'forest.php', '', 0),
(2, 82, 'forest.php', '', 0),
(2, 83, 'forest.php', '', 0),
(1, 81, 'forest.php', '', 0),
(1, 80, 'forest.php', '', 0),
(0, 80, 'forest.php', '', 0),
(7, 84, 'forest.php', '', 0),
(8, 84, 'forest.php', '', 0),
(11, 83, 'forest.php', '', 0),
(11, 84, 'forest.php', '', 0),
(11, 85, 'forest.php', '', 0),
(10, 85, 'forest.php', '', 0),
(10, 86, 'forest.php', '', 0),
(9, 86, 'forest.php', '', 0),
(9, 85, 'forest.php', '', 0),
(7, 87, 'forest.php', '', 0),
(7, 86, 'forest.php', '', 0),
(8, 86, 'forest.php', '', 0),
(8, 85, 'forest.php', '', 0),
(7, 85, 'forest.php', '', 0),
(7, 88, 'forest.php', '', 0),
(6, 87, 'forest.php', '', 0),
(8, 89, 'forest.php', '', 0),
(9, 89, 'forest.php', '', 0),
(10, 89, 'forest.php', '', 0),
(11, 89, 'forest.php', '', 0),
(12, 88, 'forest.php', '', 0),
(13, 88, 'forest.php', '', 0),
(12, 87, 'forest.php', '', 0),
(16, 80, 'forest.php', '', 0),
(16, 81, 'forest.php', '', 0),
(16, 82, 'forest.php', '', 0),
(15, 82, 'forest.php', '', 0),
(16, 83, 'forest.php', '', 0),
(16, 84, 'forest.php', '', 0),
(18, 84, 'forest.php', '', 0),
(18, 83, 'forest.php', '', 0),
(18, 82, 'forest.php', '', 0),
(17, 82, 'forest.php', '', 0),
(17, 81, 'forest.php', '', 0),
(17, 80, 'forest.php', '', 0),
(18, 80, 'forest.php', '', 0),
(18, 81, 'forest.php', '', 0),
(17, 83, 'forest.php', '', 0),
(17, 84, 'forest.php', '', 0),
(20, 79, 'forest.php', '', 0),
(21, 79, 'forest.php', '', 0),
(22, 79, 'forest.php', '', 0),
(23, 79, 'forest.php', '', 0),
(22, 77, 'forest.php', '', 0),
(21, 77, 'forest.php', '', 0),
(22, 80, 'forest.php', '', 0),
(21, 80, 'forest.php', '', 0),
(20, 80, 'forest.php', '', 0),
(19, 80, 'forest.php', '', 0),
(19, 81, 'forest.php', '', 0),
(20, 81, 'forest.php', '', 0),
(21, 81, 'forest.php', '', 0),
(22, 81, 'forest.php', '', 0),
(19, 82, 'forest.php', '', 0),
(19, 83, 'forest.php', '', 0),
(19, 84, 'forest.php', '', 0),
(19, 85, 'forest.php', '', 0),
(20, 86, 'forest.php', '', 0),
(21, 86, 'forest.php', '', 0),
(21, 85, 'forest.php', '', 0),
(20, 85, 'forest.php', '', 0),
(20, 84, 'forest.php', '', 0),
(21, 84, 'forest.php', '', 0),
(21, 83, 'forest.php', '', 0),
(20, 83, 'forest.php', '', 0),
(20, 82, 'forest.php', '', 0),
(21, 82, 'forest.php', '', 0),
(0, 86, 'forest.php', '', 0),
(1, 86, 'forest.php', '', 0),
(1, 87, 'forest.php', '', 0),
(0, 87, 'forest.php', '', 0),
(0, 88, 'forest.php', '', 0),
(1, 88, 'forest.php', '', 0),
(2, 89, 'forest.php', '', 0),
(3, 89, 'forest.php', '', 0),
(3, 90, 'forest.php', '', 0),
(2, 90, 'forest.php', '', 0),
(2, 91, 'forest.php', '', 0),
(1, 91, 'forest.php', '', 0),
(0, 91, 'forest.php', '', 0),
(0, 92, 'forest.php', '', 0),
(1, 92, 'forest.php', '', 0),
(2, 92, 'forest.php', '', 0),
(2, 93, 'forest.php', '', 0),
(1, 93, 'forest.php', '', 0),
(1, 94, 'forest.php', '', 0),
(2, 94, 'forest.php', '', 0),
(0, 95, 'forest.php', '', 0),
(4, 89, 'forest.php', '', 0),
(5, 89, 'forest.php', '', 0),
(5, 88, 'forest.php', '', 0),
(5, 90, 'forest.php', '', 0),
(4, 90, 'forest.php', '', 0),
(4, 92, 'forest.php', '', 0),
(4, 93, 'forest.php', '', 0),
(3, 93, 'forest.php', '', 0),
(10, 91, 'forest.php', '', 0),
(10, 90, 'forest.php', '', 0),
(9, 91, 'forest.php', '', 0),
(9, 92, 'forest.php', '', 0),
(9, 93, 'forest.php', '', 0),
(8, 93, 'forest.php', '', 0),
(8, 94, 'forest.php', '', 0),
(8, 95, 'forest.php', '', 0),
(7, 96, 'forest.php', '', 0),
(10, 97, 'forest.php', '', 0),
(10, 96, 'forest.php', '', 0),
(12, 93, 'forest.php', '', 0),
(12, 92, 'forest.php', '', 0),
(13, 92, 'forest.php', '', 0),
(13, 91, 'forest.php', '', 0),
(19, 87, 'forest.php', '', 0),
(21, 87, 'forest.php', '', 0),
(21, 88, 'forest.php', '', 0),
(22, 87, 'forest.php', '', 0),
(22, 88, 'forest.php', '', 0),
(21, 90, 'forest.php', '', 0),
(20, 91, 'forest.php', '', 0),
(20, 92, 'forest.php', '', 0),
(23, 87, 'forest.php', '', 0),
(24, 87, 'forest.php', '', 0),
(24, 88, 'forest.php', '', 0),
(23, 88, 'forest.php', '', 0),
(25, 89, 'forest.php', '', 0),
(24, 89, 'forest.php', '', 0),
(25, 88, 'forest.php', '', 0),
(26, 88, 'forest.php', '', 0),
(26, 89, 'forest.php', '', 0),
(27, 89, 'forest.php', '', 0),
(28, 89, 'forest.php', '', 0),
(28, 88, 'forest.php', '', 0),
(27, 88, 'forest.php', '', 0),
(27, 87, 'forest.php', '', 0),
(28, 87, 'forest.php', '', 0),
(28, 86, 'forest.php', '', 0),
(27, 86, 'forest.php', '', 0),
(26, 86, 'forest.php', '', 0),
(26, 87, 'forest.php', '', 0),
(25, 87, 'forest.php', '', 0),
(25, 86, 'forest.php', '', 0),
(24, 86, 'forest.php', '', 0),
(23, 86, 'forest.php', '', 0),
(22, 86, 'forest.php', '', 0),
(22, 85, 'forest.php', '', 0),
(23, 85, 'forest.php', '', 0),
(24, 85, 'forest.php', '', 0),
(25, 85, 'forest.php', '', 0),
(26, 85, 'forest.php', '', 0),
(26, 84, 'forest.php', '', 0),
(25, 84, 'forest.php', '', 0),
(24, 84, 'forest.php', '', 0),
(23, 84, 'forest.php', '', 0),
(22, 84, 'forest.php', '', 0),
(22, 83, 'forest.php', '', 0),
(23, 83, 'forest.php', '', 0),
(24, 83, 'forest.php', '', 0),
(25, 83, 'forest.php', '', 0),
(24, 82, 'forest.php', '', 0),
(23, 82, 'forest.php', '', 0),
(22, 82, 'forest.php', '', 0),
(23, 81, 'forest.php', '', 0),
(24, 81, 'forest.php', '', 0),
(24, 80, 'forest.php', '', 0),
(23, 80, 'forest.php', '', 0),
(25, 81, 'forest.php', '', 0),
(25, 80, 'forest.php', '', 0),
(25, 79, 'forest.php', '', 0),
(26, 79, 'forest.php', '', 0),
(26, 80, 'forest.php', '', 0),
(26, 81, 'forest.php', '', 0),
(26, 82, 'forest.php', '', 0),
(25, 82, 'forest.php', '', 0),
(27, 82, 'forest.php', '', 0),
(27, 84, 'forest.php', '', 0),
(27, 85, 'forest.php', '', 0),
(27, 90, 'forest.php', '', 0),
(27, 91, 'forest.php', '', 0),
(26, 91, 'forest.php', '', 0),
(26, 90, 'forest.php', '', 0),
(26, 92, 'forest.php', '', 0),
(27, 92, 'forest.php', '', 0),
(22, 95, 'forest.php', '', 0),
(21, 96, 'forest.php', '', 0),
(23, 97, 'forest.php', '', 0),
(21, 97, 'forest.php', '', 0),
(20, 98, 'forest.php', '', 0),
(22, 98, 'forest.php', '', 0),
(24, 98, 'forest.php', '', 0),
(23, 98, 'forest.php', '', 0),
(21, 100, 'forest.php', '', 0),
(26, 96, 'forest.php', '', 0),
(26, 95, 'forest.php', '', 0),
(27, 94, 'forest.php', '', 0),
(26, 94, 'forest.php', '', 0),
(25, 94, 'forest.php', '', 0),
(28, 94, 'forest.php', '', 0),
(28, 93, 'forest.php', '', 0),
(29, 93, 'forest.php', '', 0),
(29, 94, 'forest.php', '', 0),
(31, 94, 'forest.php', '', 0),
(30, 94, 'forest.php', '', 0),
(31, 93, 'forest.php', '', 0),
(30, 93, 'forest.php', '', 0),
(29, 96, 'forest.php', '', 0),
(28, 96, 'forest.php', '', 0),
(32, 95, 'forest.php', '', 0),
(35, 95, 'forest.php', '', 0),
(36, 95, 'forest.php', '', 0),
(37, 95, 'forest.php', '', 0),
(37, 94, 'forest.php', '', 0),
(36, 94, 'forest.php', '', 0),
(35, 94, 'forest.php', '', 0),
(30, 98, 'forest.php', '', 0),
(30, 99, 'forest.php', '', 0),
(29, 99, 'forest.php', '', 0),
(29, 98, 'forest.php', '', 0),
(29, 100, 'forest.php', '', 0),
(29, 101, 'forest.php', '', 0),
(25, 100, 'forest.php', '', 0),
(25, 101, 'forest.php', '', 0),
(24, 102, 'forest.php', '', 0),
(23, 102, 'forest.php', '', 0),
(23, 103, 'forest.php', '', 0),
(22, 103, 'forest.php', '', 0),
(22, 104, 'forest.php', '', 0),
(21, 104, 'forest.php', '', 0),
(21, 105, 'forest.php', '', 0),
(22, 105, 'forest.php', '', 0),
(21, 106, 'forest.php', '', 0),
(22, 108, 'forest.php', '', 0),
(21, 108, 'forest.php', '', 0),
(20, 108, 'forest.php', '', 0),
(21, 109, 'forest.php', '', 0),
(21, 110, 'forest.php', '', 0),
(22, 110, 'forest.php', '', 0),
(12, 101, 'forest.php', '', 0),
(10, 100, 'forest.php', '', 0),
(10, 101, 'forest.php', '', 0),
(9, 99, 'forest.php', '', 0),
(8, 99, 'forest.php', '', 0),
(8, 98, 'forest.php', '', 0),
(7, 99, 'forest.php', '', 0),
(11, 102, 'forest.php', '', 0),
(11, 103, 'forest.php', '', 0),
(9, 103, 'forest.php', '', 0),
(9, 104, 'forest.php', '', 0),
(9, 105, 'forest.php', '', 0),
(9, 106, 'forest.php', '', 0),
(8, 106, 'forest.php', '', 0),
(8, 105, 'forest.php', '', 0),
(9, 102, 'forest.php', '', 0),
(8, 102, 'forest.php', '', 0),
(8, 101, 'forest.php', '', 0),
(3, 99, 'forest.php', '', 0),
(2, 97, 'forest.php', '', 0),
(1, 96, 'forest.php', '', 0),
(0, 97, 'forest.php', '', 0),
(0, 96, 'forest.php', '', 0),
(1, 97, 'forest.php', '', 0),
(0, 98, 'forest.php', '', 0),
(1, 99, 'forest.php', '', 0),
(2, 100, 'forest.php', '', 0),
(0, 100, 'forest.php', '', 0),
(1, 101, 'forest.php', '', 0),
(2, 101, 'forest.php', '', 0),
(3, 102, 'forest.php', '', 0),
(3, 103, 'forest.php', '', 0),
(5, 103, 'forest.php', '', 0),
(4, 103, 'forest.php', '', 0),
(4, 102, 'forest.php', '', 0),
(3, 101, 'forest.php', '', 0),
(0, 102, 'forest.php', '', 0),
(0, 103, 'forest.php', '', 0),
(1, 103, 'forest.php', '', 0),
(2, 103, 'forest.php', '', 0),
(2, 102, 'forest.php', '', 0),
(1, 102, 'forest.php', '', 0),
(7, 107, 'forest.php', '', 0),
(7, 108, 'forest.php', '', 0),
(5, 105, 'forest.php', '', 0),
(4, 106, 'forest.php', '', 0),
(2, 105, 'forest.php', '', 0),
(2, 106, 'forest.php', '', 0),
(1, 106, 'forest.php', '', 0),
(1, 107, 'forest.php', '', 0),
(0, 107, 'forest.php', '', 0),
(0, 106, 'forest.php', '', 0),
(3, 107, 'forest.php', '', 0),
(3, 108, 'forest.php', '', 0),
(33, 99, 'forest.php', '', 0),
(33, 100, 'forest.php', '', 0),
(33, 101, 'forest.php', '', 0),
(34, 101, 'forest.php', '', 0),
(35, 101, 'forest.php', '', 0),
(34, 98, 'forest.php', '', 0),
(35, 98, 'forest.php', '', 0),
(35, 97, 'forest.php', '', 0),
(34, 97, 'forest.php', '', 0),
(36, 97, 'forest.php', '', 0),
(37, 99, 'forest.php', '', 0),
(37, 98, 'forest.php', '', 0),
(39, 98, 'forest.php', '', 0),
(38, 97, 'forest.php', '', 0),
(38, 96, 'forest.php', '', 0),
(39, 96, 'forest.php', '', 0),
(40, 96, 'forest.php', '', 0),
(40, 97, 'forest.php', '', 0),
(34, 92, 'forest.php', '', 0),
(36, 92, 'forest.php', '', 0),
(35, 92, 'forest.php', '', 0),
(35, 91, 'forest.php', '', 0),
(36, 91, 'forest.php', '', 0),
(33, 89, 'forest.php', '', 0),
(29, 90, 'forest.php', '', 0),
(28, 103, 'forest.php', '', 0),
(28, 104, 'forest.php', '', 0),
(30, 104, 'forest.php', '', 0),
(31, 103, 'forest.php', '', 0),
(30, 105, 'forest.php', '', 0),
(27, 105, 'forest.php', '', 0),
(27, 106, 'forest.php', '', 0),
(28, 106, 'forest.php', '', 0),
(29, 107, 'forest.php', '', 0),
(30, 107, 'forest.php', '', 0),
(30, 108, 'forest.php', '', 0),
(27, 107, 'forest.php', '', 0),
(26, 110, 'forest.php', '', 0),
(26, 111, 'forest.php', '', 0),
(27, 110, 'forest.php', '', 0),
(28, 110, 'forest.php', '', 0),
(28, 111, 'forest.php', '', 0),
(29, 112, 'forest.php', '', 0),
(26, 112, 'forest.php', '', 0),
(27, 112, 'forest.php', '', 0),
(27, 113, 'forest.php', '', 0),
(28, 113, 'forest.php', '', 0),
(26, 113, 'forest.php', '', 0),
(29, 110, 'forest.php', '', 0),
(30, 110, 'forest.php', '', 0),
(31, 111, 'forest.php', '', 0),
(31, 112, 'forest.php', '', 0),
(30, 112, 'forest.php', '', 0),
(30, 111, 'forest.php', '', 0),
(32, 113, 'forest.php', '', 0),
(15, 112, 'forest.php', '', 0),
(16, 113, 'forest.php', '', 0),
(16, 114, 'forest.php', '', 0),
(17, 115, 'forest.php', '', 0),
(17, 116, 'forest.php', '', 0),
(16, 116, 'forest.php', '', 0),
(16, 117, 'forest.php', '', 0),
(17, 117, 'forest.php', '', 0),
(17, 118, 'forest.php', '', 0),
(16, 118, 'forest.php', '', 0),
(18, 118, 'forest.php', '', 0),
(18, 120, 'forest.php', '', 0),
(17, 119, 'forest.php', '', 0),
(17, 120, 'forest.php', '', 0),
(16, 119, 'forest.php', '', 0),
(15, 119, 'forest.php', '', 0),
(15, 120, 'forest.php', '', 0),
(14, 120, 'forest.php', '', 0),
(13, 120, 'forest.php', '', 0),
(13, 119, 'forest.php', '', 0),
(16, 120, 'forest.php', '', 0),
(2, 108, 'forest.php', '', 0),
(2, 109, 'forest.php', '', 0),
(3, 109, 'forest.php', '', 0),
(4, 109, 'forest.php', '', 0),
(6, 109, 'forest.php', '', 0),
(6, 110, 'forest.php', '', 0),
(5, 110, 'forest.php', '', 0),
(4, 110, 'forest.php', '', 0),
(3, 111, 'forest.php', '', 0),
(2, 111, 'forest.php', '', 0),
(1, 110, 'forest.php', '', 0),
(1, 109, 'forest.php', '', 0),
(0, 111, 'forest.php', '', 0),
(0, 112, 'forest.php', '', 0),
(0, 113, 'forest.php', '', 0),
(1, 113, 'forest.php', '', 0),
(2, 112, 'forest.php', '', 0),
(1, 114, 'forest.php', '', 0),
(0, 114, 'forest.php', '', 0),
(0, 115, 'forest.php', '', 0),
(1, 115, 'forest.php', '', 0),
(2, 115, 'forest.php', '', 0),
(3, 114, 'forest.php', '', 0),
(5, 113, 'forest.php', '', 0),
(5, 114, 'forest.php', '', 0),
(6, 113, 'forest.php', '', 0),
(7, 112, 'forest.php', '', 0),
(7, 111, 'forest.php', '', 0),
(4, 116, 'forest.php', '', 0),
(3, 116, 'forest.php', '', 0),
(3, 117, 'forest.php', '', 0),
(3, 118, 'forest.php', '', 0),
(2, 118, 'forest.php', '', 0),
(2, 117, 'forest.php', '', 0),
(2, 119, 'forest.php', '', 0),
(1, 121, 'forest.php', '', 0),
(0, 121, 'forest.php', '', 0),
(1, 119, 'forest.php', '', 0),
(0, 118, 'forest.php', '', 0),
(0, 117, 'forest.php', '', 0),
(1, 116, 'forest.php', '', 0),
(20, 109, 'forest.php', '', 0),
(20, 110, 'forest.php', '', 0),
(22, 111, 'forest.php', '', 0),
(23, 115, 'forest.php', '', 0),
(24, 116, 'forest.php', '', 0),
(25, 117, 'forest.php', '', 0),
(29, 114, 'forest.php', '', 0),
(29, 115, 'forest.php', '', 0),
(28, 115, 'forest.php', '', 0),
(29, 116, 'forest.php', '', 0),
(28, 116, 'forest.php', '', 0),
(29, 117, 'forest.php', '', 0),
(29, 118, 'forest.php', '', 0),
(28, 117, 'forest.php', '', 0),
(28, 118, 'forest.php', '', 0),
(30, 120, 'forest.php', '', 0),
(30, 121, 'forest.php', '', 0),
(31, 121, 'forest.php', '', 0),
(29, 122, 'forest.php', '', 0),
(29, 123, 'forest.php', '', 0),
(28, 123, 'forest.php', '', 0),
(28, 122, 'forest.php', '', 0),
(29, 120, 'forest.php', '', 0),
(29, 121, 'forest.php', '', 0),
(28, 121, 'forest.php', '', 0),
(27, 120, 'forest.php', '', 0),
(26, 120, 'forest.php', '', 0),
(26, 121, 'forest.php', '', 0),
(17, 121, 'forest.php', '', 0),
(5, 107, 'forest.php', '', 0),
(13, 124, 'forest.php', '', 0),
(12, 124, 'forest.php', '', 0),
(11, 124, 'forest.php', '', 0),
(10, 124, 'forest.php', '', 0),
(11, 123, 'forest.php', '', 0),
(12, 123, 'forest.php', '', 0),
(13, 123, 'forest.php', '', 0),
(12, 122, 'forest.php', '', 0),
(13, 122, 'forest.php', '', 0),
(14, 122, 'forest.php', '', 0),
(14, 121, 'forest.php', '', 0),
(13, 121, 'forest.php', '', 0),
(10, 125, 'forest.php', '', 0),
(9, 125, 'forest.php', '', 0),
(9, 126, 'forest.php', '', 0),
(7, 124, 'forest.php', '', 0),
(7, 123, 'forest.php', '', 0),
(5, 127, 'forest.php', '', 0),
(6, 128, 'forest.php', '', 0),
(7, 128, 'forest.php', '', 0),
(8, 130, 'forest.php', '', 0),
(8, 131, 'forest.php', '', 0),
(8, 132, 'forest.php', '', 0),
(9, 132, 'forest.php', '', 0),
(11, 133, 'forest.php', '', 0),
(10, 133, 'forest.php', '', 0),
(9, 133, 'forest.php', '', 0),
(9, 134, 'forest.php', '', 0),
(10, 134, 'forest.php', '', 0),
(3, 131, 'forest.php', '', 0),
(2, 133, 'forest.php', '', 0),
(1, 133, 'forest.php', '', 0),
(2, 134, 'forest.php', '', 0),
(2, 135, 'forest.php', '', 0),
(3, 136, 'forest.php', '', 0),
(1, 136, 'forest.php', '', 0),
(1, 137, 'forest.php', '', 0),
(1, 138, 'forest.php', '', 0),
(3, 137, 'forest.php', '', 0),
(3, 138, 'forest.php', '', 0),
(0, 139, 'forest.php', '', 0),
(4, 139, 'forest.php', '', 0),
(4, 140, 'forest.php', '', 0),
(6, 137, 'forest.php', '', 0),
(6, 138, 'forest.php', '', 0),
(7, 138, 'forest.php', '', 0),
(8, 137, 'forest.php', '', 0),
(9, 137, 'forest.php', '', 0),
(10, 137, 'forest.php', '', 0),
(10, 138, 'forest.php', '', 0),
(9, 138, 'forest.php', '', 0),
(8, 138, 'forest.php', '', 0),
(8, 139, 'forest.php', '', 0),
(7, 139, 'forest.php', '', 0),
(7, 140, 'forest.php', '', 0),
(8, 140, 'forest.php', '', 0),
(9, 139, 'forest.php', '', 0),
(10, 139, 'forest.php', '', 0),
(11, 139, 'forest.php', '', 0),
(11, 138, 'forest.php', '', 0),
(11, 137, 'forest.php', '', 0),
(12, 137, 'forest.php', '', 0),
(12, 136, 'forest.php', '', 0),
(13, 136, 'forest.php', '', 0),
(11, 136, 'forest.php', '', 0),
(16, 137, 'forest.php', '', 0),
(16, 138, 'forest.php', '', 0),
(18, 137, 'forest.php', '', 0),
(19, 137, 'forest.php', '', 0),
(18, 138, 'forest.php', '', 0),
(15, 139, 'forest.php', '', 0),
(15, 141, 'forest.php', '', 0),
(16, 141, 'forest.php', '', 0),
(17, 141, 'forest.php', '', 0),
(17, 140, 'forest.php', '', 0),
(16, 140, 'forest.php', '', 0),
(21, 139, 'forest.php', '', 0),
(22, 139, 'forest.php', '', 0),
(22, 138, 'forest.php', '', 0),
(21, 138, 'forest.php', '', 0),
(19, 141, 'forest.php', '', 0),
(16, 142, 'forest.php', '', 0),
(15, 142, 'forest.php', '', 0),
(22, 135, 'forest.php', '', 0),
(21, 135, 'forest.php', '', 0),
(20, 135, 'forest.php', '', 0),
(20, 134, 'forest.php', '', 0),
(25, 130, 'forest.php', '', 0),
(25, 131, 'forest.php', '', 0),
(26, 130, 'forest.php', '', 0),
(26, 129, 'forest.php', '', 0),
(26, 128, 'forest.php', '', 0),
(26, 127, 'forest.php', '', 0),
(25, 127, 'forest.php', '', 0),
(24, 127, 'forest.php', '', 0),
(24, 128, 'forest.php', '', 0),
(24, 129, 'forest.php', '', 0),
(23, 127, 'forest.php', '', 0),
(23, 126, 'forest.php', '', 0),
(22, 125, 'forest.php', '', 0),
(22, 126, 'forest.php', '', 0),
(23, 125, 'forest.php', '', 0),
(24, 124, 'forest.php', '', 0),
(25, 123, 'forest.php', '', 0),
(28, 124, 'forest.php', '', 0),
(28, 125, 'forest.php', '', 0),
(28, 126, 'forest.php', '', 0),
(30, 125, 'forest.php', '', 0),
(30, 124, 'forest.php', '', 0),
(31, 124, 'forest.php', '', 0),
(31, 125, 'forest.php', '', 0),
(26, 131, 'forest.php', '', 0),
(26, 132, 'forest.php', '', 0),
(25, 132, 'forest.php', '', 0),
(25, 133, 'forest.php', '', 0),
(26, 133, 'forest.php', '', 0),
(27, 132, 'forest.php', '', 0),
(27, 133, 'forest.php', '', 0),
(27, 134, 'forest.php', '', 0),
(27, 135, 'forest.php', '', 0),
(26, 136, 'forest.php', '', 0),
(26, 135, 'forest.php', '', 0),
(26, 134, 'forest.php', '', 0),
(25, 134, 'forest.php', '', 0),
(25, 135, 'forest.php', '', 0),
(25, 136, 'forest.php', '', 0),
(24, 136, 'forest.php', '', 0),
(24, 135, 'forest.php', '', 0),
(23, 131, 'forest.php', '', 0),
(22, 132, 'forest.php', '', 0),
(21, 134, 'forest.php', '', 0),
(2, 143, 'forest.php', '', 0),
(4, 143, 'forest.php', '', 0),
(7, 143, 'forest.php', '', 0),
(7, 142, 'forest.php', '', 0),
(8, 142, 'forest.php', '', 0),
(9, 142, 'forest.php', '', 0),
(10, 142, 'forest.php', '', 0),
(10, 143, 'forest.php', '', 0),
(9, 143, 'forest.php', '', 0),
(8, 143, 'forest.php', '', 0),
(11, 143, 'forest.php', '', 0),
(12, 143, 'forest.php', '', 0),
(1, 125, 'forest.php', '', 0),
(5, 126, 'forest.php', '', 0),
(0, 116, 'field.php', '', 0),
(25, 128, 'desert.php', '', 0),
(25, 129, 'desert.php', '', 0),
(24, 130, 'desert.php', '', 0),
(23, 133, 'desert.php', '', 0),
(23, 134, 'desert.php', '', 0),
(21, 136, 'desert.php', '', 0),
(22, 136, 'desert.php', '', 0),
(18, 140, 'desert.php', '', 0),
(14, 143, 'desert.php', '', 0),
(15, 143, 'desert.php', '', 0),
(29, 124, 'desert.php', '', 0),
(20, 132, 'snow.php', '', 0),
(28, 112, 'desert.php', '', 0),
(29, 111, 'desert.php', '', 0),
(27, 111, 'desert.php', '', 0),
(21, 102, 'desert.php', '', 0),
(21, 103, 'desert.php', '', 0),
(29, 103, 'desert.php', '', 0),
(30, 103, 'desert.php', '', 0),
(29, 104, 'desert.php', '', 0),
(29, 105, 'desert.php', '', 0),
(28, 105, 'desert.php', '', 0),
(29, 106, 'desert.php', '', 0),
(28, 107, 'desert.php', '', 0),
(28, 108, 'desert.php', '', 0),
(27, 108, 'desert.php', '', 0),
(29, 108, 'desert.php', '', 0),
(34, 100, 'desert.php', '', 0),
(34, 99, 'desert.php', '', 0),
(36, 98, 'desert.php', '', 0),
(39, 97, 'desert.php', '', 0),
(10, 107, 'desert.php', '', 0),
(9, 107, 'desert.php', '', 0),
(5, 106, 'desert.php', '', 0),
(4, 104, 'desert.php', '', 0),
(20, 96, 'mountain.php', '', 0),
(35, 100, 'desert.php', '', 0),
(39, 95, 'desert.php', '', 0),
(38, 98, 'desert.php', '', 0),
(30, 106, 'desert.php', '', 0),
(1, 95, 'desert.php', '', 0),
(2, 95, 'desert.php', '', 0),
(4, 91, 'desert.php', '', 0),
(6, 89, 'desert.php', '', 0),
(7, 89, 'desert.php', '', 0),
(6, 88, 'desert.php', '', 0),
(6, 86, 'desert.php', '', 0),
(6, 85, 'desert.php', '', 0),
(5, 87, 'desert.php', '', 0),
(23, 89, 'forest.php', '', 0),
(23, 91, 'forest.php', '', 0),
(24, 91, 'forest.php', '', 0),
(29, 92, 'forest.php', '', 0),
(15, 78, 'forest.php', '', 0),
(8, 83, 'desert.php', '', 0),
(19, 74, 'desert.php', '', 0),
(19, 73, 'desert.php', '', 0),
(9, 69, 'desert.php', '', 0),
(8, 69, 'desert.php', '', 0),
(15, 71, 'desert.php', '', 0),
(15, 72, 'desert.php', '', 0),
(14, 70, 'desert.php', '', 0),
(15, 69, 'desert.php', '', 0),
(8, 73, 'desert.php', '', 0),
(16, 73, 'desert.php', '', 0),
(8, 65, 'forest.php', '', 0),
(21, 65, 'forest.php', '', 0),
(21, 66, 'forest.php', '', 0),
(23, 67, 'forest.php', '', 0),
(24, 67, 'forest.php', '', 0),
(24, 68, 'forest.php', '', 0),
(23, 68, 'forest.php', '', 0),
(23, 69, 'forest.php', '', 0),
(24, 69, 'forest.php', '', 0),
(24, 70, 'forest.php', '', 0),
(24, 71, 'forest.php', '', 0),
(24, 72, 'forest.php', '', 0),
(23, 71, 'forest.php', '', 0),
(25, 71, 'forest.php', '', 0),
(26, 65, 'forest.php', '', 0),
(26, 66, 'forest.php', '', 0),
(27, 65, 'forest.php', '', 0),
(27, 66, 'forest.php', '', 0),
(28, 65, 'forest.php', '', 0),
(28, 66, 'forest.php', '', 0),
(30, 68, 'forest.php', '', 0),
(30, 69, 'forest.php', '', 0),
(23, 74, 'forest.php', '', 0),
(20, 73, 'forest.php', '', 0),
(20, 74, 'forest.php', '', 0),
(29, 77, 'forest.php', '', 0),
(30, 77, 'forest.php', '', 0),
(30, 78, 'forest.php', '', 0),
(29, 78, 'forest.php', '', 0),
(32, 81, 'forest.php', '', 0),
(33, 81, 'forest.php', '', 0),
(33, 82, 'forest.php', '', 0),
(29, 83, 'forest.php', '', 0),
(29, 85, 'forest.php', '', 0),
(33, 86, 'forest.php', '', 0),
(34, 86, 'forest.php', '', 0),
(35, 86, 'forest.php', '', 0),
(40, 88, 'forest.php', '', 0),
(40, 89, 'forest.php', '', 0),
(41, 89, 'forest.php', '', 0),
(41, 88, 'forest.php', '', 0),
(40, 93, 'forest.php', '', 0),
(42, 93, 'forest.php', '', 0),
(42, 92, 'forest.php', '', 0),
(42, 94, 'forest.php', '', 0),
(42, 95, 'forest.php', '', 0),
(44, 95, 'forest.php', '', 0),
(44, 94, 'forest.php', '', 0),
(44, 91, 'forest.php', '', 0),
(38, 102, 'forest.php', '', 0),
(39, 102, 'forest.php', '', 0),
(39, 103, 'forest.php', '', 0),
(38, 103, 'forest.php', '', 0),
(38, 104, 'forest.php', '', 0),
(40, 103, 'forest.php', '', 0),
(40, 104, 'forest.php', '', 0),
(34, 107, 'forest.php', '', 0),
(33, 107, 'forest.php', '', 0),
(33, 108, 'forest.php', '', 0),
(34, 108, 'forest.php', '', 0),
(36, 107, 'forest.php', '', 0),
(36, 108, 'forest.php', '', 0),
(37, 108, 'forest.php', '', 0),
(37, 110, 'forest.php', '', 0),
(36, 110, 'forest.php', '', 0),
(35, 109, 'forest.php', '', 0),
(38, 110, 'forest.php', '', 0),
(43, 106, 'forest.php', '', 0),
(43, 107, 'forest.php', '', 0),
(44, 107, 'forest.php', '', 0),
(43, 108, 'forest.php', '', 0),
(31, 115, 'forest.php', '', 0),
(30, 115, 'forest.php', '', 0),
(31, 116, 'forest.php', '', 0),
(32, 116, 'forest.php', '', 0),
(35, 121, 'forest.php', '', 0),
(36, 121, 'forest.php', '', 0),
(36, 122, 'forest.php', '', 0),
(37, 123, 'forest.php', '', 0),
(36, 123, 'forest.php', '', 0),
(34, 124, 'forest.php', '', 0),
(34, 125, 'forest.php', '', 0),
(35, 127, 'forest.php', '', 0),
(32, 130, 'forest.php', '', 0),
(31, 130, 'forest.php', '', 0),
(31, 129, 'forest.php', '', 0),
(37, 128, 'forest.php', '', 0),
(38, 128, 'forest.php', '', 0),
(38, 129, 'forest.php', '', 0),
(37, 135, 'forest.php', '', 0),
(37, 136, 'forest.php', '', 0),
(36, 138, 'forest.php', '', 0),
(35, 138, 'forest.php', '', 0),
(35, 139, 'forest.php', '', 0),
(34, 139, 'forest.php', '', 0),
(34, 138, 'forest.php', '', 0),
(32, 138, 'forest.php', '', 0),
(32, 139, 'forest.php', '', 0),
(31, 138, 'forest.php', '', 0),
(30, 137, 'forest.php', '', 0),
(29, 137, 'forest.php', '', 0),
(29, 139, 'forest.php', '', 0),
(29, 140, 'forest.php', '', 0),
(30, 140, 'forest.php', '', 0),
(30, 139, 'forest.php', '', 0),
(31, 140, 'forest.php', '', 0),
(34, 141, 'forest.php', '', 0),
(34, 142, 'forest.php', '', 0),
(25, 142, 'forest.php', '', 0),
(25, 143, 'forest.php', '', 0),
(26, 140, 'forest.php', '', 0),
(26, 139, 'forest.php', '', 0),
(45, 91, 'forest.php', '', 0),
(46, 91, 'forest.php', '', 0),
(46, 92, 'forest.php', '', 0),
(46, 93, 'forest.php', '', 0),
(45, 93, 'forest.php', '', 0),
(46, 94, 'forest.php', '', 0),
(47, 95, 'forest.php', '', 0),
(48, 95, 'forest.php', '', 0),
(48, 96, 'forest.php', '', 0),
(47, 96, 'forest.php', '', 0),
(49, 97, 'forest.php', '', 0),
(49, 96, 'forest.php', '', 0),
(49, 95, 'forest.php', '', 0),
(49, 94, 'forest.php', '', 0),
(48, 94, 'forest.php', '', 0),
(49, 92, 'forest.php', '', 0),
(50, 91, 'forest.php', '', 0),
(50, 92, 'forest.php', '', 0),
(51, 92, 'forest.php', '', 0),
(50, 93, 'forest.php', '', 0),
(51, 93, 'forest.php', '', 0),
(50, 94, 'forest.php', '', 0),
(51, 94, 'forest.php', '', 0),
(51, 95, 'forest.php', '', 0),
(50, 95, 'forest.php', '', 0),
(50, 96, 'forest.php', '', 0),
(51, 96, 'forest.php', '', 0),
(50, 97, 'forest.php', '', 0),
(51, 97, 'forest.php', '', 0),
(52, 97, 'forest.php', '', 0),
(52, 98, 'forest.php', '', 0),
(52, 99, 'forest.php', '', 0),
(52, 100, 'forest.php', '', 0),
(50, 100, 'forest.php', '', 0),
(50, 99, 'forest.php', '', 0),
(49, 99, 'forest.php', '', 0),
(49, 100, 'forest.php', '', 0),
(50, 102, 'forest.php', '', 0),
(50, 101, 'forest.php', '', 0),
(52, 102, 'forest.php', '', 0),
(54, 102, 'forest.php', '', 0),
(55, 103, 'forest.php', '', 0),
(49, 105, 'forest.php', '', 0),
(49, 106, 'forest.php', '', 0),
(53, 99, 'forest.php', '', 0),
(53, 98, 'forest.php', '', 0),
(54, 97, 'forest.php', '', 0),
(53, 97, 'forest.php', '', 0),
(52, 96, 'forest.php', '', 0),
(53, 96, 'forest.php', '', 0),
(54, 96, 'forest.php', '', 0),
(54, 95, 'forest.php', '', 0),
(53, 95, 'forest.php', '', 0),
(53, 94, 'forest.php', '', 0),
(54, 94, 'forest.php', '', 0),
(54, 93, 'forest.php', '', 0),
(53, 93, 'forest.php', '', 0),
(52, 93, 'forest.php', '', 0),
(52, 94, 'forest.php', '', 0),
(52, 95, 'forest.php', '', 0),
(55, 94, 'forest.php', '', 0),
(53, 91, 'forest.php', '', 0),
(53, 90, 'forest.php', '', 0),
(52, 90, 'forest.php', '', 0),
(59, 96, 'forest.php', '', 0),
(59, 95, 'forest.php', '', 0),
(58, 95, 'forest.php', '', 0),
(16, 57, 'field.php', '', 0),
(10, 57, 'field.php', '', 0),
(9, 57, 'forest.php', '', 0),
(11, 58, 'forest.php', '', 0),
(20, 59, 'forest.php', '', 0),
(20, 60, 'forest.php', '', 0),
(0, 57, 'field.php', '', 0),
(1, 57, 'field.php', '', 0),
(0, 58, 'field.php', '', 0),
(1, 58, 'field.php', '', 0),
(2, 58, 'field.php', '', 0),
(1, 59, 'field.php', '', 0),
(2, 59, 'field.php', '', 0),
(3, 59, 'field.php', '', 0),
(4, 59, 'field.php', '', 0),
(6, 58, 'field.php', '', 0),
(9, 58, 'field.php', '', 0),
(10, 59, 'field.php', '', 0),
(10, 60, 'field.php', '', 0),
(13, 60, 'field.php', '', 0),
(18, 59, 'field.php', '', 0),
(19, 59, 'field.php', '', 0),
(21, 59, 'field.php', '', 0),
(23, 57, 'field.php', '', 0),
(23, 58, 'field.php', '', 0),
(23, 59, 'field.php', '', 0),
(24, 59, 'field.php', '', 0),
(24, 58, 'field.php', '', 0),
(24, 57, 'field.php', '', 0),
(25, 57, 'field.php', '', 0),
(25, 58, 'field.php', '', 0),
(25, 59, 'field.php', '', 0),
(26, 59, 'field.php', '', 0),
(26, 58, 'field.php', '', 0),
(26, 57, 'field.php', '', 0),
(27, 57, 'field.php', '', 0),
(27, 58, 'field.php', '', 0),
(27, 59, 'field.php', '', 0),
(27, 60, 'field.php', '', 0),
(27, 61, 'field.php', '', 0),
(26, 61, 'field.php', '', 0),
(25, 61, 'field.php', '', 0),
(24, 61, 'field.php', '', 0),
(24, 60, 'field.php', '', 0),
(25, 60, 'field.php', '', 0),
(22, 61, 'field.php', '', 0),
(21, 61, 'field.php', '', 0),
(19, 61, 'field.php', '', 0),
(19, 60, 'field.php', '', 0),
(18, 62, 'field.php', '', 0),
(17, 62, 'field.php', '', 0),
(16, 62, 'field.php', '', 0),
(15, 63, 'field.php', '', 0),
(14, 63, 'field.php', '', 0),
(13, 62, 'field.php', '', 0),
(10, 62, 'field.php', '', 0),
(5, 62, 'field.php', '', 0),
(5, 61, 'field.php', '', 0),
(7, 63, 'field.php', '', 0),
(7, 64, 'field.php', '', 0),
(7, 65, 'field.php', '', 0),
(6, 65, 'field.php', '', 0),
(6, 64, 'field.php', '', 0),
(5, 63, 'field.php', '', 0),
(5, 64, 'field.php', '', 0),
(5, 65, 'field.php', '', 0),
(4, 65, 'field.php', '', 0),
(4, 64, 'field.php', '', 0),
(4, 63, 'field.php', '', 0),
(3, 63, 'field.php', '', 0),
(3, 62, 'field.php', '', 0),
(3, 61, 'field.php', '', 0),
(3, 60, 'field.php', '', 0),
(2, 60, 'field.php', '', 0),
(1, 60, 'field.php', '', 0),
(1, 61, 'field.php', '', 0),
(0, 61, 'field.php', '', 0),
(0, 62, 'field.php', '', 0),
(1, 62, 'field.php', '', 0),
(2, 61, 'field.php', '', 0),
(2, 62, 'field.php', '', 0),
(2, 63, 'field.php', '', 0),
(1, 63, 'field.php', '', 0),
(0, 63, 'field.php', '', 0),
(0, 64, 'field.php', '', 0),
(1, 64, 'field.php', '', 0),
(2, 64, 'field.php', '', 0),
(3, 64, 'field.php', '', 0),
(3, 65, 'field.php', '', 0),
(2, 65, 'field.php', '', 0),
(1, 65, 'field.php', '', 0),
(0, 65, 'field.php', '', 0),
(0, 66, 'field.php', '', 0),
(1, 66, 'field.php', '', 0),
(2, 66, 'field.php', '', 0),
(3, 66, 'field.php', '', 0),
(4, 66, 'field.php', '', 0),
(5, 66, 'field.php', '', 0),
(6, 66, 'field.php', '', 0),
(6, 67, 'field.php', '', 0),
(6, 68, 'field.php', '', 0),
(5, 68, 'field.php', '', 0),
(5, 67, 'field.php', '', 0),
(4, 67, 'field.php', '', 0),
(4, 68, 'field.php', '', 0),
(3, 68, 'field.php', '', 0),
(3, 67, 'field.php', '', 0),
(2, 67, 'field.php', '', 0),
(2, 68, 'field.php', '', 0),
(1, 68, 'field.php', '', 0),
(1, 67, 'field.php', '', 0),
(0, 67, 'field.php', '', 0),
(0, 68, 'field.php', '', 0),
(1, 69, 'field.php', '', 0),
(2, 69, 'field.php', '', 0),
(3, 69, 'field.php', '', 0),
(4, 69, 'field.php', '', 0),
(5, 69, 'field.php', '', 0),
(5, 70, 'field.php', '', 0),
(4, 70, 'field.php', '', 0),
(3, 70, 'field.php', '', 0),
(2, 70, 'field.php', '', 0),
(1, 70, 'field.php', '', 0),
(0, 71, 'field.php', '', 0),
(1, 71, 'field.php', '', 0),
(2, 71, 'field.php', '', 0),
(3, 71, 'field.php', '', 0),
(4, 71, 'field.php', '', 0),
(5, 71, 'field.php', '', 0),
(6, 71, 'field.php', '', 0),
(7, 72, 'field.php', '', 0),
(7, 73, 'field.php', '', 0),
(7, 74, 'field.php', '', 0),
(6, 74, 'field.php', '', 0),
(6, 73, 'field.php', '', 0),
(6, 72, 'field.php', '', 0),
(5, 72, 'field.php', '', 0),
(5, 73, 'field.php', '', 0),
(5, 74, 'field.php', '', 0),
(5, 75, 'field.php', '', 0),
(6, 75, 'field.php', '', 0),
(8, 75, 'field.php', '', 0),
(8, 76, 'field.php', '', 0),
(4, 72, 'field.php', '', 0),
(3, 72, 'field.php', '', 0),
(2, 72, 'field.php', '', 0),
(0, 72, 'field.php', '', 0),
(0, 74, 'field.php', '', 0),
(0, 75, 'field.php', '', 0),
(0, 76, 'field.php', '', 0),
(0, 77, 'field.php', '', 0),
(0, 79, 'field.php', '', 0),
(2, 78, 'field.php', '', 0),
(3, 77, 'field.php', '', 0),
(3, 76, 'field.php', '', 0),
(4, 76, 'field.php', '', 0),
(4, 75, 'field.php', '', 0),
(3, 75, 'field.php', '', 0),
(2, 74, 'field.php', '', 0),
(3, 74, 'field.php', '', 0),
(4, 74, 'field.php', '', 0),
(4, 73, 'field.php', '', 0),
(3, 73, 'field.php', '', 0),
(6, 79, 'field.php', '', 0),
(5, 79, 'field.php', '', 0),
(5, 78, 'field.php', '', 0),
(5, 80, 'field.php', '', 0),
(4, 80, 'field.php', '', 0),
(4, 81, 'field.php', '', 0),
(3, 81, 'field.php', '', 0),
(3, 82, 'field.php', '', 0),
(4, 82, 'field.php', '', 0),
(4, 83, 'field.php', '', 0),
(3, 83, 'field.php', '', 0),
(1, 83, 'field.php', '', 0),
(1, 82, 'field.php', '', 0),
(0, 82, 'field.php', '', 0),
(0, 81, 'field.php', '', 0),
(0, 83, 'field.php', '', 0),
(0, 84, 'field.php', '', 0),
(0, 85, 'field.php', '', 0),
(1, 85, 'field.php', '', 0),
(1, 84, 'field.php', '', 0),
(2, 84, 'field.php', '', 0),
(2, 85, 'field.php', '', 0),
(3, 85, 'field.php', '', 0),
(3, 84, 'field.php', '', 0),
(4, 84, 'field.php', '', 0),
(4, 85, 'field.php', '', 0),
(5, 85, 'field.php', '', 0),
(5, 86, 'field.php', '', 0),
(4, 86, 'field.php', '', 0),
(3, 86, 'field.php', '', 0),
(2, 86, 'field.php', '', 0),
(2, 87, 'field.php', '', 0),
(3, 87, 'field.php', '', 0),
(4, 87, 'field.php', '', 0),
(4, 88, 'field.php', '', 0),
(3, 88, 'field.php', '', 0),
(2, 88, 'field.php', '', 0),
(1, 89, 'field.php', '', 0),
(0, 89, 'field.php', '', 0),
(0, 90, 'field.php', '', 0),
(1, 90, 'field.php', '', 0),
(0, 104, 'field.php', '', 0),
(1, 104, 'field.php', '', 0),
(2, 107, 'field.php', '', 0),
(1, 108, 'field.php', '', 0),
(0, 108, 'field.php', '', 0),
(3, 110, 'field.php', '', 0),
(2, 110, 'field.php', '', 0),
(1, 111, 'field.php', '', 0),
(1, 112, 'field.php', '', 0),
(0, 110, 'field.php', '', 0),
(0, 109, 'field.php', '', 0),
(16, 143, 'field.php', '', 0),
(17, 143, 'field.php', '', 0),
(17, 142, 'field.php', '', 0),
(18, 141, 'field.php', '', 0),
(19, 140, 'field.php', '', 0),
(20, 140, 'field.php', '', 0),
(21, 140, 'field.php', '', 0),
(20, 139, 'field.php', '', 0),
(22, 140, 'field.php', '', 0),
(22, 141, 'field.php', '', 0),
(21, 141, 'field.php', '', 0),
(20, 141, 'field.php', '', 0),
(20, 142, 'field.php', '', 0),
(19, 142, 'field.php', '', 0),
(18, 142, 'field.php', '', 0),
(18, 143, 'field.php', '', 0),
(19, 143, 'field.php', '', 0),
(20, 143, 'field.php', '', 0),
(21, 143, 'field.php', '', 0),
(21, 142, 'field.php', '', 0),
(22, 142, 'field.php', '', 0),
(22, 143, 'field.php', '', 0),
(23, 143, 'field.php', '', 0),
(24, 143, 'field.php', '', 0),
(24, 142, 'field.php', '', 0),
(23, 142, 'field.php', '', 0),
(23, 141, 'field.php', '', 0),
(24, 141, 'field.php', '', 0),
(25, 141, 'field.php', '', 0),
(26, 141, 'field.php', '', 0),
(27, 141, 'field.php', '', 0),
(28, 141, 'field.php', '', 0),
(29, 141, 'field.php', '', 0),
(30, 141, 'field.php', '', 0),
(31, 141, 'field.php', '', 0),
(32, 141, 'field.php', '', 0),
(33, 141, 'field.php', '', 0),
(33, 143, 'field.php', '', 0),
(33, 142, 'field.php', '', 0),
(32, 142, 'field.php', '', 0),
(32, 143, 'field.php', '', 0),
(31, 143, 'field.php', '', 0),
(31, 142, 'field.php', '', 0),
(30, 142, 'field.php', '', 0),
(30, 143, 'field.php', '', 0),
(29, 143, 'field.php', '', 0),
(29, 142, 'field.php', '', 0),
(28, 142, 'field.php', '', 0),
(28, 143, 'field.php', '', 0),
(27, 143, 'field.php', '', 0),
(27, 142, 'field.php', '', 0),
(26, 142, 'field.php', '', 0),
(26, 143, 'field.php', '', 0),
(27, 140, 'field.php', '', 0),
(28, 140, 'field.php', '', 0),
(28, 139, 'field.php', '', 0),
(27, 139, 'field.php', '', 0),
(25, 139, 'field.php', '', 0),
(25, 140, 'field.php', '', 0),
(24, 140, 'field.php', '', 0),
(24, 139, 'field.php', '', 0),
(23, 139, 'field.php', '', 0),
(23, 140, 'field.php', '', 0),
(23, 138, 'field.php', '', 0),
(24, 137, 'field.php', '', 0),
(25, 137, 'field.php', '', 0),
(26, 137, 'field.php', '', 0),
(27, 137, 'field.php', '', 0),
(28, 137, 'field.php', '', 0),
(27, 136, 'field.php', '', 0),
(28, 136, 'field.php', '', 0),
(29, 136, 'field.php', '', 0),
(30, 136, 'field.php', '', 0),
(31, 136, 'field.php', '', 0),
(32, 136, 'field.php', '', 0),
(33, 136, 'field.php', '', 0),
(34, 136, 'field.php', '', 0),
(35, 136, 'field.php', '', 0),
(36, 136, 'field.php', '', 0),
(36, 137, 'field.php', '', 0),
(35, 137, 'field.php', '', 0),
(34, 137, 'field.php', '', 0),
(33, 137, 'field.php', '', 0),
(32, 137, 'field.php', '', 0),
(31, 137, 'field.php', '', 0),
(33, 138, 'field.php', '', 0),
(33, 139, 'field.php', '', 0),
(37, 138, 'field.php', '', 0),
(38, 137, 'field.php', '', 0),
(37, 137, 'field.php', '', 0),
(38, 136, 'field.php', '', 0),
(38, 135, 'field.php', '', 0),
(38, 134, 'field.php', '', 0),
(39, 133, 'field.php', '', 0),
(38, 133, 'field.php', '', 0),
(37, 133, 'field.php', '', 0),
(37, 134, 'field.php', '', 0),
(36, 134, 'field.php', '', 0),
(36, 133, 'field.php', '', 0),
(36, 135, 'field.php', '', 0),
(35, 133, 'field.php', '', 0),
(35, 134, 'field.php', '', 0),
(35, 135, 'field.php', '', 0),
(34, 135, 'field.php', '', 0),
(34, 134, 'field.php', '', 0),
(34, 133, 'field.php', '', 0),
(33, 133, 'field.php', '', 0),
(33, 134, 'field.php', '', 0),
(33, 135, 'field.php', '', 0),
(32, 135, 'field.php', '', 0),
(32, 134, 'field.php', '', 0),
(32, 133, 'field.php', '', 0),
(31, 133, 'field.php', '', 0),
(31, 134, 'field.php', '', 0),
(31, 135, 'field.php', '', 0),
(30, 135, 'field.php', '', 0),
(30, 134, 'field.php', '', 0),
(30, 133, 'field.php', '', 0),
(29, 133, 'field.php', '', 0),
(29, 134, 'field.php', '', 0),
(29, 135, 'field.php', '', 0),
(28, 135, 'field.php', '', 0),
(28, 134, 'field.php', '', 0),
(28, 132, 'field.php', '', 0),
(28, 133, 'field.php', '', 0),
(29, 132, 'field.php', '', 0),
(30, 132, 'field.php', '', 0),
(30, 131, 'field.php', '', 0),
(29, 131, 'field.php', '', 0),
(28, 131, 'field.php', '', 0),
(27, 131, 'field.php', '', 0),
(27, 130, 'field.php', '', 0),
(28, 130, 'field.php', '', 0),
(29, 130, 'field.php', '', 0),
(30, 130, 'field.php', '', 0),
(30, 129, 'field.php', '', 0),
(29, 129, 'field.php', '', 0),
(28, 129, 'field.php', '', 0),
(27, 129, 'field.php', '', 0),
(27, 128, 'field.php', '', 0),
(30, 128, 'field.php', '', 0),
(27, 127, 'field.php', '', 0),
(28, 127, 'field.php', '', 0),
(28, 128, 'field.php', '', 0),
(29, 128, 'field.php', '', 0),
(29, 127, 'field.php', '', 0),
(29, 126, 'field.php', '', 0),
(29, 125, 'field.php', '', 0),
(30, 126, 'field.php', '', 0),
(31, 126, 'field.php', '', 0),
(31, 127, 'field.php', '', 0),
(30, 127, 'field.php', '', 0),
(31, 128, 'field.php', '', 0),
(32, 129, 'field.php', '', 0),
(33, 129, 'field.php', '', 0),
(33, 130, 'field.php', '', 0),
(33, 131, 'field.php', '', 0),
(33, 132, 'field.php', '', 0),
(32, 132, 'field.php', '', 0),
(32, 131, 'field.php', '', 0),
(31, 131, 'field.php', '', 0),
(31, 132, 'field.php', '', 0),
(39, 129, 'field.php', '', 0),
(39, 130, 'field.php', '', 0),
(39, 131, 'field.php', '', 0),
(39, 132, 'field.php', '', 0),
(38, 132, 'field.php', '', 0),
(38, 131, 'field.php', '', 0),
(38, 130, 'field.php', '', 0),
(37, 130, 'field.php', '', 0),
(37, 131, 'field.php', '', 0),
(37, 132, 'field.php', '', 0),
(37, 129, 'field.php', '', 0),
(36, 129, 'field.php', '', 0),
(36, 130, 'field.php', '', 0),
(36, 131, 'field.php', '', 0),
(36, 132, 'field.php', '', 0),
(35, 132, 'field.php', '', 0),
(34, 132, 'field.php', '', 0),
(34, 131, 'field.php', '', 0),
(35, 131, 'field.php', '', 0),
(35, 130, 'field.php', '', 0),
(34, 130, 'field.php', '', 0),
(34, 129, 'field.php', '', 0),
(35, 129, 'field.php', '', 0),
(36, 128, 'field.php', '', 0),
(35, 128, 'field.php', '', 0),
(34, 128, 'field.php', '', 0),
(33, 128, 'field.php', '', 0),
(32, 128, 'field.php', '', 0),
(32, 127, 'field.php', '', 0),
(33, 127, 'field.php', '', 0),
(34, 127, 'field.php', '', 0),
(34, 126, 'field.php', '', 0),
(33, 126, 'field.php', '', 0),
(32, 126, 'field.php', '', 0),
(32, 125, 'field.php', '', 0),
(33, 125, 'field.php', '', 0),
(33, 124, 'field.php', '', 0),
(32, 124, 'field.php', '', 0),
(30, 123, 'field.php', '', 0),
(30, 122, 'field.php', '', 0),
(31, 122, 'field.php', '', 0),
(31, 123, 'field.php', '', 0),
(32, 122, 'field.php', '', 0),
(32, 123, 'field.php', '', 0),
(33, 122, 'field.php', '', 0),
(33, 123, 'field.php', '', 0),
(34, 122, 'field.php', '', 0),
(34, 123, 'field.php', '', 0),
(35, 122, 'field.php', '', 0),
(35, 123, 'field.php', '', 0),
(35, 124, 'field.php', '', 0),
(35, 125, 'field.php', '', 0),
(35, 126, 'field.php', '', 0),
(36, 126, 'field.php', '', 0),
(36, 125, 'field.php', '', 0),
(36, 124, 'field.php', '', 0),
(36, 127, 'field.php', '', 0),
(37, 127, 'field.php', '', 0),
(37, 125, 'field.php', '', 0),
(37, 124, 'field.php', '', 0),
(38, 123, 'field.php', '', 0),
(37, 122, 'field.php', '', 0),
(37, 121, 'field.php', '', 0),
(37, 120, 'field.php', '', 0),
(36, 120, 'field.php', '', 0),
(36, 119, 'field.php', '', 0),
(35, 119, 'field.php', '', 0),
(35, 120, 'field.php', '', 0),
(34, 120, 'field.php', '', 0),
(34, 119, 'field.php', '', 0),
(34, 121, 'field.php', '', 0),
(33, 121, 'field.php', '', 0),
(32, 121, 'field.php', '', 0),
(32, 120, 'field.php', '', 0),
(33, 120, 'field.php', '', 0),
(31, 120, 'field.php', '', 0),
(29, 119, 'field.php', '', 0),
(30, 119, 'field.php', '', 0),
(31, 119, 'field.php', '', 0),
(32, 119, 'field.php', '', 0),
(33, 119, 'field.php', '', 0),
(35, 117, 'field.php', '', 0),
(35, 118, 'field.php', '', 0),
(34, 118, 'field.php', '', 0),
(34, 117, 'field.php', '', 0),
(32, 117, 'field.php', '', 0),
(33, 117, 'field.php', '', 0),
(33, 118, 'field.php', '', 0),
(32, 118, 'field.php', '', 0),
(31, 117, 'field.php', '', 0),
(31, 118, 'field.php', '', 0),
(30, 118, 'field.php', '', 0),
(30, 117, 'field.php', '', 0),
(30, 116, 'field.php', '', 0),
(30, 114, 'field.php', '', 0),
(31, 114, 'field.php', '', 0),
(31, 109, 'field.php', '', 0),
(32, 110, 'field.php', '', 0),
(32, 109, 'field.php', '', 0),
(33, 109, 'field.php', '', 0),
(34, 109, 'field.php', '', 0),
(34, 110, 'field.php', '', 0),
(33, 110, 'field.php', '', 0),
(35, 111, 'field.php', '', 0),
(36, 111, 'field.php', '', 0),
(37, 111, 'field.php', '', 0),
(38, 111, 'field.php', '', 0),
(37, 112, 'field.php', '', 0),
(37, 113, 'field.php', '', 0),
(37, 114, 'field.php', '', 0),
(37, 115, 'field.php', '', 0),
(36, 116, 'field.php', '', 0),
(35, 116, 'field.php', '', 0),
(34, 116, 'field.php', '', 0),
(33, 116, 'field.php', '', 0),
(32, 115, 'field.php', '', 0),
(33, 115, 'field.php', '', 0),
(32, 114, 'field.php', '', 0),
(33, 114, 'field.php', '', 0),
(33, 113, 'field.php', '', 0),
(33, 112, 'field.php', '', 0),
(34, 112, 'field.php', '', 0),
(35, 112, 'field.php', '', 0),
(36, 112, 'field.php', '', 0),
(36, 113, 'field.php', '', 0),
(36, 114, 'field.php', '', 0),
(36, 115, 'field.php', '', 0),
(35, 115, 'field.php', '', 0),
(34, 115, 'field.php', '', 0),
(34, 114, 'field.php', '', 0),
(34, 113, 'field.php', '', 0),
(35, 113, 'field.php', '', 0),
(35, 114, 'field.php', '', 0),
(34, 103, 'field.php', '', 0),
(32, 104, 'field.php', '', 0),
(32, 105, 'field.php', '', 0),
(31, 105, 'field.php', '', 0),
(31, 106, 'field.php', '', 0),
(32, 106, 'field.php', '', 0),
(32, 107, 'field.php', '', 0),
(31, 107, 'field.php', '', 0),
(31, 108, 'field.php', '', 0),
(32, 108, 'field.php', '', 0),
(33, 104, 'field.php', '', 0),
(33, 105, 'field.php', '', 0),
(33, 106, 'field.php', '', 0),
(34, 106, 'field.php', '', 0),
(34, 105, 'field.php', '', 0),
(35, 104, 'field.php', '', 0),
(35, 105, 'field.php', '', 0),
(35, 107, 'field.php', '', 0),
(34, 104, 'field.php', '', 0),
(35, 103, 'field.php', '', 0),
(35, 102, 'field.php', '', 0),
(36, 102, 'field.php', '', 0),
(37, 102, 'field.php', '', 0),
(37, 103, 'field.php', '', 0),
(36, 103, 'field.php', '', 0),
(36, 104, 'field.php', '', 0),
(37, 104, 'field.php', '', 0),
(37, 105, 'field.php', '', 0),
(36, 105, 'field.php', '', 0),
(35, 106, 'field.php', '', 0),
(36, 106, 'field.php', '', 0),
(37, 106, 'field.php', '', 0),
(38, 106, 'field.php', '', 0),
(38, 105, 'field.php', '', 0);
INSERT INTO `zzz_map` (`x`, `y`, `file_name`, `title`, `encounter`) VALUES
(39, 105, 'field.php', '', 0),
(39, 104, 'field.php', '', 0),
(40, 105, 'field.php', '', 0),
(40, 106, 'field.php', '', 0),
(37, 107, 'field.php', '', 0),
(38, 107, 'field.php', '', 0),
(39, 107, 'field.php', '', 0),
(40, 107, 'field.php', '', 0),
(39, 106, 'field.php', '', 0),
(40, 108, 'field.php', '', 0),
(39, 108, 'field.php', '', 0),
(38, 108, 'field.php', '', 0),
(39, 109, 'field.php', '', 0),
(40, 109, 'field.php', '', 0),
(40, 110, 'field.php', '', 0),
(40, 111, 'field.php', '', 0),
(42, 111, 'field.php', '', 0),
(43, 110, 'field.php', '', 0),
(42, 110, 'field.php', '', 0),
(41, 110, 'field.php', '', 0),
(41, 111, 'field.php', '', 0),
(41, 109, 'field.php', '', 0),
(42, 109, 'field.php', '', 0),
(43, 109, 'field.php', '', 0),
(42, 108, 'field.php', '', 0),
(41, 108, 'field.php', '', 0),
(41, 107, 'field.php', '', 0),
(42, 107, 'field.php', '', 0),
(42, 106, 'field.php', '', 0),
(41, 106, 'field.php', '', 0),
(41, 105, 'field.php', '', 0),
(42, 105, 'field.php', '', 0),
(42, 104, 'field.php', '', 0),
(41, 104, 'field.php', '', 0),
(43, 104, 'field.php', '', 0),
(43, 105, 'field.php', '', 0),
(44, 104, 'field.php', '', 0),
(44, 105, 'field.php', '', 0),
(45, 104, 'field.php', '', 0),
(45, 105, 'field.php', '', 0),
(44, 106, 'field.php', '', 0),
(46, 104, 'field.php', '', 0),
(47, 104, 'field.php', '', 0),
(48, 105, 'field.php', '', 0),
(48, 104, 'field.php', '', 0),
(49, 103, 'field.php', '', 0),
(48, 103, 'field.php', '', 0),
(47, 103, 'field.php', '', 0),
(46, 103, 'field.php', '', 0),
(45, 103, 'field.php', '', 0),
(44, 103, 'field.php', '', 0),
(43, 103, 'field.php', '', 0),
(42, 103, 'field.php', '', 0),
(41, 103, 'field.php', '', 0),
(41, 102, 'field.php', '', 0),
(40, 102, 'field.php', '', 0),
(40, 101, 'field.php', '', 0),
(39, 101, 'field.php', '', 0),
(38, 101, 'field.php', '', 0),
(37, 101, 'field.php', '', 0),
(36, 101, 'field.php', '', 0),
(36, 100, 'field.php', '', 0),
(37, 100, 'field.php', '', 0),
(38, 100, 'field.php', '', 0),
(38, 99, 'field.php', '', 0),
(39, 99, 'field.php', '', 0),
(39, 100, 'field.php', '', 0),
(40, 100, 'field.php', '', 0),
(40, 99, 'field.php', '', 0),
(40, 98, 'field.php', '', 0),
(41, 96, 'field.php', '', 0),
(41, 97, 'field.php', '', 0),
(41, 98, 'field.php', '', 0),
(41, 99, 'field.php', '', 0),
(41, 100, 'field.php', '', 0),
(41, 101, 'field.php', '', 0),
(42, 102, 'field.php', '', 0),
(43, 102, 'field.php', '', 0),
(44, 102, 'field.php', '', 0),
(45, 102, 'field.php', '', 0),
(46, 102, 'field.php', '', 0),
(47, 102, 'field.php', '', 0),
(48, 102, 'field.php', '', 0),
(49, 102, 'field.php', '', 0),
(49, 101, 'field.php', '', 0),
(48, 101, 'field.php', '', 0),
(48, 100, 'field.php', '', 0),
(48, 99, 'field.php', '', 0),
(47, 99, 'field.php', '', 0),
(47, 100, 'field.php', '', 0),
(47, 101, 'field.php', '', 0),
(45, 101, 'field.php', '', 0),
(46, 100, 'field.php', '', 0),
(46, 99, 'field.php', '', 0),
(45, 99, 'field.php', '', 0),
(45, 100, 'field.php', '', 0),
(44, 100, 'field.php', '', 0),
(43, 101, 'field.php', '', 0),
(42, 100, 'field.php', '', 0),
(44, 99, 'field.php', '', 0),
(42, 99, 'field.php', '', 0),
(43, 99, 'field.php', '', 0),
(43, 100, 'field.php', '', 0),
(44, 101, 'field.php', '', 0),
(46, 101, 'field.php', '', 0),
(42, 101, 'field.php', '', 0),
(42, 98, 'field.php', '', 0),
(43, 98, 'field.php', '', 0),
(52, 101, 'field.php', '', 0),
(53, 101, 'field.php', '', 0),
(53, 102, 'field.php', '', 0),
(54, 101, 'field.php', '', 0),
(54, 100, 'field.php', '', 0),
(53, 100, 'field.php', '', 0),
(55, 97, 'field.php', '', 0),
(58, 96, 'field.php', '', 0),
(57, 96, 'field.php', '', 0),
(56, 96, 'field.php', '', 0),
(55, 96, 'field.php', '', 0),
(55, 95, 'field.php', '', 0),
(56, 95, 'field.php', '', 0),
(57, 95, 'field.php', '', 0),
(56, 94, 'field.php', '', 0),
(56, 93, 'field.php', '', 0),
(55, 93, 'field.php', '', 0),
(55, 92, 'field.php', '', 0),
(54, 92, 'field.php', '', 0),
(53, 92, 'field.php', '', 0),
(52, 92, 'field.php', '', 0),
(52, 91, 'field.php', '', 0),
(51, 91, 'field.php', '', 0),
(51, 90, 'field.php', '', 0),
(50, 90, 'field.php', '', 0),
(49, 90, 'field.php', '', 0),
(49, 91, 'field.php', '', 0),
(48, 90, 'field.php', '', 0),
(48, 91, 'field.php', '', 0),
(48, 92, 'field.php', '', 0),
(48, 93, 'field.php', '', 0),
(49, 93, 'field.php', '', 0),
(47, 94, 'field.php', '', 0),
(47, 93, 'field.php', '', 0),
(47, 92, 'field.php', '', 0),
(47, 91, 'field.php', '', 0),
(46, 90, 'field.php', '', 0),
(45, 90, 'field.php', '', 0),
(44, 90, 'field.php', '', 0),
(43, 90, 'field.php', '', 0),
(42, 89, 'field.php', '', 0),
(42, 90, 'field.php', '', 0),
(42, 91, 'field.php', '', 0),
(43, 91, 'field.php', '', 0),
(43, 92, 'field.php', '', 0),
(44, 92, 'field.php', '', 0),
(45, 92, 'field.php', '', 0),
(44, 93, 'field.php', '', 0),
(43, 93, 'field.php', '', 0),
(45, 94, 'field.php', '', 0),
(45, 95, 'field.php', '', 0),
(46, 95, 'field.php', '', 0),
(46, 96, 'field.php', '', 0),
(45, 96, 'field.php', '', 0),
(44, 96, 'field.php', '', 0),
(43, 96, 'field.php', '', 0),
(43, 95, 'field.php', '', 0),
(43, 94, 'field.php', '', 0),
(44, 97, 'field.php', '', 0),
(45, 97, 'field.php', '', 0),
(46, 97, 'field.php', '', 0),
(47, 97, 'field.php', '', 0),
(48, 97, 'field.php', '', 0),
(41, 94, 'field.php', '', 0),
(41, 93, 'field.php', '', 0),
(40, 94, 'field.php', '', 0),
(39, 93, 'field.php', '', 0),
(38, 93, 'field.php', '', 0),
(37, 92, 'field.php', '', 0),
(38, 92, 'field.php', '', 0),
(39, 92, 'field.php', '', 0),
(40, 92, 'field.php', '', 0),
(41, 92, 'field.php', '', 0),
(41, 91, 'field.php', '', 0),
(41, 90, 'field.php', '', 0),
(40, 90, 'field.php', '', 0),
(40, 91, 'field.php', '', 0),
(39, 91, 'field.php', '', 0),
(39, 90, 'field.php', '', 0),
(39, 89, 'field.php', '', 0),
(39, 88, 'field.php', '', 0),
(38, 88, 'field.php', '', 0),
(38, 89, 'field.php', '', 0),
(38, 90, 'field.php', '', 0),
(38, 91, 'field.php', '', 0),
(37, 91, 'field.php', '', 0),
(37, 90, 'field.php', '', 0),
(37, 89, 'field.php', '', 0),
(37, 88, 'field.php', '', 0),
(34, 93, 'field.php', '', 0),
(33, 93, 'field.php', '', 0),
(32, 92, 'field.php', '', 0),
(33, 92, 'field.php', '', 0),
(33, 91, 'field.php', '', 0),
(34, 91, 'field.php', '', 0),
(34, 90, 'field.php', '', 0),
(35, 90, 'field.php', '', 0),
(36, 90, 'field.php', '', 0),
(33, 90, 'field.php', '', 0),
(32, 90, 'field.php', '', 0),
(32, 91, 'field.php', '', 0),
(31, 91, 'field.php', '', 0),
(31, 90, 'field.php', '', 0),
(30, 90, 'field.php', '', 0),
(30, 91, 'field.php', '', 0),
(28, 91, 'field.php', '', 0),
(28, 90, 'field.php', '', 0),
(29, 89, 'field.php', '', 0),
(30, 89, 'field.php', '', 0),
(31, 89, 'field.php', '', 0),
(32, 89, 'field.php', '', 0),
(34, 89, 'field.php', '', 0),
(35, 89, 'field.php', '', 0),
(36, 89, 'field.php', '', 0),
(36, 88, 'field.php', '', 0),
(36, 87, 'field.php', '', 0),
(35, 88, 'field.php', '', 0),
(35, 87, 'field.php', '', 0),
(34, 87, 'field.php', '', 0),
(34, 88, 'field.php', '', 0),
(33, 88, 'field.php', '', 0),
(33, 87, 'field.php', '', 0),
(32, 87, 'field.php', '', 0),
(32, 88, 'field.php', '', 0),
(31, 88, 'field.php', '', 0),
(31, 87, 'field.php', '', 0),
(30, 87, 'field.php', '', 0),
(30, 88, 'field.php', '', 0),
(29, 88, 'field.php', '', 0),
(29, 87, 'field.php', '', 0),
(29, 86, 'field.php', '', 0),
(30, 86, 'field.php', '', 0),
(31, 86, 'field.php', '', 0),
(32, 86, 'field.php', '', 0),
(34, 85, 'field.php', '', 0),
(33, 85, 'field.php', '', 0),
(32, 85, 'field.php', '', 0),
(31, 85, 'field.php', '', 0),
(30, 85, 'field.php', '', 0),
(29, 84, 'field.php', '', 0),
(28, 85, 'field.php', '', 0),
(28, 84, 'field.php', '', 0),
(28, 83, 'field.php', '', 0),
(27, 83, 'field.php', '', 0),
(26, 83, 'field.php', '', 0),
(30, 83, 'field.php', '', 0),
(30, 84, 'field.php', '', 0),
(31, 83, 'field.php', '', 0),
(31, 84, 'field.php', '', 0),
(32, 83, 'field.php', '', 0),
(32, 84, 'field.php', '', 0),
(33, 83, 'field.php', '', 0),
(34, 83, 'field.php', '', 0),
(34, 84, 'field.php', '', 0),
(35, 84, 'field.php', '', 0),
(34, 82, 'field.php', '', 0),
(34, 81, 'field.php', '', 0),
(32, 82, 'field.php', '', 0),
(31, 82, 'field.php', '', 0),
(31, 81, 'field.php', '', 0),
(31, 80, 'field.php', '', 0),
(32, 80, 'field.php', '', 0),
(33, 80, 'field.php', '', 0),
(34, 80, 'field.php', '', 0),
(35, 80, 'field.php', '', 0),
(35, 79, 'field.php', '', 0),
(35, 78, 'field.php', '', 0),
(34, 78, 'field.php', '', 0),
(34, 79, 'field.php', '', 0),
(33, 79, 'field.php', '', 0),
(33, 78, 'field.php', '', 0),
(32, 77, 'field.php', '', 0),
(32, 78, 'field.php', '', 0),
(32, 79, 'field.php', '', 0),
(31, 79, 'field.php', '', 0),
(31, 78, 'field.php', '', 0),
(31, 77, 'field.php', '', 0),
(31, 76, 'field.php', '', 0),
(32, 76, 'field.php', '', 0),
(33, 77, 'field.php', '', 0),
(31, 75, 'field.php', '', 0),
(30, 75, 'field.php', '', 0),
(30, 76, 'field.php', '', 0),
(29, 76, 'field.php', '', 0),
(29, 75, 'field.php', '', 0),
(29, 74, 'field.php', '', 0),
(28, 74, 'field.php', '', 0),
(28, 75, 'field.php', '', 0),
(28, 76, 'field.php', '', 0),
(28, 77, 'field.php', '', 0),
(28, 78, 'field.php', '', 0),
(28, 79, 'field.php', '', 0),
(29, 79, 'field.php', '', 0),
(30, 79, 'field.php', '', 0),
(30, 80, 'field.php', '', 0),
(30, 81, 'field.php', '', 0),
(30, 82, 'field.php', '', 0),
(29, 82, 'field.php', '', 0),
(29, 81, 'field.php', '', 0),
(29, 80, 'field.php', '', 0),
(28, 80, 'field.php', '', 0),
(28, 81, 'field.php', '', 0),
(28, 82, 'field.php', '', 0),
(27, 81, 'field.php', '', 0),
(27, 80, 'field.php', '', 0),
(27, 79, 'field.php', '', 0),
(20, 78, 'field.php', '', 0),
(21, 78, 'field.php', '', 0),
(22, 78, 'field.php', '', 0),
(23, 78, 'field.php', '', 0),
(24, 78, 'field.php', '', 0),
(24, 79, 'field.php', '', 0),
(25, 78, 'field.php', '', 0),
(26, 78, 'field.php', '', 0),
(27, 78, 'field.php', '', 0),
(27, 77, 'field.php', '', 0),
(26, 77, 'field.php', '', 0),
(25, 77, 'field.php', '', 0),
(24, 77, 'field.php', '', 0),
(23, 77, 'field.php', '', 0),
(20, 77, 'field.php', '', 0),
(20, 75, 'field.php', '', 0),
(21, 73, 'field.php', '', 0),
(22, 75, 'field.php', '', 0),
(22, 76, 'field.php', '', 0),
(23, 75, 'field.php', '', 0),
(23, 76, 'field.php', '', 0),
(24, 76, 'field.php', '', 0),
(24, 75, 'field.php', '', 0),
(24, 74, 'field.php', '', 0),
(25, 73, 'field.php', '', 0),
(25, 74, 'field.php', '', 0),
(25, 75, 'field.php', '', 0),
(25, 76, 'field.php', '', 0),
(26, 76, 'field.php', '', 0),
(27, 76, 'field.php', '', 0),
(27, 75, 'field.php', '', 0),
(26, 75, 'field.php', '', 0),
(26, 74, 'field.php', '', 0),
(27, 74, 'field.php', '', 0),
(26, 73, 'field.php', '', 0),
(28, 73, 'field.php', '', 0),
(29, 73, 'field.php', '', 0),
(28, 72, 'field.php', '', 0),
(27, 71, 'field.php', '', 0),
(26, 71, 'field.php', '', 0),
(19, 72, 'field.php', '', 0),
(18, 71, 'field.php', '', 0),
(19, 71, 'field.php', '', 0),
(20, 71, 'field.php', '', 0),
(20, 72, 'field.php', '', 0),
(21, 72, 'field.php', '', 0),
(21, 71, 'field.php', '', 0),
(21, 70, 'field.php', '', 0),
(21, 69, 'field.php', '', 0),
(20, 70, 'field.php', '', 0),
(18, 68, 'field.php', '', 0),
(18, 69, 'field.php', '', 0),
(18, 67, 'field.php', '', 0),
(17, 66, 'field.php', '', 0),
(19, 69, 'field.php', '', 0),
(19, 68, 'field.php', '', 0),
(22, 67, 'field.php', '', 0),
(21, 67, 'field.php', '', 0),
(20, 67, 'field.php', '', 0),
(19, 67, 'field.php', '', 0),
(18, 66, 'field.php', '', 0),
(19, 66, 'field.php', '', 0),
(20, 66, 'field.php', '', 0),
(20, 65, 'field.php', '', 0),
(19, 65, 'field.php', '', 0),
(18, 65, 'field.php', '', 0),
(17, 65, 'field.php', '', 0),
(17, 64, 'field.php', '', 0),
(18, 64, 'field.php', '', 0),
(18, 63, 'field.php', '', 0),
(19, 64, 'field.php', '', 0),
(20, 64, 'field.php', '', 0),
(21, 64, 'field.php', '', 0),
(28, 71, 'field.php', '', 0),
(30, 70, 'field.php', '', 0),
(29, 70, 'field.php', '', 0),
(28, 70, 'field.php', '', 0),
(27, 70, 'field.php', '', 0),
(26, 70, 'field.php', '', 0),
(25, 70, 'field.php', '', 0),
(25, 69, 'field.php', '', 0),
(26, 69, 'field.php', '', 0),
(27, 69, 'field.php', '', 0),
(28, 69, 'field.php', '', 0),
(29, 69, 'field.php', '', 0),
(31, 68, 'field.php', '', 0),
(31, 67, 'field.php', '', 0),
(30, 66, 'field.php', '', 0),
(30, 67, 'field.php', '', 0),
(29, 66, 'field.php', '', 0),
(29, 67, 'field.php', '', 0),
(29, 65, 'field.php', '', 0),
(29, 68, 'field.php', '', 0),
(28, 68, 'field.php', '', 0),
(28, 67, 'field.php', '', 0),
(27, 67, 'field.php', '', 0),
(27, 68, 'field.php', '', 0),
(26, 68, 'field.php', '', 0),
(26, 67, 'field.php', '', 0),
(25, 67, 'field.php', '', 0),
(25, 68, 'field.php', '', 0),
(25, 66, 'field.php', '', 0),
(24, 66, 'field.php', '', 0),
(23, 66, 'field.php', '', 0),
(22, 66, 'field.php', '', 0),
(22, 65, 'field.php', '', 0),
(23, 65, 'field.php', '', 0),
(24, 65, 'field.php', '', 0),
(25, 65, 'field.php', '', 0),
(25, 64, 'field.php', '', 0),
(24, 64, 'field.php', '', 0),
(23, 64, 'field.php', '', 0),
(22, 64, 'field.php', '', 0),
(23, 63, 'field.php', '', 0),
(24, 63, 'field.php', '', 0),
(25, 63, 'field.php', '', 0),
(25, 62, 'field.php', '', 0),
(24, 62, 'field.php', '', 0),
(23, 62, 'field.php', '', 0),
(26, 62, 'field.php', '', 0),
(27, 62, 'field.php', '', 0),
(27, 63, 'field.php', '', 0),
(26, 63, 'field.php', '', 0),
(26, 64, 'field.php', '', 0),
(27, 64, 'field.php', '', 0),
(28, 64, 'field.php', '', 0),
(23, 70, 'field.php', '', 0),
(23, 72, 'field.php', '', 0),
(1, 76, 'field.php', '', 0),
(33, 84, 'field.php', '', 0),
(42, 97, 'field.php', '', 0),
(5, 108, 'field.php', '', 0),
(1, 100, 'field.php', '', 0),
(51, 98, 'field.php', '', 0),
(23, 128, 'field.php', '', 0),
(19, 138, 'field.php', '', 0),
(20, 20, 'drunk_elves.php', '', 1);
